file_id,method,predicted_label,confidence,window_vote_ratio,normalized_entropy,probability_margin,window_probability_std,prob_N,prob_B,prob_IR,prob_OR,epsilon
A,coral,IR,0.4260244890061658,1.0,0.9060491063236125,0.1287193699398268,0.016703423221142325,0.09266648655090298,0.18400390537659214,0.4260244890061658,0.297305119066339,1e-05
B,coral,OR,0.3623221979105704,1.0,0.9661700047899565,0.08121644784350818,0.007218188499026993,0.17589622515296968,0.1806758268693977,0.28110575006706223,0.3623221979105704,1e-05
C,coral,B,0.4992967684444109,1.0,0.7989173191277409,0.25089581140106265,0.05645560407637038,0.018975698811528625,0.4992967684444109,0.24840095704334825,0.23332657570071222,1e-05
D,coral,OR,0.37981726395240756,1.0,0.9423673701159688,0.08093614647924868,0.0014445657574707843,0.2988811174731589,0.12125944979659334,0.20004216877784006,0.37981726395240756,1e-05
E,coral,B,0.692634402885685,1.0,0.6114119282346376,0.5237555776019824,0.10309207415068013,0.004274716505371565,0.692634402885685,0.16887882528370252,0.134212055325241,1e-05
F,coral,OR,0.3716123405475505,1.0,0.9494225377547952,0.08799319707233022,0.0018136156647100329,0.28361914347522027,0.12159292131747648,0.22317559465975273,0.3716123405475505,1e-05
G,coral,OR,0.3623704095640439,1.0,0.9673043962718257,0.08585017921090049,0.0043624593789952084,0.1895352655321821,0.17157409455063047,0.27652023035314344,0.3623704095640439,1e-05
H,coral,IR,0.3784903276237497,1.0,0.9356730655328298,0.05133181763086431,0.0064734698569050885,0.15205792741544805,0.14229323496791696,0.3784903276237497,0.32715850999288537,1e-05
I,coral,OR,0.32654356496941167,0.5333333333333333,0.9145155194056055,0.008756081935031468,0.014074934173975722,0.06581140876189343,0.3177874830343802,0.2898575432343147,0.32654356496941167,1e-05
J,coral,B,0.661214408308089,1.0,0.654707664914566,0.4834323712314239,0.06000829680287026,0.008398082579692236,0.661214408308089,0.15260547203555366,0.1777820370766651,1e-05
K,coral,IR,0.49293652378915065,1.0,0.8668086009580457,0.22336027339599596,0.017264866989755975,0.09116795171980906,0.14631927409788564,0.49293652378915065,0.2695762503931547,1e-05
L,coral,OR,0.36611237472092667,1.0,0.9595619290254708,0.11521526893352041,0.002066304840712768,0.25089710578740626,0.1338892383718023,0.24910128111986457,0.36611237472092667,1e-05
M,coral,IR,0.4876179943283602,1.0,0.8718182829341053,0.21236198961923325,0.013605056487496691,0.10192324661375166,0.13520275434876114,0.4876179943283602,0.275256004709127,1e-05
N,coral,B,0.49879818252763325,0.9333333333333333,0.8141306519233006,0.24434057178508906,0.13182040854213956,0.028416872558231072,0.49879818252763325,0.21832733417159159,0.2544576107425442,1e-05
O,coral,OR,0.3665448949992468,1.0,0.9692966558267764,0.10378326220345607,0.004606877554372538,0.18019172464926125,0.19050174755570123,0.26276163279579073,0.3665448949992468,1e-05
P,coral,OR,0.37884350389178273,1.0,0.9419691235852649,0.07776370986707698,0.0015538937857132158,0.30107979402470575,0.12069633032578901,0.1993803717577226,0.37884350389178273,1e-05
A,coral,IR,0.4260870935350272,1.0,0.9060730378388593,0.12888093180681165,0.016721284742964554,0.09272231292875519,0.18398443180800186,0.4260870935350272,0.29720616172821557,0.0001
B,coral,OR,0.3622782749254657,1.0,0.9662138319485948,0.08123621965009037,0.00722320432776675,0.17597339796280018,0.1807062718363589,0.28104205527537535,0.3622782749254657,0.0001
C,coral,B,0.4993653842991813,1.0,0.7988987193394248,0.2510254013779919,0.0564568444664176,0.018984710625353233,0.4993653842991813,0.2483399829211894,0.23330992215427615,0.0001
D,coral,OR,0.3798091287156645,1.0,0.94235335729875,0.08083385139236948,0.0014476111585073133,0.29897527732329504,0.1212858470235305,0.19992974693751,0.3798091287156645,0.0001
E,coral,B,0.6926238844857309,1.0,0.611434209289987,0.5237583048848837,0.10309358597452803,0.004277787995983695,0.6926238844857309,0.1688655796008471,0.13423274791743842,0.0001
F,coral,OR,0.3715861202664817,1.0,0.949425150693615,0.08786449490369824,0.001816745912228249,0.28372162536278345,0.12161739042313766,0.22307486394759748,0.3715861202664817,0.0001
G,coral,OR,0.36232357075299965,1.0,0.9673470517375424,0.08587100602106212,0.004367708948211691,0.18961711263893805,0.1716067518761247,0.2764525647319375,0.36232357075299965,0.0001
H,coral,IR,0.378513087753376,1.0,0.9357158828519642,0.05145916134489187,0.006478049759015262,0.15213941827645042,0.1422935675616896,0.378513087753376,0.32705392640848413,0.0001
I,coral,OR,0.3265138360355392,0.5333333333333333,0.9145432568086362,0.00865505509613218,0.014075342067163826,0.06583939471414393,0.317858780939407,0.2897879883109096,0.3265138360355392,0.0001
J,coral,B,0.6612549142106109,1.0,0.6546711410935915,0.4834503792759553,0.05999443125759955,0.008402293788601632,0.6612549142106109,0.15253825706613194,0.1778045349346556,0.0001
K,coral,IR,0.49306405808494164,1.0,0.8667788794639094,0.223632285197428,0.017277700464363763,0.09122183265218259,0.14628233637536228,0.49306405808494164,0.26943177288751363,0.0001
L,coral,OR,0.366068721394862,1.0,0.9595868888636,0.11507214755900169,0.0020695971100726457,0.2509965738358603,0.13391911133453982,0.24901559343473784,0.366068721394862,0.0001
M,coral,IR,0.4877276947400123,1.0,0.8717990498659306,0.21260815959114177,0.013615699758707609,0.10198378286693945,0.13516898724417767,0.4877276947400123,0.27511953514887055,0.0001
N,coral,B,0.4987865316854317,0.9333333333333333,0.8141609427296674,0.2443194700275675,0.1318149023490093,0.02843345848183781,0.4987865316854317,0.2183129481748663,0.2544670616578642,0.0001
O,coral,OR,0.3665078325179219,1.0,0.9693345537219197,0.10382099142986029,0.004610306471277067,0.18026832140904359,0.19053700498497292,0.2626868410880616,0.3665078325179219,0.0001
P,coral,OR,0.3788358375741449,1.0,0.9419544338221345,0.07766168113985783,0.001556723409168199,0.3011741564342871,0.12072354004725797,0.19926646594431008,0.3788358375741449,0.0001
A,coral,IR,0.42640310132411424,1.0,0.9059769246225057,0.12928918435210285,0.0167881247263434,0.09285140807124967,0.18363157363262458,0.42640310132411424,0.2971139169720114,0.001
B,coral,OR,0.36247756728133906,1.0,0.9661556583079995,0.08155881076600568,0.007266401369789161,0.176116186622699,0.18048748958062863,0.2809187565153334,0.36247756728133906,0.001
C,coral,B,0.5002940631178053,1.0,0.7983535414761063,0.2523458549040357,0.05659179813588353,0.01895609420358942,0.5002940631178053,0.2479482082137696,0.23280163446483562,0.001
D,coral,OR,0.3802071753827506,1.0,0.9420316383354571,0.08106500836797159,0.0014592831714841973,0.299142167014779,0.12104044670481667,0.19961021089765374,0.3802071753827506,0.001
E,coral,B,0.6934832191434135,1.0,0.6104512029442662,0.5249687155181235,0.1031809521509722,0.004268679714942243,0.6934832191434135,0.16851450362529002,0.13373359751635425,0.001
F,coral,OR,0.3719211853644204,1.0,0.9491513142304849,0.08798786731247937,0.0018277518229492388,0.28393331805194105,0.12135851242096103,0.22278698416267756,0.3719211853644204,0.001
G,coral,OR,0.3625314678498296,1.0,0.9672697168592672,0.08621346131040958,0.004388687075437285,0.1897743262777371,0.17137619933301337,0.27631800653942,0.3625314678498296,0.001
H,coral,IR,0.37861684099371123,1.0,0.9356226747116245,0.05154682326352111,0.006491306655538337,0.15234548242948068,0.14196765884661802,0.37861684099371123,0.3270700177301901,0.001
I,coral,OR,0.3263626069676706,0.5333333333333333,0.9145151531946242,0.008114578531147998,0.014171836000008065,0.06582545705385122,0.3182480284365226,0.28956390754195566,0.3263626069676706,0.001
J,coral,B,0.6623081085942374,1.0,0.6535714228953425,0.48508677552090146,0.05999071771369174,0.00837928796813626,0.6623081085942374,0.15209127036429013,0.17722133307333593,0.001
K,coral,IR,0.4935721786681951,1.0,0.8664797824780451,0.22436408985186568,0.017317974421724124,0.09136423600465234,0.14585549651082308,0.4935721786681951,0.2692080888163294,0.001
L,coral,OR,0.3663226005794956,1.0,0.9594077459791986,0.11511573185544305,0.002081765004056885,0.25120686872405257,0.13367991935803356,0.2487906113384183,0.3663226005794956,0.001
M,coral,IR,0.4881545440256723,1.0,0.8715184114908529,0.21319521013989018,0.013650149267531563,0.10214669374427603,0.13473942834426944,0.4881545440256723,0.27495933388578214,0.001
N,coral,B,0.4991745202126128,0.9333333333333333,0.8139659050080891,0.2450371027052528,0.13208252292461653,0.02843348413934974,0.4991745202126128,0.21825457814067747,0.25413741750736,0.001
O,coral,OR,0.36672710461338714,1.0,0.9692679494550636,0.10417589823982948,0.004628679652875096,0.18040990467259815,0.19031178434045717,0.26255120637355767,0.36672710461338714,0.001
P,coral,OR,0.3792378442221541,1.0,0.941630423815355,0.07789779987037576,0.0015677470282318045,0.30134004435177836,0.12048086875876608,0.19894124266730134,0.3792378442221541,0.001
