file_id,true_label,held_out_load,rpm,prob_N,prob_B,prob_IR,prob_OR,predicted_label,confidence,fault_size,fault_position,seed,model,feature_group,calibration,temperature
B007_0,B,0,1796.0,0.0041379905,0.5181233,0.00341582,0.47432286,B,0.5181233,7.0,,2025,mlp,Diagnostic26,before,0.6876560219336322
B014_0,B,0,1797.0,0.00054621155,0.9966909,0.0011870086,0.0015758389,B,0.9966909,14.0,,2025,mlp,Diagnostic26,before,0.6876560219336322
B021_0,B,0,1797.0,0.005798316,0.6480326,0.30406904,0.04210005,B,0.6480326,21.0,,2025,mlp,Diagnostic26,before,0.6876560219336322
IR007_0,IR,0,1796.0,0.0016704211,0.002194474,0.9949452,0.0011898943,IR,0.9949452,7.0,,2025,mlp,Diagnostic26,before,0.6876560219336322
IR014_0,IR,0,1796.0,0.0055936663,0.040129483,0.018440014,0.93583685,OR,0.93583685,14.0,,2025,mlp,Diagnostic26,before,0.6876560219336322
IR021_0,IR,0,1796.0,0.0050480454,0.03749177,0.9502762,0.0071840333,IR,0.9502762,21.0,,2025,mlp,Diagnostic26,before,0.6876560219336322
N_0,N,0,1796.0,0.9314525,0.0023399214,0.06156279,0.0046447143,N,0.9314525,,,2025,mlp,Diagnostic26,before,0.6876560219336322
OR007@12_0,OR,0,1796.0,0.0011415465,0.001248563,0.0011859727,0.99642396,OR,0.99642396,7.0,Opposite,2025,mlp,Diagnostic26,before,0.6876560219336322
OR007@3_0,OR,0,1797.0,0.001175556,0.0008679633,0.0012050939,0.99675137,OR,0.99675137,7.0,Orthogonal,2025,mlp,Diagnostic26,before,0.6876560219336322
OR007@6_0,OR,0,1796.0,0.0009873757,0.0007557503,0.0011879794,0.9970689,OR,0.9970689,7.0,Centered,2025,mlp,Diagnostic26,before,0.6876560219336322
OR014@6_0,OR,0,1796.0,0.003373199,0.7777708,0.0028269186,0.21602908,B,0.7777708,14.0,Centered,2025,mlp,Diagnostic26,before,0.6876560219336322
OR021@12_0,OR,0,1796.0,0.0021153875,0.0012520741,0.0020038742,0.9946286,OR,0.9946286,21.0,Opposite,2025,mlp,Diagnostic26,before,0.6876560219336322
OR021@3_0,OR,0,1796.0,0.0040972997,0.0080897715,0.0032952626,0.98451763,OR,0.98451763,21.0,Orthogonal,2025,mlp,Diagnostic26,before,0.6876560219336322
OR021@6_0,OR,0,1796.0,0.0013297108,0.0011143166,0.00072948483,0.9968265,OR,0.9968265,21.0,Centered,2025,mlp,Diagnostic26,before,0.6876560219336322
B007_0,B,0,1796.0,0.0004733465070471,0.5316244208991145,0.0003581385009597,0.4675440940928786,B,0.5316244208991145,7.0,,2025,mlp,Diagnostic26,after,0.6876560219336322
B014_0,B,0,1797.0,1.80902413644438e-05,0.9998415284254984,5.5930690925108727e-05,8.445064221197126e-05,B,0.9998415284254984,14.0,,2025,mlp,Diagnostic26,after,0.6876560219336322
B021_0,B,0,1797.0,0.0007765711469615,0.7393386565086913,0.2460097810837827,0.0138749912605643,B,0.7393386565086913,21.0,,2025,mlp,Diagnostic26,after,0.6876560219336322
IR007_0,IR,0,1796.0,9.214402396730496e-05,0.0001370244940202,0.9997145668255856,5.626465642688389e-05,IR,0.9997145668255856,7.0,,2025,mlp,Diagnostic26,after,0.6876560219336322
IR014_0,IR,0,1796.0,0.0005760282610431,0.0101137772715593,0.0032645360003002,0.9860456584670972,OR,0.9860456584670972,14.0,,2025,mlp,Diagnostic26,after,0.6876560219336322
IR021_0,IR,0,1796.0,0.0004870390153202,0.0089931742654464,0.9897061788885304,0.0008136078307027,IR,0.9897061788885304,21.0,,2025,mlp,Diagnostic26,after,0.6876560219336322
N_0,N,0,1796.0,0.9805299347355724,0.0001623901593502,0.0188675627067727,0.0004401123983048,N,0.9805299347355724,,,2025,mlp,Diagnostic26,after,0.6876560219336322
OR007@12_0,OR,0,1796.0,5.286289303662368e-05,6.022050830096612e-05,5.588090065951407e-05,0.9998310356980028,OR,0.9998310356980028,7.0,Opposite,2025,mlp,Diagnostic26,after,0.6876560219336322
OR007@3_0,OR,0,1797.0,5.514339142667698e-05,3.547417310315303e-05,5.716976076967419e-05,0.9998522126747004,OR,0.9998522126747004,7.0,Orthogonal,2025,mlp,Diagnostic26,after,0.6876560219336322
OR007@6_0,OR,0,1796.0,4.276892874647129e-05,2.8992655081790343e-05,5.59680753257304e-05,0.999872270340846,OR,0.999872270340846,7.0,Centered,2025,mlp,Diagnostic26,after,0.6876560219336322
OR014@6_0,OR,0,1796.0,0.0003169967319334,0.8651453450064448,0.0002451742096416,0.1342924840519801,B,0.8651453450064448,14.0,Centered,2025,mlp,Diagnostic26,after,0.6876560219336322
OR021@12_0,OR,0,1796.0,0.0001299592817842,6.0617125536337584e-05,0.0001201171202804,0.999689306472399,OR,0.999689306472399,21.0,Opposite,2025,mlp,Diagnostic26,after,0.6876560219336322
OR021@3_0,OR,0,1796.0,0.0003445484458562,0.0009265770839931,0.0002509980306892,0.9984778764394612,OR,0.9984778764394612,21.0,Orthogonal,2025,mlp,Diagnostic26,after,0.6876560219336322
OR021@6_0,OR,0,1796.0,6.595807806524346e-05,5.101043179113228e-05,2.75482811171135e-05,0.9998554832090266,OR,0.9998554832090266,21.0,Centered,2025,mlp,Diagnostic26,after,0.6876560219336322
B007_1,B,1,1772.0,0.00582723,0.6979982,0.0256252,0.27054933,B,0.6979982,7.0,,2025,mlp,Diagnostic26,before,0.6223054207301275
B014_1,B,1,1772.0,0.0051574023,0.92100555,0.052585483,0.021251632,B,0.92100555,14.0,,2025,mlp,Diagnostic26,before,0.6223054207301275
B021_1,B,1,1774.0,0.008361155,0.66393185,0.29202852,0.03567845,B,0.66393185,21.0,,2025,mlp,Diagnostic26,before,0.6223054207301275
IR007_1,IR,1,1772.0,0.01208401,0.023634648,0.9586423,0.0056390762,IR,0.9586423,7.0,,2025,mlp,Diagnostic26,before,0.6223054207301275
IR014_1,IR,1,1772.0,0.008421985,0.1526363,0.8295736,0.009368108,IR,0.8295736,14.0,,2025,mlp,Diagnostic26,before,0.6223054207301275
IR021_1,IR,1,1774.0,0.012514132,0.18297304,0.79054433,0.013968537,IR,0.79054433,21.0,,2025,mlp,Diagnostic26,before,0.6223054207301275
N_1_(1772rpm),N,1,1772.0,0.9885193,0.0022359442,0.004962451,0.004282345,N,0.9885193,,,2025,mlp,Diagnostic26,before,0.6223054207301275
OR007@12_1,OR,1,1772.0,0.013657422,0.021170348,0.15906279,0.8061094,OR,0.8061094,7.0,Opposite,2025,mlp,Diagnostic26,before,0.6223054207301275
OR007@3_1,OR,1,1773.0,0.005827894,0.0056148516,0.010507966,0.9780493,OR,0.9780493,7.0,Orthogonal,2025,mlp,Diagnostic26,before,0.6223054207301275
OR007@6_1,OR,1,1774.0,0.0059480523,0.004206667,0.0077275336,0.9821178,OR,0.9821178,7.0,Centered,2025,mlp,Diagnostic26,before,0.6223054207301275
OR014@6_1,OR,1,1772.0,0.006671773,0.62092716,0.028968517,0.3434326,B,0.62092716,14.0,Centered,2025,mlp,Diagnostic26,before,0.6223054207301275
OR021@12_1,OR,1,1771.0,0.011861987,0.0052391984,0.015035371,0.96786344,OR,0.96786344,21.0,Opposite,2025,mlp,Diagnostic26,before,0.6223054207301275
OR021@3_1,OR,1,1770.0,0.007221894,0.006483086,0.0095327785,0.97676224,OR,0.97676224,21.0,Orthogonal,2025,mlp,Diagnostic26,before,0.6223054207301275
OR021@6_1,OR,1,1771.0,0.009319432,0.004345247,0.0079773795,0.9783579,OR,0.9783579,21.0,Centered,2025,mlp,Diagnostic26,before,0.6223054207301275
B007_1,B,1,1772.0,0.0003737529138204,0.8173557065884233,0.0040380237850328,0.1782325167127233,B,0.8173557065884233,7.0,,2025,mlp,Diagnostic26,after,0.6223054207301275
B014_1,B,1,1772.0,0.0002376946170962,0.9875293118612068,0.0099197687358556,0.0023132247858411,B,0.9875293118612068,14.0,,2025,mlp,Diagnostic26,after,0.6223054207301275
B021_1,B,1,1774.0,0.0006931275513598,0.7829732467367044,0.209198489116862,0.0071351365950734,B,0.7829732467367044,21.0,,2025,mlp,Diagnostic26,after,0.6223054207301275
IR007_1,IR,1,1772.0,0.0008832856171155,0.002595735558798,0.9962614396063196,0.000259539217767,IR,0.9962614396063196,7.0,,2025,mlp,Diagnostic26,after,0.6223054207301275
IR014_1,IR,1,1772.0,0.0005867173475244,0.0617071395492632,0.9370099509209642,0.0006961921822482,IR,0.9370099509209642,14.0,,2025,mlp,Diagnostic26,after,0.6223054207301275
IR021_1,IR,1,1774.0,0.0011643212412074,0.0867205516520265,0.910725801824514,0.0013893252822519,IR,0.910725801824514,21.0,,2025,mlp,Diagnostic26,after,0.6223054207301275
N_1_(1772rpm),N,1,1772.0,0.9995828113177704,5.605984629977332e-05,0.0002018492083237,0.0001592796276059,N,0.9995828113177704,,,2025,mlp,Diagnostic26,after,0.6223054207301275
OR007@12_1,OR,1,1772.0,0.0013227326838797,0.0026752583075753,0.0683562919283976,0.9276457170801472,OR,0.9276457170801472,7.0,Opposite,2025,mlp,Diagnostic26,after,0.6223054207301275
OR007@3_1,OR,1,1773.0,0.0002656475760349,0.0002502167793847,0.0006850001958756,0.9987991354487048,OR,0.9987991354487048,7.0,Orthogonal,2025,mlp,Diagnostic26,after,0.6223054207301275
OR007@6_1,OR,1,1774.0,0.0002727760093424,0.000156338275574,0.0004153932614791,0.9991554924536044,OR,0.9991554924536044,7.0,Centered,2025,mlp,Diagnostic26,after,0.6223054207301275
OR014@6_1,OR,1,1772.0,0.0004920438821127,0.7173361123638083,0.0052085605201447,0.2769632832339342,B,0.7173361123638083,14.0,Centered,2025,mlp,Diagnostic26,after,0.6223054207301275
OR021@12_1,OR,1,1771.0,0.0008454752195517,0.0002274123425575,0.0012374991079751,0.9976896133299156,OR,0.9976896133299156,21.0,Opposite,2025,mlp,Diagnostic26,after,0.6223054207301275
OR021@3_1,OR,1,1770.0,0.0003757158027121,0.0003158957829924,0.0005869541620259,0.9987214342522696,OR,0.9987214342522696,21.0,Orthogonal,2025,mlp,Diagnostic26,after,0.6223054207301275
OR021@6_1,OR,1,1771.0,0.000564567751829,0.0001656610248663,0.0004397456178034,0.9988300256055012,OR,0.9988300256055012,21.0,Centered,2025,mlp,Diagnostic26,after,0.6223054207301275
B007_2,B,2,1747.0,0.0006615954,0.91755205,0.00072584936,0.081060514,B,0.91755205,7.0,,2025,mlp,Diagnostic26,before,1.025278656469049
B014_2,B,2,1748.0,0.00053683564,0.99506,0.0027840058,0.0016191248,B,0.99506,14.0,,2025,mlp,Diagnostic26,before,1.025278656469049
B021_2,B,2,1754.0,0.00022596131,0.9946156,0.0041235485,0.0010348534,B,0.9946156,21.0,,2025,mlp,Diagnostic26,before,1.025278656469049
IR007_2,IR,2,1748.0,0.00019479173,0.0011258724,0.99852765,0.00015163701,IR,0.99852765,7.0,,2025,mlp,Diagnostic26,before,1.025278656469049
IR014_2,IR,2,1751.0,0.000495676,0.0114059,0.9876552,0.00044317683,IR,0.9876552,14.0,,2025,mlp,Diagnostic26,before,1.025278656469049
IR021_2,IR,2,1752.0,0.00090509874,0.0008813306,0.99719685,0.0010166994,IR,0.99719685,21.0,,2025,mlp,Diagnostic26,before,1.025278656469049
N_2_(1750rpm),N,2,1750.0,0.9991691,0.0001738769,0.00050896674,0.0001480678,N,0.9991691,,,2025,mlp,Diagnostic26,before,1.025278656469049
OR007@12_2,OR,2,1749.0,0.00059796,0.0002156514,0.0019551427,0.9972312,OR,0.9972312,7.0,Opposite,2025,mlp,Diagnostic26,before,1.025278656469049
OR007@3_2,OR,2,1750.0,0.0002677992,0.00013740992,0.00036143692,0.99923337,OR,0.99923337,7.0,Orthogonal,2025,mlp,Diagnostic26,before,1.025278656469049
OR007@6_2,OR,2,1750.0,0.00025395426,0.00014717285,0.0003060862,0.9992928,OR,0.9992928,7.0,Centered,2025,mlp,Diagnostic26,before,1.025278656469049
OR014@6_2,OR,2,1749.0,0.0010719728,0.12840724,0.14193706,0.72858375,OR,0.72858375,14.0,Centered,2025,mlp,Diagnostic26,before,1.025278656469049
OR021@12_2,OR,2,1746.0,0.0002773742,0.0002629604,0.00034487754,0.9991148,OR,0.9991148,21.0,Opposite,2025,mlp,Diagnostic26,before,1.025278656469049
OR021@3_2,OR,2,1746.0,0.00033658315,0.000249636,0.00028134757,0.99913245,OR,0.99913245,21.0,Orthogonal,2025,mlp,Diagnostic26,before,1.025278656469049
OR021@6_2,OR,2,1747.0,0.0003094965,0.00019192454,0.00027816225,0.99922043,OR,0.99922043,21.0,Centered,2025,mlp,Diagnostic26,before,1.025278656469049
B007_2,B,2,1747.0,0.0007866462186808,0.9127450356615368,0.0008610750422459,0.0856072430775363,B,0.9127450356615368,7.0,,2025,mlp,Diagnostic26,after,1.025278656469049
B014_2,B,2,1748.0,0.0006457416728866,0.9942433534823488,0.0032156088780497,0.0018952959667147,B,0.9942433534823488,14.0,,2025,mlp,Diagnostic26,after,1.025278656469049
B021_2,B,2,1754.0,0.0002776542719917,0.9937807983016348,0.0047167741138127,0.0012247733125608,B,0.9937807983016348,21.0,,2025,mlp,Diagnostic26,after,1.025278656469049
IR007_2,IR,2,1748.0,0.0002403875961773,0.0013305932092545,0.9982407286964128,0.0001882904981557,IR,0.9982407286964128,7.0,,2025,mlp,Diagnostic26,after,1.025278656469049
IR014_2,IR,2,1751.0,0.0005968786513209,0.0127127276314765,0.9861552579645264,0.000535135752676,IR,0.9861552579645264,14.0,,2025,mlp,Diagnostic26,after,1.025278656469049
IR021_2,IR,2,1752.0,0.0010751562037666,0.0010476094305484,0.996672966333301,0.0012042680323838,IR,0.996672966333301,21.0,,2025,mlp,Diagnostic26,after,1.025278656469049
N_2_(1750rpm),N,2,1750.0,0.9989873276099812,0.000215204979739,0.0006134785468834,0.0001839888633961,N,0.9989873276099812,,,2025,mlp,Diagnostic26,after,1.025278656469049
OR007@12_2,OR,2,1749.0,0.0007176291718543,0.0002653998052645,0.0022788778765706,0.9967380931463106,OR,0.9967380931463106,7.0,Opposite,2025,mlp,Diagnostic26,after,1.025278656469049
OR007@3_2,OR,2,1750.0,0.0003279443958888,0.0001710621567292,0.0004393521389799,0.999061641308402,OR,0.999061641308402,7.0,Orthogonal,2025,mlp,Diagnostic26,after,1.025278656469049
OR007@6_2,OR,2,1750.0,0.0003114011921971,0.0001829085549286,0.0003736020538095,0.9991320881990648,OR,0.9991320881990648,7.0,Centered,2025,mlp,Diagnostic26,after,1.025278656469049
OR014@6_2,OR,2,1749.0,0.0012444795289995,0.1324797730274386,0.1460774584851933,0.7201982889583683,OR,0.7201982889583683,14.0,Centered,2025,mlp,Diagnostic26,after,1.025278656469049
OR021@12_2,OR,2,1746.0,0.0003393665234316,0.0003221548655316,0.0004196966244323,0.9989187819866042,OR,0.9989187819866042,21.0,Opposite,2025,mlp,Diagnostic26,after,1.025278656469049
OR021@3_2,OR,2,1746.0,0.000409850309283,0.0003062245582141,0.0003441085538027,0.9989398165787,OR,0.9989398165787,21.0,Orthogonal,2025,mlp,Diagnostic26,after,1.025278656469049
OR021@6_2,OR,2,1747.0,0.0003776551876547,0.0002369664371739,0.0003403148240603,0.999045063551111,OR,0.999045063551111,21.0,Centered,2025,mlp,Diagnostic26,after,1.025278656469049
B007_3,B,3,1721.0,0.0026898852,0.95053446,0.0023474176,0.044428222,B,0.95053446,7.0,,2025,mlp,Diagnostic26,before,0.904966147144696
B014_3,B,3,1725.0,0.0035091336,0.98385286,0.0035137583,0.009124264,B,0.98385286,14.0,,2025,mlp,Diagnostic26,before,0.904966147144696
B021_3,B,3,1729.0,0.009688777,0.80404466,0.11985959,0.06640699,B,0.80404466,21.0,,2025,mlp,Diagnostic26,before,0.904966147144696
IR007_3,IR,3,1721.0,0.0019777974,0.006434412,0.98771715,0.003870627,IR,0.98771715,7.0,,2025,mlp,Diagnostic26,before,0.904966147144696
IR014_3,IR,3,1726.0,0.13565375,0.039499052,0.57377845,0.25106877,IR,0.57377845,14.0,,2025,mlp,Diagnostic26,before,0.904966147144696
IR021_3,IR,3,1727.0,0.0060404455,0.0018192731,0.9844389,0.0077013522,IR,0.9844389,21.0,,2025,mlp,Diagnostic26,before,0.904966147144696
N_3,N,3,1725.0,0.9970718,0.0013069531,0.00055561087,0.0010656319,N,0.9970718,,,2025,mlp,Diagnostic26,before,0.904966147144696
OR007@12_3,OR,3,1723.0,0.0014253191,0.0028753101,0.0066603706,0.989039,OR,0.989039,7.0,Opposite,2025,mlp,Diagnostic26,before,0.904966147144696
OR007@3_3,OR,3,1724.0,0.001420559,0.0012060528,0.0028986095,0.99447477,OR,0.99447477,7.0,Orthogonal,2025,mlp,Diagnostic26,before,0.904966147144696
OR007@6_3,OR,3,1725.0,0.00214373,0.0011518373,0.0037287683,0.99297565,OR,0.99297565,7.0,Centered,2025,mlp,Diagnostic26,before,0.904966147144696
OR014@6_3,OR,3,1723.0,0.004471103,0.77349126,0.0042962846,0.21774137,B,0.77349126,14.0,Centered,2025,mlp,Diagnostic26,before,0.904966147144696
OR021@12_3,OR,3,1718.0,0.0029772236,0.00093003205,0.008288338,0.9878044,OR,0.9878044,21.0,Opposite,2025,mlp,Diagnostic26,before,0.904966147144696
OR021@3_3,OR,3,1719.0,0.001408764,0.0027543318,0.0026123915,0.99322456,OR,0.99322456,21.0,Orthogonal,2025,mlp,Diagnostic26,before,0.904966147144696
OR021@6_3,OR,3,1719.0,0.001594686,0.0011033353,0.0026276303,0.9946743,OR,0.9946743,21.0,Centered,2025,mlp,Diagnostic26,before,0.904966147144696
B007_3,B,3,1721.0,0.0014740159092519,0.9645745777230404,0.0012680836857043,0.0326833226820032,B,0.9645745777230404,7.0,,2025,mlp,Diagnostic26,after,0.904966147144696
B014_3,B,3,1725.0,0.0019546339530161,0.9904690817681032,0.001957480686486,0.0056188035923943,B,0.9904690817681032,14.0,,2025,mlp,Diagnostic26,after,0.904966147144696
B021_3,B,3,1729.0,0.0063496854226698,0.8380808346688984,0.1022994777724747,0.0532700021359569,B,0.8380808346688984,21.0,,2025,mlp,Diagnostic26,after,0.904966147144696
IR007_3,IR,3,1721.0,0.0010354145133472,0.0038127881750126,0.9929774159544072,0.0021743813572329,IR,0.9929774159544072,7.0,,2025,mlp,Diagnostic26,after,0.904966147144696
IR014_3,IR,3,1726.0,0.1226761196856867,0.0313793406389646,0.6037315218112582,0.2422130178640903,IR,0.6037315218112582,14.0,,2025,mlp,Diagnostic26,after,0.904966147144696
IR021_3,IR,3,1727.0,0.0035610577693716,0.0009455354996257,0.9908358755410192,0.0046575311899831,IR,0.9908358755410192,21.0,,2025,mlp,Diagnostic26,after,0.904966147144696
N_3,N,3,1725.0,0.9985744028014744,0.0006519518234099,0.0002533464179908,0.0005202989571248,N,0.9985744028014744,,,2025,mlp,Diagnostic26,after,0.904966147144696
OR007@12_3,OR,3,1723.0,0.0007204489156671,0.0015645198473684,0.0039582682511368,0.9937567629858276,OR,0.9937567629858276,7.0,Opposite,2025,mlp,Diagnostic26,after,0.904966147144696
OR007@3_3,OR,3,1724.0,0.0007158656170912,0.0005974104487664,0.0015743013987815,0.9971124225353608,OR,0.9971124225353608,7.0,Orthogonal,2025,mlp,Diagnostic26,after,0.904966147144696
OR007@6_3,OR,3,1725.0,0.0011288735383152,0.0005682453064606,0.0020810638672783,0.9962218172879456,OR,0.9962218172879456,7.0,Centered,2025,mlp,Diagnostic26,after,0.904966147144696
OR014@6_3,OR,3,1723.0,0.0026852342855811,0.7980826717482417,0.0025694581164513,0.1966626358497258,B,0.7980826717482417,14.0,Centered,2025,mlp,Diagnostic26,after,0.904966147144696
OR021@12_3,OR,3,1718.0,0.0016267200731001,0.0004497119607524,0.0050427077878332,0.992880860178314,OR,0.992880860178314,21.0,Opposite,2025,mlp,Diagnostic26,after,0.904966147144696
OR021@3_3,OR,3,1719.0,0.0007097773613785,0.0014889421960903,0.0014043871244523,0.9963968933180788,OR,0.9963968933180788,21.0,Orthogonal,2025,mlp,Diagnostic26,after,0.904966147144696
OR021@6_3,OR,3,1719.0,0.0008133490551181,0.0005413903366981,0.0014123501265006,0.9972329104816832,OR,0.9972329104816832,21.0,Centered,2025,mlp,Diagnostic26,after,0.904966147144696
B007_0,B,0,1796.0,0.008332198,0.5955656,0.006865041,0.38923717,B,0.5955656,7.0,,2026,mlp,Diagnostic26,before,0.8396660302054414
B014_0,B,0,1797.0,0.009087338,0.9819134,0.006456396,0.0025429155,B,0.9819134,14.0,,2026,mlp,Diagnostic26,before,0.8396660302054414
B021_0,B,0,1797.0,0.017489644,0.7224498,0.24132146,0.018739134,B,0.7224498,21.0,,2026,mlp,Diagnostic26,before,0.8396660302054414
IR007_0,IR,0,1796.0,0.0049522817,0.005021526,0.9810651,0.008961149,IR,0.9810651,7.0,,2026,mlp,Diagnostic26,before,0.8396660302054414
IR014_0,IR,0,1796.0,0.008916328,0.17158163,0.07648693,0.74301517,OR,0.74301517,14.0,,2026,mlp,Diagnostic26,before,0.8396660302054414
IR021_0,IR,0,1796.0,0.022040935,0.814027,0.15444244,0.009489594,B,0.814027,21.0,,2026,mlp,Diagnostic26,before,0.8396660302054414
N_0,N,0,1796.0,0.9567942,0.0065740687,0.029694425,0.006937325,N,0.9567942,,,2026,mlp,Diagnostic26,before,0.8396660302054414
OR007@12_0,OR,0,1796.0,0.0006954527,0.0033916729,0.005043029,0.9908698,OR,0.9908698,7.0,Opposite,2026,mlp,Diagnostic26,before,0.8396660302054414
OR007@3_0,OR,0,1797.0,0.00072189636,0.002328935,0.0060508,0.9908984,OR,0.9908984,7.0,Orthogonal,2026,mlp,Diagnostic26,before,0.8396660302054414
OR007@6_0,OR,0,1796.0,0.0015704178,0.0019968974,0.015919076,0.98051363,OR,0.98051363,7.0,Centered,2026,mlp,Diagnostic26,before,0.8396660302054414
OR014@6_0,OR,0,1796.0,0.0077664107,0.8029898,0.005730577,0.18351321,B,0.8029898,14.0,Centered,2026,mlp,Diagnostic26,before,0.8396660302054414
OR021@12_0,OR,0,1796.0,0.0015359459,0.0025399635,0.05361052,0.9423136,OR,0.9423136,21.0,Opposite,2026,mlp,Diagnostic26,before,0.8396660302054414
OR021@3_0,OR,0,1796.0,0.000981083,0.004260081,0.014562703,0.9801961,OR,0.9801961,21.0,Orthogonal,2026,mlp,Diagnostic26,before,0.8396660302054414
OR021@6_0,OR,0,1796.0,0.00056217506,0.0017251896,0.010737955,0.98697466,OR,0.98697466,21.0,Centered,2026,mlp,Diagnostic26,before,0.8396660302054414
B007_0,B,0,1796.0,0.0038367010635429,0.61969954947885,0.0030463479516386,0.3734174015059685,B,0.61969954947885,7.0,,2026,mlp,Diagnostic26,after,0.8396660302054414
B014_0,B,0,1797.0,0.0037579743673762,0.9929161683974882,0.0025012751813249,0.0008245820538106,B,0.9929161683974882,14.0,,2026,mlp,Diagnostic26,after,0.8396660302054414
B021_0,B,0,1797.0,0.0091806986672423,0.7717599551147741,0.2090922932759106,0.0099670529420729,B,0.7717599551147741,21.0,,2026,mlp,Diagnostic26,after,0.8396660302054414
IR007_0,IR,0,1796.0,0.0018251556355065,0.0018555889474486,0.9926206419151302,0.0036986135019146,IR,0.9926206419151302,7.0,,2026,mlp,Diagnostic26,after,0.8396660302054414
IR014_0,IR,0,1796.0,0.0041376448342217,0.1400463324761641,0.0535041012095261,0.802311921480088,OR,0.802311921480088,14.0,,2026,mlp,Diagnostic26,after,0.8396660302054414
IR021_0,IR,0,1796.0,0.0117509416069841,0.8645252678838373,0.119416481163117,0.0043073093460616,B,0.8645252678838373,21.0,,2026,mlp,Diagnostic26,after,0.8396660302054414
N_0,N,0,1796.0,0.9789757266289724,0.0025987616128036,0.0156548442557182,0.0027706675025058,N,0.9789757266289724,,,2026,mlp,Diagnostic26,after,0.8396660302054414
OR007@12_0,OR,0,1796.0,0.0001748479152279,0.0011540062432577,0.0018508959238431,0.9968202499176712,OR,0.9968202499176712,7.0,Opposite,2026,mlp,Diagnostic26,after,0.8396660302054414
OR007@3_0,OR,0,1797.0,0.0001827806639738,0.0007374720001326,0.0022992134600667,0.9967805338758268,OR,0.9967805338758268,7.0,Orthogonal,2026,mlp,Diagnostic26,after,0.8396660302054414
OR007@6_0,OR,0,1796.0,0.0004646269186787,0.0006185413021905,0.0073296597554465,0.9915871720236842,OR,0.9915871720236842,7.0,Centered,2026,mlp,Diagnostic26,after,0.8396660302054414
OR014@6_0,OR,0,1796.0,0.0033827293636828,0.8480532287756278,0.0023552428408743,0.1462087990198149,B,0.8480532287756278,14.0,Centered,2026,mlp,Diagnostic26,after,0.8396660302054414
OR021@12_0,OR,0,1796.0,0.0004626126769267,0.0008421362143988,0.0318202043588847,0.9668750467497896,OR,0.9668750467497896,21.0,Opposite,2026,mlp,Diagnostic26,after,0.8396660302054414
OR021@3_0,OR,0,1796.0,0.0002654369738737,0.001525613257603,0.006594807815413,0.9916141419531102,OR,0.9916141419531102,21.0,Orthogonal,2026,mlp,Diagnostic26,after,0.8396660302054414
OR021@6_0,OR,0,1796.0,0.0001360722632383,0.0005172740961342,0.0045649467592995,0.9947817068813276,OR,0.9947817068813276,21.0,Centered,2026,mlp,Diagnostic26,after,0.8396660302054414
B007_1,B,1,1772.0,0.0072605116,0.677988,0.0048123435,0.30993915,B,0.677988,7.0,,2026,mlp,Diagnostic26,before,0.9753445989443436
B014_1,B,1,1772.0,0.008718145,0.93178844,0.008176816,0.05131657,B,0.93178844,14.0,,2026,mlp,Diagnostic26,before,0.9753445989443436
B021_1,B,1,1774.0,0.0047272905,0.84022456,0.14497976,0.010068371,B,0.84022456,21.0,,2026,mlp,Diagnostic26,before,0.9753445989443436
IR007_1,IR,1,1772.0,0.0014952703,0.0020230308,0.9951866,0.0012950768,IR,0.9951866,7.0,,2026,mlp,Diagnostic26,before,0.9753445989443436
IR014_1,IR,1,1772.0,0.003643431,0.0923261,0.89960337,0.0044271327,IR,0.89960337,14.0,,2026,mlp,Diagnostic26,before,0.9753445989443436
IR021_1,IR,1,1774.0,0.004432004,0.107518144,0.88293594,0.005113918,IR,0.88293594,21.0,,2026,mlp,Diagnostic26,before,0.9753445989443436
N_1_(1772rpm),N,1,1772.0,0.9949099,0.002807941,0.0012664371,0.0010157432,N,0.9949099,,,2026,mlp,Diagnostic26,before,0.9753445989443436
OR007@12_1,OR,1,1772.0,0.003067476,0.0015250222,0.08496181,0.9104457,OR,0.9104457,7.0,Opposite,2026,mlp,Diagnostic26,before,0.9753445989443436
OR007@3_1,OR,1,1773.0,0.0020735788,0.0009392859,0.010535563,0.98645157,OR,0.98645157,7.0,Orthogonal,2026,mlp,Diagnostic26,before,0.9753445989443436
OR007@6_1,OR,1,1774.0,0.0010637294,0.0007139437,0.0032883019,0.994934,OR,0.994934,7.0,Centered,2026,mlp,Diagnostic26,before,0.9753445989443436
OR014@6_1,OR,1,1772.0,0.007199817,0.19584356,0.0065223775,0.79043424,OR,0.79043424,14.0,Centered,2026,mlp,Diagnostic26,before,0.9753445989443436
OR021@12_1,OR,1,1771.0,0.0015122165,0.0010685506,0.0037377041,0.9936815,OR,0.9936815,21.0,Opposite,2026,mlp,Diagnostic26,before,0.9753445989443436
OR021@3_1,OR,1,1770.0,0.0009564133,0.0015316402,0.0021530706,0.9953589,OR,0.9953589,21.0,Orthogonal,2026,mlp,Diagnostic26,before,0.9753445989443436
OR021@6_1,OR,1,1771.0,0.0013362567,0.0008044647,0.0044803345,0.993379,OR,0.993379,21.0,Centered,2026,mlp,Diagnostic26,before,0.9753445989443436
B007_1,B,1,1772.0,0.0065222654624882,0.683059676977089,0.0042783157220161,0.3061397418384066,B,0.683059676977089,7.0,,2026,mlp,Diagnostic26,after,0.9753445989443436
B014_1,B,1,1772.0,0.0077900511434975,0.936960395806022,0.0072945195364055,0.047955033514075,B,0.936960395806022,14.0,,2026,mlp,Diagnostic26,after,0.9753445989443436
B021_1,B,1,1774.0,0.0041802734141526,0.8469529058415375,0.1397917132931059,0.0090751074512038,B,0.8469529058415375,21.0,,2026,mlp,Diagnostic26,after,0.9753445989443436
IR007_1,IR,1,1772.0,0.0012695981952658,0.0017308830958345,0.9959038882097668,0.0010956304991329,IR,0.9959038882097668,7.0,,2026,mlp,Diagnostic26,after,0.9753445989443436
IR014_1,IR,1,1772.0,0.0031895432895011,0.0877059329792727,0.9052097756771994,0.0038947480540265,IR,0.9052097756771994,14.0,,2026,mlp,Diagnostic26,after,0.9753445989443436
IR021_1,IR,1,1774.0,0.0039031821675271,0.102638047728912,0.8889387163751942,0.0045200537283667,IR,0.8889387163751942,21.0,,2026,mlp,Diagnostic26,after,0.9753445989443436
N_1_(1772rpm),N,1,1772.0,0.9956525705947128,0.0024225165080648,0.0010708309675006,0.0008540819297216,N,0.9956525705947128,,,2026,mlp,Diagnostic26,after,0.9753445989443436
OR007@12_1,OR,1,1772.0,0.0026712329154531,0.0013047717679137,0.0804669148411139,0.9155570804755192,OR,0.9155570804755192,7.0,Opposite,2026,mlp,Diagnostic26,after,0.9753445989443436
OR007@3_1,OR,1,1773.0,0.001777186157017,0.0007890713514714,0.0094083891022428,0.9880253533892686,OR,0.9880253533892686,7.0,Orthogonal,2026,mlp,Diagnostic26,after,0.9753445989443436
OR007@6_1,OR,1,1774.0,0.0008954607788009,0.0005949794108959,0.0028482439466149,0.9956613158636884,OR,0.9956613158636884,7.0,Centered,2026,mlp,Diagnostic26,after,0.9753445989443436
OR014@6_1,OR,1,1772.0,0.0064472676649591,0.1906461287537829,0.0058260650194178,0.7970805385618401,OR,0.7970805385618401,14.0,Centered,2026,mlp,Diagnostic26,after,0.9753445989443436
OR021@12_1,OR,1,1771.0,0.0012846203918128,0.0008997947048767,0.0032486284194878,0.9945669564838228,OR,0.9945669564838228,21.0,Opposite,2026,mlp,Diagnostic26,after,0.9753445989443436
OR021@3_1,OR,1,1770.0,0.0008029218262572,0.0013012303387003,0.0018449918255315,0.9960508560095108,OR,0.9960508560095108,21.0,Orthogonal,2026,mlp,Diagnostic26,after,0.9753445989443436
OR021@6_1,OR,1,1771.0,0.0011316302050386,0.0006725903677366,0.0039120734491849,0.9942837059780396,OR,0.9942837059780396,21.0,Centered,2026,mlp,Diagnostic26,after,0.9753445989443436
B007_2,B,2,1747.0,0.001568581,0.908452,0.00038731282,0.089592166,B,0.908452,7.0,,2026,mlp,Diagnostic26,before,1.2835688421125162
B014_2,B,2,1748.0,0.0008423208,0.9930988,0.0032208953,0.0028379995,B,0.9930988,14.0,,2026,mlp,Diagnostic26,before,1.2835688421125162
B021_2,B,2,1754.0,0.0007567719,0.9844838,0.012911092,0.0018483439,B,0.9844838,21.0,,2026,mlp,Diagnostic26,before,1.2835688421125162
IR007_2,IR,2,1748.0,0.0007155052,0.00048166708,0.99865884,0.00014398072,IR,0.99865884,7.0,,2026,mlp,Diagnostic26,before,1.2835688421125162
IR014_2,IR,2,1751.0,0.00047209582,0.0005118876,0.9986514,0.00036467798,IR,0.9986514,14.0,,2026,mlp,Diagnostic26,before,1.2835688421125162
IR021_2,IR,2,1752.0,0.0039278315,0.0009002196,0.9760207,0.019151289,IR,0.9760207,21.0,,2026,mlp,Diagnostic26,before,1.2835688421125162
N_2_(1750rpm),N,2,1750.0,0.9984368,0.0008539772,0.00038924845,0.00032001018,N,0.9984368,,,2026,mlp,Diagnostic26,before,1.2835688421125162
OR007@12_2,OR,2,1749.0,0.0006719539,0.00067992794,0.0030983998,0.99554974,OR,0.99554974,7.0,Opposite,2026,mlp,Diagnostic26,before,1.2835688421125162
OR007@3_2,OR,2,1750.0,0.00046526655,0.00029376955,0.000741277,0.9984997,OR,0.9984997,7.0,Orthogonal,2026,mlp,Diagnostic26,before,1.2835688421125162
OR007@6_2,OR,2,1750.0,0.000425439,0.0001956763,0.00046421302,0.99891466,OR,0.99891466,7.0,Centered,2026,mlp,Diagnostic26,before,1.2835688421125162
OR014@6_2,OR,2,1749.0,0.0031108647,0.09993021,0.12577227,0.7711867,OR,0.7711867,14.0,Centered,2026,mlp,Diagnostic26,before,1.2835688421125162
OR021@12_2,OR,2,1746.0,0.0004996594,0.00026265072,0.000545293,0.9986924,OR,0.9986924,21.0,Opposite,2026,mlp,Diagnostic26,before,1.2835688421125162
OR021@3_2,OR,2,1746.0,0.00057534623,0.00033890337,0.0001812923,0.9989044,OR,0.9989044,21.0,Orthogonal,2026,mlp,Diagnostic26,before,1.2835688421125162
OR021@6_2,OR,2,1747.0,0.0006339581,0.00022513696,0.0004007151,0.9987402,OR,0.9987402,21.0,Centered,2026,mlp,Diagnostic26,before,1.2835688421125162
B007_2,B,2,1747.0,0.0059968862614281,0.8518401621132825,0.0020168743008781,0.1401460773244112,B,0.8518401621132825,7.0,,2026,mlp,Diagnostic26,after,1.2835688421125162
B014_2,B,2,1748.0,0.0039437937556465,0.9746828300550092,0.0112131157020301,0.0101602604873142,B,0.9746828300550092,14.0,,2026,mlp,Diagnostic26,after,1.2835688421125162
B021_2,B,2,1754.0,0.0035848257398701,0.956546547338732,0.0326806234882946,0.0071880034331033,B,0.956546547338732,21.0,,2026,mlp,Diagnostic26,after,1.2835688421125162
IR007_2,IR,2,1748.0,0.0035224857605062,0.0025879292104306,0.9928794701168984,0.0010101149121647,IR,0.9928794701168984,7.0,,2026,mlp,Diagnostic26,after,1.2835688421125162
IR014_2,IR,2,1751.0,0.0025472195300979,0.0027129803001003,0.9926566734324034,0.0020831267373982,IR,0.9926566734324034,14.0,,2026,mlp,Diagnostic26,after,1.2835688421125162
IR021_2,IR,2,1752.0,0.0127833734459138,0.0040568418619372,0.9392373715771102,0.0439224131150387,IR,0.9392373715771102,21.0,,2026,mlp,Diagnostic26,after,1.2835688421125162
N_2_(1750rpm),N,2,1750.0,0.9918895639604086,0.0040397131947023,0.0021903528549144,0.0018803699899746,N,0.9918895639604086,,,2026,mlp,Diagnostic26,after,1.2835688421125162
OR007@12_2,OR,2,1749.0,0.0033268664525678,0.0033575841179518,0.0109442408161229,0.9823713086133572,OR,0.9823713086133572,7.0,Opposite,2026,mlp,Diagnostic26,after,1.2835688421125162
OR007@3_2,OR,2,1750.0,0.0025173635514188,0.0017594136464123,0.0036185683644871,0.9921046544376816,OR,0.9921046544376816,7.0,Orthogonal,2026,mlp,Diagnostic26,after,1.2835688421125162
OR007@6_2,OR,2,1750.0,0.0023511998169412,0.0012838294034007,0.0025165236756384,0.9938484471040196,OR,0.9938484471040196,7.0,Centered,2026,mlp,Diagnostic26,after,1.2835688421125162
OR014@6_2,OR,2,1749.0,0.0093355057750581,0.1393363747487186,0.1666806204183336,0.6846474990578895,OR,0.6846474990578895,14.0,Centered,2026,mlp,Diagnostic26,after,1.2835688421125162
OR021@12_2,OR,2,1746.0,0.0026628502334041,0.0016134437955035,0.0028504754812731,0.9928732304898192,OR,0.9928732304898192,21.0,Opposite,2026,mlp,Diagnostic26,after,1.2835688421125162
OR021@3_2,OR,2,1746.0,0.0029745612149191,0.0019694694118944,0.0012096967228421,0.9938462726503444,OR,0.9938462726503444,21.0,Orthogonal,2026,mlp,Diagnostic26,after,1.2835688421125162
OR021@6_2,OR,2,1747.0,0.0032061553947755,0.0014312004596273,0.002242708921167,0.9931199352244302,OR,0.9931199352244302,21.0,Centered,2026,mlp,Diagnostic26,after,1.2835688421125162
B007_3,B,3,1721.0,0.0045185448,0.92354953,0.0034318794,0.068500094,B,0.92354953,7.0,,2026,mlp,Diagnostic26,before,1.82056420302608
B014_3,B,3,1725.0,0.0050940225,0.9709164,0.0034627097,0.020526847,B,0.9709164,14.0,,2026,mlp,Diagnostic26,before,1.82056420302608
B021_3,B,3,1729.0,0.009763061,0.787135,0.16818352,0.034918405,B,0.787135,21.0,,2026,mlp,Diagnostic26,before,1.82056420302608
IR007_3,IR,3,1721.0,0.0021019732,0.011543666,0.9842571,0.002097336,IR,0.9842571,7.0,,2026,mlp,Diagnostic26,before,1.82056420302608
IR014_3,IR,3,1726.0,0.1418158,0.014393719,0.81582075,0.027969744,IR,0.81582075,14.0,,2026,mlp,Diagnostic26,before,1.82056420302608
IR021_3,IR,3,1727.0,0.0024309135,0.005864606,0.98845404,0.003250397,IR,0.98845404,21.0,,2026,mlp,Diagnostic26,before,1.82056420302608
N_3,N,3,1725.0,0.99327976,0.002764544,0.001310212,0.0026454427,N,0.99327976,,,2026,mlp,Diagnostic26,before,1.82056420302608
OR007@12_3,OR,3,1723.0,0.0021120629,0.002629735,0.0080099,0.9872483,OR,0.9872483,7.0,Opposite,2026,mlp,Diagnostic26,before,1.82056420302608
OR007@3_3,OR,3,1724.0,0.0022407253,0.0013608666,0.0021313329,0.99426705,OR,0.99426705,7.0,Orthogonal,2026,mlp,Diagnostic26,before,1.82056420302608
OR007@6_3,OR,3,1725.0,0.0023890776,0.0013066762,0.002070474,0.9942337,OR,0.9942337,7.0,Centered,2026,mlp,Diagnostic26,before,1.82056420302608
OR014@6_3,OR,3,1723.0,0.008637307,0.76128227,0.003621595,0.22645883,B,0.76128227,14.0,Centered,2026,mlp,Diagnostic26,before,1.82056420302608
OR021@12_3,OR,3,1718.0,0.0028731117,0.001550076,0.007927531,0.98764926,OR,0.98764926,21.0,Opposite,2026,mlp,Diagnostic26,before,1.82056420302608
OR021@3_3,OR,3,1719.0,0.0023005016,0.0014472626,0.0030502423,0.99320203,OR,0.99320203,21.0,Orthogonal,2026,mlp,Diagnostic26,before,1.82056420302608
OR021@6_3,OR,3,1719.0,0.0029999143,0.0014532494,0.0022502034,0.9932966,OR,0.9932966,21.0,Centered,2026,mlp,Diagnostic26,before,1.82056420302608
B007_3,B,3,1721.0,0.0401712021800539,0.7464587334798108,0.0345377622990653,0.1788323020410697,B,0.7464587334798108,7.0,,2026,mlp,Diagnostic26,after,1.82056420302608
B014_3,B,3,1725.0,0.0457845624213813,0.8187372277109033,0.0370369401796176,0.0984412696880977,B,0.8187372277109033,14.0,,2026,mlp,Diagnostic26,after,1.82056420302608
B021_3,B,3,1729.0,0.0528069544563645,0.5886725120318836,0.2521796188540358,0.106340914657716,B,0.5886725120318836,21.0,,2026,mlp,Diagnostic26,after,1.82056420302608
IR007_3,IR,3,1721.0,0.0295457914015139,0.0753021454999754,0.8656420924223683,0.0295099706761423,IR,0.8656420924223683,7.0,,2026,mlp,Diagnostic26,after,1.82056420302608
IR014_3,IR,3,1726.0,0.2320706898832096,0.0660513960108036,0.6067390728802977,0.0951388412256889,IR,0.6067390728802977,14.0,,2026,mlp,Diagnostic26,after,1.82056420302608
IR021_3,IR,3,1727.0,0.0323541222665307,0.0524822544527112,0.8772119775687879,0.0379516457119702,IR,0.8772119775687879,21.0,,2026,mlp,Diagnostic26,after,1.82056420302608
N_3,N,3,1725.0,0.9056285473043928,0.0357513864577828,0.0237230880065491,0.0348969782312752,N,0.9056285473043928,,,2026,mlp,Diagnostic26,after,1.82056420302608
OR007@12_3,OR,3,1723.0,0.029870618999988,0.0336929103875026,0.0621203211914129,0.8743161494210964,OR,0.8743161494210964,7.0,Opposite,2026,mlp,Diagnostic26,after,1.82056420302608
OR007@3_3,OR,3,1724.0,0.0320734899157745,0.0243886020548237,0.0312037171233615,0.9123341909060402,OR,0.9123341909060402,7.0,Orthogonal,2026,mlp,Diagnostic26,after,1.82056420302608
OR007@6_3,OR,3,1725.0,0.0332196364991054,0.0238478503672417,0.0307079873664687,0.912224525767184,OR,0.912224525767184,7.0,Centered,2026,mlp,Diagnostic26,after,1.82056420302608
OR014@6_3,OR,3,1723.0,0.0517009642744686,0.6052582232468474,0.0320742983245313,0.3109665141541526,B,0.6052582232468474,14.0,Centered,2026,mlp,Diagnostic26,after,1.82056420302608
OR021@12_3,OR,3,1718.0,0.0354831057059008,0.0252821949970497,0.0619635612736451,0.8772711380234044,OR,0.8772711380234044,21.0,Opposite,2026,mlp,Diagnostic26,after,1.82056420302608
OR021@3_3,OR,3,1719.0,0.0322965311121089,0.0250379853870657,0.0377093627263733,0.904956120774452,OR,0.904956120774452,21.0,Orthogonal,2026,mlp,Diagnostic26,after,1.82056420302608
OR021@6_3,OR,3,1719.0,0.0373898296202672,0.0251106093303857,0.0319268066022834,0.9055727544470636,OR,0.9055727544470636,21.0,Centered,2026,mlp,Diagnostic26,after,1.82056420302608
B007_0,B,0,1796.0,0.024806527,0.4861911,0.013770742,0.47523165,B,0.4861911,7.0,,2027,mlp,Diagnostic26,before,0.7987718483269121
B014_0,B,0,1797.0,0.015314457,0.9429726,0.027040826,0.014672125,B,0.9429726,14.0,,2027,mlp,Diagnostic26,before,0.7987718483269121
B021_0,B,0,1797.0,0.011164563,0.6994088,0.26381415,0.025612453,B,0.6994088,21.0,,2027,mlp,Diagnostic26,before,0.7987718483269121
IR007_0,IR,0,1796.0,0.004701001,0.021625312,0.9496454,0.02402834,IR,0.9496454,7.0,,2027,mlp,Diagnostic26,before,0.7987718483269121
IR014_0,IR,0,1796.0,0.025135078,0.20605221,0.03100772,0.737805,OR,0.737805,14.0,,2027,mlp,Diagnostic26,before,0.7987718483269121
IR021_0,IR,0,1796.0,0.022976022,0.620609,0.3039987,0.052416258,B,0.620609,21.0,,2027,mlp,Diagnostic26,before,0.7987718483269121
N_0,N,0,1796.0,0.8707041,0.047244597,0.06327634,0.018774908,N,0.8707041,,,2027,mlp,Diagnostic26,before,0.7987718483269121
OR007@12_0,OR,0,1796.0,0.008073848,0.020038549,0.005035441,0.9668522,OR,0.9668522,7.0,Opposite,2027,mlp,Diagnostic26,before,0.7987718483269121
OR007@3_0,OR,0,1797.0,0.007366238,0.0076749227,0.004453078,0.9805057,OR,0.9805057,7.0,Orthogonal,2027,mlp,Diagnostic26,before,0.7987718483269121
OR007@6_0,OR,0,1796.0,0.01009102,0.0057230513,0.011350277,0.97283566,OR,0.97283566,7.0,Centered,2027,mlp,Diagnostic26,before,0.7987718483269121
OR014@6_0,OR,0,1796.0,0.024194274,0.81080496,0.013385034,0.15161572,B,0.81080496,14.0,Centered,2027,mlp,Diagnostic26,before,0.7987718483269121
OR021@12_0,OR,0,1796.0,0.0095138885,0.005382674,0.035079252,0.9500242,OR,0.9500242,21.0,Opposite,2027,mlp,Diagnostic26,before,0.7987718483269121
OR021@3_0,OR,0,1796.0,0.0075173443,0.0055908463,0.006323572,0.98056823,OR,0.98056823,21.0,Orthogonal,2027,mlp,Diagnostic26,before,0.7987718483269121
OR021@6_0,OR,0,1796.0,0.008329855,0.0037118269,0.006509949,0.98144835,OR,0.98144835,21.0,Centered,2027,mlp,Diagnostic26,before,0.7987718483269121
B007_0,B,0,1796.0,0.0120103876078021,0.4981291174051822,0.0057485058752274,0.484111989111788,B,0.4981291174051822,7.0,,2027,mlp,Diagnostic26,after,0.7987718483269121
B014_0,B,0,1797.0,0.0056230353254733,0.9775900228532912,0.0114575909162808,0.0053293509049546,B,0.9775900228532912,14.0,,2027,mlp,Diagnostic26,after,0.7987718483269121
B021_0,B,0,1797.0,0.0042754521517307,0.7595340778818688,0.2241001741650721,0.0120902958013285,B,0.7595340778818688,21.0,,2027,mlp,Diagnostic26,after,0.7987718483269121
IR007_0,IR,0,1796.0,0.0012741239004304,0.0086089565694389,0.9802940087226822,0.0098229108074482,IR,0.9802940087226822,7.0,,2027,mlp,Diagnostic26,after,0.7987718483269121
IR014_0,IR,0,1796.0,0.011764977064007,0.1638583030783509,0.0153021812264324,0.8090745386312097,OR,0.8090745386312097,14.0,,2027,mlp,Diagnostic26,after,0.7987718483269121
IR021_0,IR,0,1796.0,0.0109723496706789,0.6799547543459801,0.2782603894142554,0.0308125065690855,B,0.6799547543459801,21.0,,2027,mlp,Diagnostic26,after,0.7987718483269121
N_0,N,0,1796.0,0.93302154831232,0.0242974879664204,0.0350281137658822,0.0076528499553775,N,0.93302154831232,,,2027,mlp,Diagnostic26,after,0.7987718483269121
OR007@12_0,OR,0,1796.0,0.0024723393717427,0.0077152315697696,0.0013690212314406,0.988443407827047,OR,0.988443407827047,7.0,Opposite,2027,mlp,Diagnostic26,after,0.7987718483269121
OR007@3_0,OR,0,1797.0,0.0021787569503959,0.0022936565082034,0.0011602641473684,0.994367322394032,OR,0.994367322394032,7.0,Orthogonal,2027,mlp,Diagnostic26,after,0.7987718483269121
OR007@6_0,OR,0,1796.0,0.0032530868888848,0.0015993296572859,0.0037690600884437,0.9913785233653856,OR,0.9913785233653856,7.0,Centered,2027,mlp,Diagnostic26,after,0.7987718483269121
OR014@6_0,OR,0,1796.0,0.0107986550158678,0.876608678711884,0.0051464665582019,0.1074461997140462,B,0.876608678711884,14.0,Centered,2027,mlp,Diagnostic26,after,0.7987718483269121
OR021@12_0,OR,0,1796.0,0.003076179206254,0.0015077739901225,0.0157567307183562,0.9796593160852672,OR,0.9796593160852672,21.0,Opposite,2027,mlp,Diagnostic26,after,0.7987718483269121
OR021@3_0,OR,0,1796.0,0.002234800019628,0.0015426163132418,0.0017997693759645,0.9944228142911656,OR,0.9944228142911656,21.0,Orthogonal,2027,mlp,Diagnostic26,after,0.7987718483269121
OR021@6_0,OR,0,1796.0,0.0025389968356413,0.0009229439036606,0.0018647970697167,0.9946732621909814,OR,0.9946732621909814,21.0,Centered,2027,mlp,Diagnostic26,after,0.7987718483269121
B007_1,B,1,1772.0,0.019282406,0.67118293,0.04534068,0.26419398,B,0.67118293,7.0,,2027,mlp,Diagnostic26,before,1.7756774624529006
B014_1,B,1,1772.0,0.030407656,0.77198166,0.13993609,0.057674598,B,0.77198166,14.0,,2027,mlp,Diagnostic26,before,1.7756774624529006
B021_1,B,1,1774.0,0.021085184,0.41064152,0.49708304,0.07119022,IR,0.49708304,21.0,,2027,mlp,Diagnostic26,before,1.7756774624529006
IR007_1,IR,1,1772.0,0.032148115,0.038652312,0.9133584,0.015841192,IR,0.9133584,7.0,,2027,mlp,Diagnostic26,before,1.7756774624529006
IR014_1,IR,1,1772.0,0.019851988,0.08634502,0.85594666,0.037856344,IR,0.85594666,14.0,,2027,mlp,Diagnostic26,before,1.7756774624529006
IR021_1,IR,1,1774.0,0.019402673,0.09239992,0.83749276,0.050704684,IR,0.83749276,21.0,,2027,mlp,Diagnostic26,before,1.7756774624529006
N_1_(1772rpm),N,1,1772.0,0.9718734,0.01071049,0.010677528,0.0067385924,N,0.9718734,,,2027,mlp,Diagnostic26,before,1.7756774624529006
OR007@12_1,OR,1,1772.0,0.01735564,0.07323755,0.3915541,0.5178527,OR,0.5178527,7.0,Opposite,2027,mlp,Diagnostic26,before,1.7756774624529006
OR007@3_1,OR,1,1773.0,0.009584567,0.018356597,0.035248455,0.9368104,OR,0.9368104,7.0,Orthogonal,2027,mlp,Diagnostic26,before,1.7756774624529006
OR007@6_1,OR,1,1774.0,0.013284943,0.018068252,0.04022944,0.9284173,OR,0.9284173,7.0,Centered,2027,mlp,Diagnostic26,before,1.7756774624529006
OR014@6_1,OR,1,1772.0,0.020166319,0.6269201,0.048779868,0.30413368,B,0.6269201,14.0,Centered,2027,mlp,Diagnostic26,before,1.7756774624529006
OR021@12_1,OR,1,1771.0,0.018169245,0.027201857,0.109764196,0.8448647,OR,0.8448647,21.0,Opposite,2027,mlp,Diagnostic26,before,1.7756774624529006
OR021@3_1,OR,1,1770.0,0.010567671,0.027460974,0.06789187,0.8940795,OR,0.8940795,21.0,Orthogonal,2027,mlp,Diagnostic26,before,1.7756774624529006
OR021@6_1,OR,1,1771.0,0.013381901,0.020616325,0.0444757,0.9215261,OR,0.9215261,21.0,Centered,2027,mlp,Diagnostic26,before,1.7756774624529006
B007_1,B,1,1772.0,0.0695975205748182,0.513823931117996,0.1126450610666972,0.3039334872404886,B,0.513823931117996,7.0,,2027,mlp,Diagnostic26,after,1.7756774624529006
B014_1,B,1,1772.0,0.0910988831448632,0.5630521561457627,0.2152096331440175,0.1306393275653566,B,0.5630521561457627,14.0,,2027,mlp,Diagnostic26,after,1.7756774624529006
B021_1,B,1,1774.0,0.0702452095913503,0.3739471527227828,0.416422181768852,0.1393854559170149,IR,0.416422181768852,21.0,,2027,mlp,Diagnostic26,after,1.7756774624529006
IR007_1,IR,1,1772.0,0.1067740667567757,0.118448687824734,0.7031023654411099,0.0716748799773801,IR,0.7031023654411099,7.0,,2027,mlp,Diagnostic26,after,1.7756774624529006
IR014_1,IR,1,1772.0,0.0765961585084369,0.1752873153726877,0.6379418567038521,0.1101746694150232,IR,0.6379418567038521,14.0,,2027,mlp,Diagnostic26,after,1.7756774624529006
IR021_1,IR,1,1774.0,0.0742951462228516,0.17892851498094,0.6191602507775689,0.1276160880186394,IR,0.6191602507775689,21.0,,2027,mlp,Diagnostic26,after,1.7756774624529006
N_1_(1772rpm),N,1,1772.0,0.8205996605600653,0.0647986610596911,0.064686278627931,0.0499153997523123,N,0.8205996605600653,,,2027,mlp,Diagnostic26,after,1.7756774624529006
OR007@12_1,OR,1,1772.0,0.0632827805202431,0.1423734455425781,0.3659704397973389,0.4283733341398398,OR,0.4283733341398398,7.0,Opposite,2027,mlp,Diagnostic26,after,1.7756774624529006
OR007@3_1,OR,1,1773.0,0.0564041436672172,0.0813293590275906,0.1174408193822,0.7448256779229921,OR,0.7448256779229921,7.0,Orthogonal,2027,mlp,Diagnostic26,after,1.7756774624529006
OR007@6_1,OR,1,1774.0,0.066723425957077,0.0793400915412568,0.1245273230192233,0.7294091594824428,OR,0.7294091594824428,7.0,Centered,2027,mlp,Diagnostic26,after,1.7756774624529006
OR014@6_1,OR,1,1772.0,0.070514564846654,0.4884850578995837,0.1159623296818433,0.3250380475719189,B,0.4884850578995837,14.0,Centered,2027,mlp,Diagnostic26,after,1.7756774624529006
OR021@12_1,OR,1,1771.0,0.0729959954818967,0.091622119599519,0.2010022394942301,0.6343796454243542,OR,0.6343796454243542,21.0,Opposite,2027,mlp,Diagnostic26,after,1.7756774624529006
OR021@3_1,OR,1,1770.0,0.0563787306011532,0.0965340664374607,0.1607170412343497,0.6863701617270364,OR,0.6863701617270364,21.0,Orthogonal,2027,mlp,Diagnostic26,after,1.7756774624529006
OR021@6_1,OR,1,1771.0,0.066295907680466,0.0845647093275752,0.1303876824609015,0.7187517005310572,OR,0.7187517005310572,21.0,Centered,2027,mlp,Diagnostic26,after,1.7756774624529006
B007_2,B,2,1747.0,0.0013266423,0.8396851,0.0013791788,0.1576091,B,0.8396851,7.0,,2027,mlp,Diagnostic26,before,0.6380364656795914
B014_2,B,2,1748.0,0.0038200791,0.971113,0.017824335,0.0072425976,B,0.971113,14.0,,2027,mlp,Diagnostic26,before,0.6380364656795914
B021_2,B,2,1754.0,0.0011580216,0.9827238,0.010885254,0.0052329106,B,0.9827238,21.0,,2027,mlp,Diagnostic26,before,0.6380364656795914
IR007_2,IR,2,1748.0,0.0010065143,0.0038564273,0.9943223,0.00081478053,IR,0.9943223,7.0,,2027,mlp,Diagnostic26,before,0.6380364656795914
IR014_2,IR,2,1751.0,0.000984278,0.009513508,0.988461,0.001041239,IR,0.988461,14.0,,2027,mlp,Diagnostic26,before,0.6380364656795914
IR021_2,IR,2,1752.0,0.0028079287,0.0024021983,0.990766,0.0040239007,IR,0.990766,21.0,,2027,mlp,Diagnostic26,before,0.6380364656795914
N_2_(1750rpm),N,2,1750.0,0.9979929,0.00062184804,0.00091713987,0.00046813276,N,0.9979929,,,2027,mlp,Diagnostic26,before,0.6380364656795914
OR007@12_2,OR,2,1749.0,0.000674285,0.00039456558,0.024391444,0.9745397,OR,0.9745397,7.0,Opposite,2027,mlp,Diagnostic26,before,0.6380364656795914
OR007@3_2,OR,2,1750.0,0.0002181293,0.00023862832,0.0019290723,0.9976142,OR,0.9976142,7.0,Orthogonal,2027,mlp,Diagnostic26,before,0.6380364656795914
OR007@6_2,OR,2,1750.0,0.00029984393,0.00024016912,0.0022127978,0.9972472,OR,0.9972472,7.0,Centered,2027,mlp,Diagnostic26,before,0.6380364656795914
OR014@6_2,OR,2,1749.0,0.002984618,0.27132982,0.08487009,0.64081544,OR,0.64081544,14.0,Centered,2027,mlp,Diagnostic26,before,0.6380364656795914
OR021@12_2,OR,2,1746.0,0.00063392846,0.00050263543,0.0058497773,0.9930137,OR,0.9930137,21.0,Opposite,2027,mlp,Diagnostic26,before,0.6380364656795914
OR021@3_2,OR,2,1746.0,0.0002198754,0.0003928085,0.00077853317,0.99860877,OR,0.99860877,21.0,Orthogonal,2027,mlp,Diagnostic26,before,0.6380364656795914
OR021@6_2,OR,2,1747.0,0.0005502329,0.000301256,0.0011228325,0.9980257,OR,0.9980257,21.0,Centered,2027,mlp,Diagnostic26,before,0.6380364656795914
B007_2,B,2,1747.0,3.792315140337778e-05,0.9321889479291198,4.030322445154784e-05,0.0677328256950251,B,0.9321889479291198,7.0,,2027,mlp,Diagnostic26,after,0.6380364656795914
B014_2,B,2,1748.0,0.000169517616151,0.9974732907765872,0.0018951855919047,0.0004620060153571,B,0.9974732907765872,14.0,,2027,mlp,Diagnostic26,after,0.6380364656795914
B021_2,B,2,1754.0,2.5662375573379555e-05,0.9988415247731496,0.0008599617408464,0.0002728511104306,B,0.9988415247731496,21.0,,2027,mlp,Diagnostic26,after,0.6380364656795914
IR007_2,IR,2,1748.0,2.0243355569216637e-05,0.0001661865073552,0.9997990344350324,1.453570204316125e-05,IR,0.9997990344350324,7.0,,2027,mlp,Diagnostic26,after,0.6380364656795914
IR014_2,IR,2,1751.0,1.9718322579568255e-05,0.000690268801625,0.9992684769540044,2.1535921791002723e-05,IR,0.9992684769540044,14.0,,2027,mlp,Diagnostic26,after,0.6380364656795914
IR021_2,IR,2,1752.0,0.0001016229881272,7.957270914540081e-05,0.9996401960833684,0.0001786082193588,IR,0.9996401960833684,21.0,,2027,mlp,Diagnostic26,after,0.6380364656795914
N_2_(1750rpm),N,2,1750.0,0.9999670715404312,9.463836600574013e-06,1.7400133982047834e-05,6.064488986329537e-06,N,0.9999670715404312,,,2027,mlp,Diagnostic26,after,0.6380364656795914
OR007@12_2,OR,2,1749.0,1.111801918361541e-05,4.8003912339080825e-06,0.0030797230324525,0.9969043585571298,OR,0.9969043585571298,7.0,Opposite,2027,mlp,Diagnostic26,after,0.6380364656795914
OR007@3_2,OR,2,1750.0,1.833306723101988e-06,2.110438340421728e-06,5.583460702569617e-05,0.9999402216479109,OR,0.9999402216479109,7.0,Orthogonal,2027,mlp,Diagnostic26,after,0.6380364656795914
OR007@6_2,OR,2,1750.0,3.020312519045653e-06,2.1330334798710698e-06,6.927053239915318e-05,0.999925576121602,OR,0.999925576121602,7.0,Centered,2027,mlp,Diagnostic26,after,0.6380364656795914
OR014@6_2,OR,2,1749.0,0.0001700447841422,0.1996675857735924,0.0323012825535516,0.7678610868887136,OR,0.7678610868887136,14.0,Centered,2027,mlp,Diagnostic26,after,0.6380364656795914
OR021@12_2,OR,2,1746.0,9.827346266475827e-06,6.830801977211796e-06,0.0003199221364956,0.9996634197152606,OR,0.9996634197152606,21.0,Opposite,2027,mlp,Diagnostic26,after,0.6380364656795914
OR021@3_2,OR,2,1746.0,1.8535367948191276e-06,4.602243571703569e-06,1.344655644399111e-05,0.9999800976631894,OR,0.9999800976631894,21.0,Orthogonal,2027,mlp,Diagnostic26,after,0.6380364656795914
OR021@6_2,OR,2,1747.0,7.811975624766156e-06,3.0390368209922065e-06,2.38926086191785e-05,0.9999652563789352,OR,0.9999652563789352,21.0,Centered,2027,mlp,Diagnostic26,after,0.6380364656795914
B007_3,B,3,1721.0,0.0020519067,0.99070567,0.0019736427,0.005268769,B,0.99070567,7.0,,2027,mlp,Diagnostic26,before,0.8396660302054414
B014_3,B,3,1725.0,0.0013649411,0.99499375,0.0012896293,0.0023516498,B,0.99499375,14.0,,2027,mlp,Diagnostic26,before,0.8396660302054414
B021_3,B,3,1729.0,0.004537602,0.8755995,0.11174906,0.008113855,B,0.8755995,21.0,,2027,mlp,Diagnostic26,before,0.8396660302054414
IR007_3,IR,3,1721.0,0.00087887206,0.010902003,0.98762405,0.00059512205,IR,0.98762405,7.0,,2027,mlp,Diagnostic26,before,0.8396660302054414
IR014_3,IR,3,1726.0,0.029788181,0.024179982,0.78140247,0.16462938,IR,0.78140247,14.0,,2027,mlp,Diagnostic26,before,0.8396660302054414
IR021_3,IR,3,1727.0,0.0010453745,0.0038871816,0.99374104,0.0013263831,IR,0.99374104,21.0,,2027,mlp,Diagnostic26,before,0.8396660302054414
N_3,N,3,1725.0,0.99696064,0.001405616,0.00074884016,0.0008849013,N,0.99696064,,,2027,mlp,Diagnostic26,before,0.8396660302054414
OR007@12_3,OR,3,1723.0,0.0014240099,0.0008858718,0.0136077255,0.9840824,OR,0.9840824,7.0,Opposite,2027,mlp,Diagnostic26,before,0.8396660302054414
OR007@3_3,OR,3,1724.0,0.0008104989,0.00025196653,0.0010273595,0.99791014,OR,0.99791014,7.0,Orthogonal,2027,mlp,Diagnostic26,before,0.8396660302054414
OR007@6_3,OR,3,1725.0,0.00069424964,0.00019981246,0.0009174122,0.99818856,OR,0.99818856,7.0,Centered,2027,mlp,Diagnostic26,before,0.8396660302054414
OR014@6_3,OR,3,1723.0,0.004038075,0.8439078,0.0018194288,0.15023477,B,0.8439078,14.0,Centered,2027,mlp,Diagnostic26,before,0.8396660302054414
OR021@12_3,OR,3,1718.0,0.00083845557,0.00034926223,0.0018841438,0.99692816,OR,0.99692816,21.0,Opposite,2027,mlp,Diagnostic26,before,0.8396660302054414
OR021@3_3,OR,3,1719.0,0.0011857273,0.00034765483,0.0010513362,0.99741524,OR,0.99741524,21.0,Orthogonal,2027,mlp,Diagnostic26,before,0.8396660302054414
OR021@6_3,OR,3,1719.0,0.00073334883,0.00023975562,0.0010462451,0.99798065,OR,0.99798065,21.0,Centered,2027,mlp,Diagnostic26,before,0.8396660302054414
B007_3,B,3,1721.0,0.0006343907714206,0.9968095816408808,0.0006056794176375,0.0019503481700612,B,0.9968095816408808,7.0,,2027,mlp,Diagnostic26,after,0.8396660302054414
B014_3,B,3,1725.0,0.0003890543721307,0.9985036459850052,0.0003636256897597,0.0007436739531045,B,0.9985036459850052,14.0,,2027,mlp,Diagnostic26,after,0.8396660302054414
B021_3,B,3,1729.0,0.0017376176795557,0.915893257501348,0.0788973549362409,0.0034717698828554,B,0.915893257501348,21.0,,2027,mlp,Diagnostic26,after,0.8396660302054414
IR007_3,IR,3,1721.0,0.0002315386726781,0.0046453994534958,0.9949775252170292,0.0001455366567969,IR,0.9949775252170292,7.0,,2027,mlp,Diagnostic26,after,0.8396660302054414
IR014_3,IR,3,1726.0,0.0171260573727942,0.0133589286718229,0.8383270769139004,0.1311879370414823,IR,0.8383270769139004,14.0,,2027,mlp,Diagnostic26,after,0.8396660302054414
IR021_3,IR,3,1727.0,0.0002834487804736,0.0013544037466846,0.9979857772028712,0.0003763702699705,IR,0.9979857772028712,21.0,,2027,mlp,Diagnostic26,after,0.8396660302054414
N_3,N,3,1725.0,0.999175962863662,0.0004022250493052,0.0001900076524264,0.0002318044346062,N,0.999175962863662,,,2027,mlp,Diagnostic26,after,0.8396660302054414
OR007@12_3,OR,3,1723.0,0.0004124314765539,0.0002343402532089,0.0060646685735124,0.9932885596967248,OR,0.9932885596967248,7.0,Opposite,2027,mlp,Diagnostic26,after,0.8396660302054414
OR007@3_3,OR,3,1724.0,0.0002086067538597,5.188347885174032e-05,0.0002766689796731,0.9994628407876154,OR,0.9994628407876154,7.0,Orthogonal,2027,mlp,Diagnostic26,after,0.8396660302054414
OR007@6_3,OR,3,1725.0,0.0001734380512189,3.935210047214322e-05,0.0002417171546142,0.9995454926936946,OR,0.9995454926936946,7.0,Centered,2027,mlp,Diagnostic26,after,0.8396660302054414
OR014@6_3,OR,3,1723.0,0.0015261856300056,0.8846149970362218,0.0005905460287826,0.1132682713049901,B,0.8846149970362218,14.0,Centered,2027,mlp,Diagnostic26,after,0.8396660302054414
OR021@12_3,OR,3,1718.0,0.0002173878757477,7.660961686103255e-05,0.0005701822750487,0.9991358202323424,OR,0.9991358202323424,21.0,Opposite,2027,mlp,Diagnostic26,after,0.8396660302054414
OR021@3_3,OR,3,1719.0,0.0003283238446077,7.61589411908704e-05,0.0002845007403645,0.9993110164738368,OR,0.9993110164738368,21.0,Orthogonal,2027,mlp,Diagnostic26,after,0.8396660302054414
OR021@6_3,OR,3,1719.0,0.0001851670227647,4.8899878251159074e-05,0.0002827185956385,0.9994832145033457,OR,0.9994832145033457,21.0,Centered,2027,mlp,Diagnostic26,after,0.8396660302054414
B007_0,B,0,1796.0,0.013954217,0.68039495,0.027859014,0.2777919,B,0.68039495,7.0,,2028,mlp,Diagnostic26,before,0.333392379128429
B014_0,B,0,1797.0,0.009355189,0.84786433,0.06767487,0.07510562,B,0.84786433,14.0,,2028,mlp,Diagnostic26,before,0.333392379128429
B021_0,B,0,1797.0,0.023509618,0.6527299,0.21062069,0.11313975,B,0.6527299,21.0,,2028,mlp,Diagnostic26,before,0.333392379128429
IR007_0,IR,0,1796.0,0.049115505,0.044020057,0.76248944,0.144375,IR,0.76248944,7.0,,2028,mlp,Diagnostic26,before,0.333392379128429
IR014_0,IR,0,1796.0,0.021409243,0.41227412,0.07110463,0.49521202,OR,0.49521202,14.0,,2028,mlp,Diagnostic26,before,0.333392379128429
IR021_0,IR,0,1796.0,0.024144202,0.34977463,0.28487888,0.3412023,B,0.34977463,21.0,,2028,mlp,Diagnostic26,before,0.333392379128429
N_0,N,0,1796.0,0.90133405,0.015821915,0.055020407,0.027823677,N,0.90133405,,,2028,mlp,Diagnostic26,before,0.333392379128429
OR007@12_0,OR,0,1796.0,0.019058233,0.12587388,0.05090596,0.8041619,OR,0.8041619,7.0,Opposite,2028,mlp,Diagnostic26,before,0.333392379128429
OR007@3_0,OR,0,1797.0,0.02599279,0.026083147,0.052017376,0.8959067,OR,0.8959067,7.0,Orthogonal,2028,mlp,Diagnostic26,before,0.333392379128429
OR007@6_0,OR,0,1796.0,0.03104276,0.021662492,0.09612517,0.8511696,OR,0.8511696,7.0,Centered,2028,mlp,Diagnostic26,before,0.333392379128429
OR014@6_0,OR,0,1796.0,0.012526324,0.73823625,0.028664127,0.22057329,B,0.73823625,14.0,Centered,2028,mlp,Diagnostic26,before,0.333392379128429
OR021@12_0,OR,0,1796.0,0.024033895,0.04870276,0.15720928,0.7700541,OR,0.7700541,21.0,Opposite,2028,mlp,Diagnostic26,before,0.333392379128429
OR021@3_0,OR,0,1796.0,0.02619282,0.070228636,0.15106833,0.75251025,OR,0.75251025,21.0,Orthogonal,2028,mlp,Diagnostic26,before,0.333392379128429
OR021@6_0,OR,0,1796.0,0.02197378,0.04475751,0.0678085,0.8654602,OR,0.8654602,21.0,Centered,2028,mlp,Diagnostic26,before,0.333392379128429
B007_0,B,0,1796.0,8.092651106328843e-06,0.9361829998949092,6.437423652412371e-05,0.0637445332174604,B,0.9361829998949092,7.0,,2028,mlp,Diagnostic26,after,0.333392379128429
B014_0,B,0,1797.0,1.3449150910650604e-06,0.9987949284015264,0.0005085841934877,0.000695142489895,B,0.9987949284015264,14.0,,2028,mlp,Diagnostic26,after,0.333392379128429
B021_0,B,0,1797.0,4.505460007415279e-05,0.9625781337520024,0.0323593332587923,0.0050174783891308,B,0.9625781337520024,21.0,,2028,mlp,Diagnostic26,after,0.333392379128429
IR007_0,IR,0,1796.0,0.0002657343915668,0.0001913238003807,0.9927973646678782,0.0067455771401742,IR,0.9927973646678782,7.0,,2028,mlp,Diagnostic26,after,0.333392379128429
IR014_0,IR,0,1796.0,5.122327023272465e-05,0.3652069754413956,0.0018753400789803,0.6328664612093913,OR,0.6328664612093913,14.0,,2028,mlp,Diagnostic26,after,0.333392379128429
IR021_0,IR,0,1796.0,0.0001334074394555,0.4050322002848351,0.2188531232192909,0.3759812690564184,B,0.4050322002848351,21.0,,2028,mlp,Diagnostic26,after,0.333392379128429
N_0,N,0,1796.0,0.9997373748245496,5.419241835563919e-06,0.0002277430870201,2.946284659482974e-05,N,0.9997373748245496,,,2028,mlp,Diagnostic26,after,0.333392379128429
OR007@12_0,OR,0,1796.0,1.328315598353884e-05,0.0038231789933181,0.0002530070167283,0.99591053083397,OR,0.99591053083397,7.0,Opposite,2028,mlp,Diagnostic26,after,0.333392379128429
OR007@3_0,OR,0,1797.0,2.4461366307546936e-05,2.4717308791931404e-05,0.0001959779700667,0.9997548433548338,OR,0.9997548433548338,7.0,Orthogonal,2028,mlp,Diagnostic26,after,0.333392379128429
OR007@6_0,OR,0,1796.0,4.852244706972161e-05,1.6491872882356458e-05,0.0014398334675254,0.9984951522125224,OR,0.9984951522125224,7.0,Centered,2028,mlp,Diagnostic26,after,0.333392379128429
OR014@6_0,OR,0,1796.0,4.768251699974945e-06,0.973943402136278,5.711016188338032e-05,0.0259947194501387,B,0.973943402136278,14.0,Centered,2028,mlp,Diagnostic26,after,0.333392379128429
OR021@12_0,OR,0,1796.0,3.0192825726735477e-05,0.0002511475995005,0.0084417492162582,0.9912769103585144,OR,0.9912769103585144,21.0,Opposite,2028,mlp,Diagnostic26,after,0.333392379128429
OR021@3_0,OR,0,1796.0,4.187098068985947e-05,0.0008066432011354,0.008025688770682,0.9911257970474924,OR,0.9911257970474924,21.0,Orthogonal,2028,mlp,Diagnostic26,after,0.333392379128429
OR021@6_0,OR,0,1796.0,1.638869185948413e-05,0.0001384406306345,0.000481307212353,0.999363863465153,OR,0.999363863465153,21.0,Centered,2028,mlp,Diagnostic26,after,0.333392379128429
B007_1,B,1,1772.0,0.002482149,0.7677741,0.0023291546,0.2274146,B,0.7677741,7.0,,2028,mlp,Diagnostic26,before,0.8396660302054414
B014_1,B,1,1772.0,0.004495467,0.8147892,0.021931339,0.15878402,B,0.8147892,14.0,,2028,mlp,Diagnostic26,before,0.8396660302054414
B021_1,B,1,1774.0,0.0014876677,0.92463845,0.070596516,0.003277303,B,0.92463845,21.0,,2028,mlp,Diagnostic26,before,0.8396660302054414
IR007_1,IR,1,1772.0,8.423384e-05,4.4868688e-05,0.99982876,4.2179072e-05,IR,0.99982876,7.0,,2028,mlp,Diagnostic26,before,0.8396660302054414
IR014_1,IR,1,1772.0,0.00027237023,0.0043979296,0.99518245,0.00014724614,IR,0.99518245,14.0,,2028,mlp,Diagnostic26,before,0.8396660302054414
IR021_1,IR,1,1774.0,0.0012330172,0.04090135,0.9574009,0.0004647129,IR,0.9574009,21.0,,2028,mlp,Diagnostic26,before,0.8396660302054414
N_1_(1772rpm),N,1,1772.0,0.99887305,0.00041160427,0.00024033421,0.0004749694,N,0.99887305,,,2028,mlp,Diagnostic26,before,0.8396660302054414
OR007@12_1,OR,1,1772.0,0.0005543893,0.00013996901,0.0053463173,0.9939593,OR,0.9939593,7.0,Opposite,2028,mlp,Diagnostic26,before,0.8396660302054414
OR007@3_1,OR,1,1773.0,0.00030539304,6.218053e-05,0.00072639115,0.9989061,OR,0.9989061,7.0,Orthogonal,2028,mlp,Diagnostic26,before,0.8396660302054414
OR007@6_1,OR,1,1774.0,0.00023322357,5.9349062e-05,0.0004198729,0.99928755,OR,0.99928755,7.0,Centered,2028,mlp,Diagnostic26,before,0.8396660302054414
OR014@6_1,OR,1,1772.0,0.0028514662,0.09895346,0.0027307144,0.89546436,OR,0.89546436,14.0,Centered,2028,mlp,Diagnostic26,before,0.8396660302054414
OR021@12_1,OR,1,1771.0,0.00030075162,6.9250505e-05,0.00054665294,0.9990834,OR,0.9990834,21.0,Opposite,2028,mlp,Diagnostic26,before,0.8396660302054414
OR021@3_1,OR,1,1770.0,0.00019840251,0.00015270434,0.00022112629,0.9994278,OR,0.9994278,21.0,Orthogonal,2028,mlp,Diagnostic26,before,0.8396660302054414
OR021@6_1,OR,1,1771.0,0.00033504405,5.58081e-05,0.0002967078,0.99931246,OR,0.99931246,21.0,Centered,2028,mlp,Diagnostic26,before,0.8396660302054414
B007_1,B,1,1772.0,0.0008744315170478,0.8084880328854717,0.0008106257963011,0.1898269098011794,B,0.8084880328854717,7.0,,2028,mlp,Diagnostic26,after,0.8396660302054414
B014_1,B,1,1772.0,0.0017650187808234,0.8634472833435687,0.0116538249981757,0.123133872877432,B,0.8634472833435687,14.0,,2028,mlp,Diagnostic26,after,0.8396660302054414
B021_1,B,1,1774.0,0.0004493628711142,0.953838122473886,0.0445614343381846,0.0011510803168153,B,0.953838122473886,21.0,,2028,mlp,Diagnostic26,after,0.8396660302054414
IR007_1,IR,1,1772.0,1.404547529362479e-05,6.6337670358695e-06,0.9999731578230084,6.162934662214384e-06,IR,0.9999731578230084,7.0,,2028,mlp,Diagnostic26,after,0.8396660302054414
IR014_1,IR,1,1772.0,5.704722409781992e-05,0.0015667774234976,0.9983487524679616,2.742288444302721e-05,IR,0.9983487524679616,14.0,,2028,mlp,Diagnostic26,after,0.8396660302054414
IR021_1,IR,1,1774.0,0.0003529891157407,0.0228517834668426,0.9766848054690564,0.00011042194836,IR,0.9766848054690564,21.0,,2028,mlp,Diagnostic26,after,0.8396660302054414
N_1_(1772rpm),N,1,1772.0,0.999747703946596,9.30013974441736e-05,4.900124056878097e-05,0.0001102934153909,N,0.999747703946596,,,2028,mlp,Diagnostic26,after,0.8396660302054414
OR007@12_1,OR,1,1772.0,0.0001331225650048,2.584177009395692e-05,0.0019789365582122,0.9978620991066892,OR,0.9978620991066892,7.0,Opposite,2028,mlp,Diagnostic26,after,0.8396660302054414
OR007@3_1,OR,1,1773.0,6.517756838242523e-05,9.792827641158665e-06,0.0001829220714519,0.9997421075325243,OR,0.9997421075325243,7.0,Orthogonal,2028,mlp,Diagnostic26,after,0.8396660302054414
OR007@6_1,OR,1,1774.0,4.726094898180594e-05,9.260858973359232e-06,9.519320964770112e-05,0.9998482849823972,OR,0.9998482849823972,7.0,Centered,2028,mlp,Diagnostic26,after,0.8396660302054414
OR014@6_1,OR,1,1772.0,0.0009884657051225,0.0675236882508412,0.0009388178577468,0.9305490281862896,OR,0.9305490281862896,14.0,Centered,2028,mlp,Diagnostic26,after,0.8396660302054414
OR021@12_1,OR,1,1771.0,6.398938354756286e-05,1.113109887917445e-05,0.0001303658357524,0.9997945136818208,OR,0.9997945136818208,21.0,Opposite,2028,mlp,Diagnostic26,after,0.8396660302054414
OR021@3_1,OR,1,1770.0,3.8977357105064415e-05,2.8536876233838098e-05,4.435045102350517e-05,0.9998881353156376,OR,0.9998881353156376,21.0,Orthogonal,2028,mlp,Diagnostic26,after,0.8396660302054414
OR021@6_1,OR,1,1771.0,7.275523439295381e-05,8.606437893425105e-06,6.295269399215122e-05,0.9998556856337214,OR,0.9998556856337214,21.0,Centered,2028,mlp,Diagnostic26,after,0.8396660302054414
B007_2,B,2,1747.0,0.0019915113,0.8296536,0.0012428894,0.16711201,B,0.8296536,7.0,,2028,mlp,Diagnostic26,before,0.7050390422809653
B014_2,B,2,1748.0,0.0018671073,0.9837895,0.005988903,0.008354489,B,0.9837895,14.0,,2028,mlp,Diagnostic26,before,0.7050390422809653
B021_2,B,2,1754.0,0.001203749,0.9568027,0.033590842,0.008402709,B,0.9568027,21.0,,2028,mlp,Diagnostic26,before,0.7050390422809653
IR007_2,IR,2,1748.0,0.0017725087,0.001646126,0.99584717,0.0007342166,IR,0.99584717,7.0,,2028,mlp,Diagnostic26,before,0.7050390422809653
IR014_2,IR,2,1751.0,0.0023563763,0.021531032,0.97322893,0.002883644,IR,0.97322893,14.0,,2028,mlp,Diagnostic26,before,0.7050390422809653
IR021_2,IR,2,1752.0,0.006312509,0.00851754,0.98046017,0.0047098203,IR,0.98046017,21.0,,2028,mlp,Diagnostic26,before,0.7050390422809653
N_2_(1750rpm),N,2,1750.0,0.996041,0.0008357287,0.002255811,0.00086747826,N,0.996041,,,2028,mlp,Diagnostic26,before,0.7050390422809653
OR007@12_2,OR,2,1749.0,0.0023072348,0.0018041612,0.013072944,0.9828157,OR,0.9828157,7.0,Opposite,2028,mlp,Diagnostic26,before,0.7050390422809653
OR007@3_2,OR,2,1750.0,0.0016814332,0.001522314,0.0045521944,0.99224406,OR,0.99224406,7.0,Orthogonal,2028,mlp,Diagnostic26,before,0.7050390422809653
OR007@6_2,OR,2,1750.0,0.0011891897,0.0012318053,0.0020460587,0.99553293,OR,0.99553293,7.0,Centered,2028,mlp,Diagnostic26,before,0.7050390422809653
OR014@6_2,OR,2,1749.0,0.0059762793,0.24988067,0.056505192,0.68763787,OR,0.68763787,14.0,Centered,2028,mlp,Diagnostic26,before,0.7050390422809653
OR021@12_2,OR,2,1746.0,0.0016684689,0.0016721044,0.008200789,0.98845863,OR,0.98845863,21.0,Opposite,2028,mlp,Diagnostic26,before,0.7050390422809653
OR021@3_2,OR,2,1746.0,0.0008898681,0.002111046,0.002155277,0.99484384,OR,0.99484384,21.0,Orthogonal,2028,mlp,Diagnostic26,before,0.7050390422809653
OR021@6_2,OR,2,1747.0,0.0012981578,0.0019706697,0.0034548796,0.9932763,OR,0.9932763,21.0,Centered,2028,mlp,Diagnostic26,before,0.7050390422809653
B007_2,B,2,1747.0,0.0001744199372756,0.9063517446174826,8.936886949125069e-05,0.0933844665757506,B,0.9063517446174826,7.0,,2028,mlp,Diagnostic26,after,0.7050390422809653
B014_2,B,2,1748.0,0.000137634162898,0.9979907393770328,0.0007189016301655,0.0011527248299035,B,0.9979907393770328,14.0,,2028,mlp,Diagnostic26,after,0.7050390422809653
B021_2,B,2,1754.0,7.621718060850171e-05,0.9901627004093276,0.008561626461976,0.001199455948088,B,0.9901627004093276,21.0,,2028,mlp,Diagnostic26,after,0.7050390422809653
IR007_2,IR,2,1748.0,0.000125877595101,0.0001133399867729,0.9997247203530468,3.606206507917685e-05,IR,0.9997247203530468,7.0,,2028,mlp,Diagnostic26,after,0.7050390422809653
IR014_2,IR,2,1751.0,0.0001938503435644,0.0044694762863645,0.9950785349836802,0.0002581383863908,IR,0.9950785349836802,14.0,,2028,mlp,Diagnostic26,after,0.7050390422809653
IR021_2,IR,2,1752.0,0.0007779798860785,0.0011899108386487,0.9975185907344544,0.0005135185408181,IR,0.9975185907344544,21.0,,2028,mlp,Diagnostic26,after,0.7050390422809653
N_2_(1750rpm),N,2,1750.0,0.9997338482082871,4.3321640301470754e-05,0.0001771557550955,4.567439631574682e-05,N,0.9997338482082871,,,2028,mlp,Diagnostic26,after,0.7050390422809653
OR007@12_2,OR,2,1749.0,0.0001859963248268,0.0001312200053713,0.0021773575106533,0.9975054261591484,OR,0.9975054261591484,7.0,Opposite,2028,mlp,Diagnostic26,after,0.7050390422809653
OR007@3_2,OR,2,1750.0,0.0001173554416745,0.0001019212999427,0.0004819509586753,0.9992987722997072,OR,0.9992987722997072,7.0,Orthogonal,2028,mlp,Diagnostic26,after,0.7050390422809653
OR007@6_2,OR,2,1750.0,7.149519554312322e-05,7.515621823022215e-05,0.0001543610447171,0.9996989875415094,OR,0.9996989875415094,7.0,Centered,2028,mlp,Diagnostic26,after,0.7050390422809653
OR014@6_2,OR,2,1749.0,0.0009413164815553,0.1876407432001424,0.0227808713183995,0.7886370689999027,OR,0.7886370689999027,14.0,Centered,2028,mlp,Diagnostic26,after,0.7050390422809653
OR021@12_2,OR,2,1746.0,0.0001166293960539,0.0001169900068397,0.0011159840684599,0.9986503965286464,OR,0.9986503965286464,21.0,Opposite,2028,mlp,Diagnostic26,after,0.7050390422809653
OR021@3_2,OR,2,1746.0,4.743110925530765e-05,0.0001615075244949,0.0001663281154447,0.999624733250805,OR,0.999624733250805,21.0,Orthogonal,2028,mlp,Diagnostic26,after,0.7050390422809653
OR021@6_2,OR,2,1747.0,8.120281001049546e-05,0.0001467913891072,0.0003254798391429,0.9994465259617392,OR,0.9994465259617392,21.0,Centered,2028,mlp,Diagnostic26,after,0.7050390422809653
B007_3,B,3,1721.0,0.04196826,0.723581,0.037534524,0.19691618,B,0.723581,7.0,,2028,mlp,Diagnostic26,before,0.5631653389454025
B014_3,B,3,1725.0,0.02226813,0.825699,0.05687513,0.09515779,B,0.825699,14.0,,2028,mlp,Diagnostic26,before,0.5631653389454025
B021_3,B,3,1729.0,0.022585515,0.45850247,0.381467,0.13744503,B,0.45850247,21.0,,2028,mlp,Diagnostic26,before,0.5631653389454025
IR007_3,IR,3,1721.0,0.04139785,0.07617069,0.82311183,0.059319694,IR,0.82311183,7.0,,2028,mlp,Diagnostic26,before,0.5631653389454025
IR014_3,IR,3,1726.0,0.11424468,0.24734282,0.4594521,0.17896041,IR,0.4594521,14.0,,2028,mlp,Diagnostic26,before,0.5631653389454025
IR021_3,IR,3,1727.0,0.019796884,0.172308,0.66085297,0.14704214,IR,0.66085297,21.0,,2028,mlp,Diagnostic26,before,0.5631653389454025
N_3,N,3,1725.0,0.9594135,0.012935086,0.013711244,0.013940169,N,0.9594135,,,2028,mlp,Diagnostic26,before,0.5631653389454025
OR007@12_3,OR,3,1723.0,0.018577209,0.34870976,0.1547638,0.47794923,OR,0.47794923,7.0,Opposite,2028,mlp,Diagnostic26,before,0.5631653389454025
OR007@3_3,OR,3,1724.0,0.012881187,0.044832077,0.062179413,0.88010734,OR,0.88010734,7.0,Orthogonal,2028,mlp,Diagnostic26,before,0.5631653389454025
OR007@6_3,OR,3,1725.0,0.018632699,0.031697948,0.06806978,0.88159955,OR,0.88159955,7.0,Centered,2028,mlp,Diagnostic26,before,0.5631653389454025
OR014@6_3,OR,3,1723.0,0.03601637,0.73489743,0.030834315,0.19825192,B,0.73489743,14.0,Centered,2028,mlp,Diagnostic26,before,0.5631653389454025
OR021@12_3,OR,3,1718.0,0.020931898,0.05668646,0.27038535,0.65199625,OR,0.65199625,21.0,Opposite,2028,mlp,Diagnostic26,before,0.5631653389454025
OR021@3_3,OR,3,1719.0,0.04220257,0.038405746,0.15078159,0.76861006,OR,0.76861006,21.0,Orthogonal,2028,mlp,Diagnostic26,before,0.5631653389454025
OR021@6_3,OR,3,1719.0,0.026378253,0.038474083,0.1081605,0.82698715,OR,0.82698715,21.0,Centered,2028,mlp,Diagnostic26,before,0.5631653389454025
B007_3,B,3,1721.0,0.0057363336844019,0.900279004747995,0.004704697617985,0.089279963949618,B,0.900279004747995,7.0,,2028,mlp,Diagnostic26,after,0.5631653389454025
B014_3,B,3,1725.0,0.0015852643184012,0.969135908541482,0.0083796558915358,0.0208991712485807,B,0.969135908541482,14.0,,2028,mlp,Diagnostic26,after,0.5631653389454025
B021_3,B,3,1729.0,0.0025855364827604,0.5423375755140597,0.3912192568798716,0.0638576311233083,B,0.5423375755140597,21.0,,2028,mlp,Diagnostic26,after,0.5631653389454025
IR007_3,IR,3,1721.0,0.0048076615833706,0.0141955172419914,0.9718907256151298,0.009106095559508,IR,0.9718907256151298,7.0,,2028,mlp,Diagnostic26,after,0.5631653389454025
IR014_3,IR,3,1726.0,0.0526398534870767,0.2074862554297014,0.6230769513003579,0.116796939782864,IR,0.6230769513003579,14.0,,2028,mlp,Diagnostic26,after,0.5631653389454025
IR021_3,IR,3,1727.0,0.0016946234996434,0.0790119194934852,0.8596705671081356,0.0596228898987355,IR,0.8596705671081356,21.0,,2028,mlp,Diagnostic26,after,0.5631653389454025
N_3,N,3,1725.0,0.9984496741088156,0.0004768583247958,0.0005288437733441,0.0005446237930445,N,0.9984496741088156,,,2028,mlp,Diagnostic26,after,0.5631653389454025
OR007@12_3,OR,3,1723.0,0.0018311274452397,0.3342064005264861,0.0789887302932685,0.5849737417350057,OR,0.5849737417350057,7.0,Opposite,2028,mlp,Diagnostic26,after,0.5631653389454025
OR007@3_3,OR,3,1724.0,0.0005445763238065,0.0049868260738498,0.0089140072155764,0.9855545903867672,OR,0.9855545903867672,7.0,Orthogonal,2028,mlp,Diagnostic26,after,0.5631653389454025
OR007@6_3,OR,3,1725.0,0.0010460413692582,0.002687175237304,0.0104396161691489,0.9858271672242888,OR,0.9858271672242888,7.0,Centered,2028,mlp,Diagnostic26,after,0.5631653389454025
OR014@6_3,OR,3,1723.0,0.0042718168286306,0.9042009607896996,0.0032420179549851,0.0882852044266846,B,0.9042009607896996,14.0,Centered,2028,mlp,Diagnostic26,after,0.5631653389454025
OR021@12_3,OR,3,1718.0,0.0018199726140078,0.0106745238381476,0.1710615698743118,0.8164439336735327,OR,0.8164439336735327,21.0,Opposite,2028,mlp,Diagnostic26,after,0.5631653389454025
OR021@3_3,OR,3,1719.0,0.0054223177949207,0.0045865269446987,0.0520177221554125,0.937973433104968,OR,0.937973433104968,21.0,Orthogonal,2028,mlp,Diagnostic26,after,0.5631653389454025
OR021@6_3,OR,3,1719.0,0.0021321805280606,0.0041677054183949,0.0261215746396576,0.9675785394138868,OR,0.9675785394138868,21.0,Centered,2028,mlp,Diagnostic26,after,0.5631653389454025
B007_0,B,0,1796.0,0.011759059,0.7128781,0.025219066,0.25014374,B,0.7128781,7.0,,2029,mlp,Diagnostic26,before,1.2835688421125162
B014_0,B,0,1797.0,0.014181186,0.8507534,0.061879005,0.07318639,B,0.8507534,14.0,,2029,mlp,Diagnostic26,before,1.2835688421125162
B021_0,B,0,1797.0,0.027922302,0.5760411,0.3007581,0.09527848,B,0.5760411,21.0,,2029,mlp,Diagnostic26,before,1.2835688421125162
IR007_0,IR,0,1796.0,0.026181757,0.07746383,0.83833367,0.05802074,IR,0.83833367,7.0,,2029,mlp,Diagnostic26,before,1.2835688421125162
IR014_0,IR,0,1796.0,0.026671853,0.5115052,0.082125485,0.3796975,B,0.5115052,14.0,,2029,mlp,Diagnostic26,before,1.2835688421125162
IR021_0,IR,0,1796.0,0.034459528,0.48519787,0.33075085,0.14959177,B,0.48519787,21.0,,2029,mlp,Diagnostic26,before,1.2835688421125162
N_0,N,0,1796.0,0.9002764,0.015222137,0.0451852,0.0393162,N,0.9002764,,,2029,mlp,Diagnostic26,before,1.2835688421125162
OR007@12_0,OR,0,1796.0,0.023169808,0.10219617,0.03455811,0.8400759,OR,0.8400759,7.0,Opposite,2029,mlp,Diagnostic26,before,1.2835688421125162
OR007@3_0,OR,0,1797.0,0.021607354,0.04624601,0.036841318,0.89530534,OR,0.89530534,7.0,Orthogonal,2029,mlp,Diagnostic26,before,1.2835688421125162
OR007@6_0,OR,0,1796.0,0.031903636,0.031513955,0.08192446,0.85465795,OR,0.85465795,7.0,Centered,2029,mlp,Diagnostic26,before,1.2835688421125162
OR014@6_0,OR,0,1796.0,0.012666074,0.74650395,0.033836126,0.20699386,B,0.74650395,14.0,Centered,2029,mlp,Diagnostic26,before,1.2835688421125162
OR021@12_0,OR,0,1796.0,0.03552754,0.039102275,0.112308174,0.81306195,OR,0.81306195,21.0,Opposite,2029,mlp,Diagnostic26,before,1.2835688421125162
OR021@3_0,OR,0,1796.0,0.028495494,0.15980758,0.09639127,0.7153056,OR,0.7153056,21.0,Orthogonal,2029,mlp,Diagnostic26,before,1.2835688421125162
OR021@6_0,OR,0,1796.0,0.03893128,0.0418021,0.0771771,0.84208953,OR,0.84208953,21.0,Centered,2029,mlp,Diagnostic26,before,1.2835688421125162
B007_0,B,0,1796.0,0.0262340282610647,0.6422178203215191,0.0475354295046741,0.2840127219127418,B,0.6422178203215191,7.0,,2029,mlp,Diagnostic26,after,1.2835688421125162
B014_0,B,0,1797.0,0.0312267050248209,0.7582239682651365,0.098402042593952,0.1121472841160904,B,0.7582239682651365,14.0,,2029,mlp,Diagnostic26,after,1.2835688421125162
B021_0,B,0,1797.0,0.048677040567769,0.5145453986587062,0.3101271490322004,0.1266504117413242,B,0.5145453986587062,21.0,,2029,mlp,Diagnostic26,after,1.2835688421125162
IR007_0,IR,0,1796.0,0.0498129802678637,0.1159754910515008,0.7416181947054329,0.0925933339752025,IR,0.7416181947054329,7.0,,2029,mlp,Diagnostic26,after,1.2835688421125162
IR014_0,IR,0,1796.0,0.0469369896381703,0.4687203413819949,0.1127291214465195,0.3716135475333151,B,0.4687203413819949,14.0,,2029,mlp,Diagnostic26,after,1.2835688421125162
IR021_0,IR,0,1796.0,0.0561414841183454,0.4406970144750574,0.3269547134314474,0.1762067879751497,B,0.4406970144750574,21.0,,2029,mlp,Diagnostic26,after,1.2835688421125162
N_0,N,0,1796.0,0.8156170451301507,0.0339655099003875,0.0792808756956284,0.0711365692738336,N,0.8156170451301507,,,2029,mlp,Diagnostic26,after,1.2835688421125162
OR007@12_0,OR,0,1796.0,0.0455684752656438,0.1448070271402579,0.0622205529734732,0.7474039446206249,OR,0.7474039446206249,7.0,Opposite,2029,mlp,Diagnostic26,after,1.2835688421125162
OR007@3_0,OR,0,1797.0,0.0443972226714602,0.0803192668263202,0.0672812863360478,0.8080022241661715,OR,0.8080022241661715,7.0,Orthogonal,2029,mlp,Diagnostic26,after,1.2835688421125162
OR007@6_0,OR,0,1796.0,0.0587135750325841,0.0581541049151322,0.1224131507760524,0.7607191692762312,OR,0.7607191692762312,7.0,Centered,2029,mlp,Diagnostic26,after,1.2835688421125162
OR014@6_0,OR,0,1796.0,0.027844170318108,0.6668158457976591,0.0598682914827579,0.2454716924014749,B,0.6668158457976591,14.0,Centered,2029,mlp,Diagnostic26,after,1.2835688421125162
OR021@12_0,OR,0,1796.0,0.0625412966998135,0.0673915208497964,0.1533154725640829,0.7167517098863071,OR,0.7167517098863071,21.0,Opposite,2029,mlp,Diagnostic26,after,1.2835688421125162
OR021@3_0,OR,0,1796.0,0.050677963625368,0.1941820682961148,0.1309649417528039,0.6241750263257131,OR,0.6241750263257131,21.0,Orthogonal,2029,mlp,Diagnostic26,after,1.2835688421125162
OR021@6_0,OR,0,1796.0,0.0678935433243714,0.0717631551779175,0.1157077454487184,0.7446355560489925,OR,0.7446355560489925,21.0,Centered,2029,mlp,Diagnostic26,after,1.2835688421125162
B007_1,B,1,1772.0,0.012700406,0.7063241,0.006715982,0.2742595,B,0.7063241,7.0,,2029,mlp,Diagnostic26,before,1.9621479411748493
B014_1,B,1,1772.0,0.01753111,0.9412662,0.013738946,0.027463708,B,0.9412662,14.0,,2029,mlp,Diagnostic26,before,1.9621479411748493
B021_1,B,1,1774.0,0.00791595,0.69911987,0.2615637,0.031400524,B,0.69911987,21.0,,2029,mlp,Diagnostic26,before,1.9621479411748493
IR007_1,IR,1,1772.0,0.004535231,0.010649949,0.9815639,0.003250902,IR,0.9815639,7.0,,2029,mlp,Diagnostic26,before,1.9621479411748493
IR014_1,IR,1,1772.0,0.004499302,0.04643325,0.94227755,0.0067898766,IR,0.94227755,14.0,,2029,mlp,Diagnostic26,before,1.9621479411748493
IR021_1,IR,1,1774.0,0.004796211,0.2520077,0.72596884,0.017227227,IR,0.72596884,21.0,,2029,mlp,Diagnostic26,before,1.9621479411748493
N_1_(1772rpm),N,1,1772.0,0.99176466,0.0019761254,0.0021674158,0.004091784,N,0.99176466,,,2029,mlp,Diagnostic26,before,1.9621479411748493
OR007@12_1,OR,1,1772.0,0.016388537,0.008577945,0.0454701,0.9295634,OR,0.9295634,7.0,Opposite,2029,mlp,Diagnostic26,before,1.9621479411748493
OR007@3_1,OR,1,1773.0,0.00872803,0.0055715702,0.0073691015,0.97833127,OR,0.97833127,7.0,Orthogonal,2029,mlp,Diagnostic26,before,1.9621479411748493
OR007@6_1,OR,1,1774.0,0.009183139,0.0037493042,0.007871252,0.97919625,OR,0.97919625,7.0,Centered,2029,mlp,Diagnostic26,before,1.9621479411748493
OR014@6_1,OR,1,1772.0,0.01813485,0.5771852,0.0084503805,0.39622954,B,0.5771852,14.0,Centered,2029,mlp,Diagnostic26,before,1.9621479411748493
OR021@12_1,OR,1,1771.0,0.012804779,0.005179281,0.011308705,0.97070724,OR,0.97070724,21.0,Opposite,2029,mlp,Diagnostic26,before,1.9621479411748493
OR021@3_1,OR,1,1770.0,0.012476159,0.0050010225,0.004391561,0.97813123,OR,0.97813123,21.0,Orthogonal,2029,mlp,Diagnostic26,before,1.9621479411748493
OR021@6_1,OR,1,1771.0,0.013222181,0.005458583,0.009990077,0.97132915,OR,0.97132915,21.0,Centered,2029,mlp,Diagnostic26,before,1.9621479411748493
B007_1,B,1,1772.0,0.0701177255817981,0.5435685773418296,0.0506762854234141,0.3356374116529581,B,0.5435685773418296,7.0,,2029,mlp,Diagnostic26,after,1.9621479411748493
B014_1,B,1,1772.0,0.0929828467388607,0.7080114131769831,0.082120918479456,0.1168848216047001,B,0.7080114131769831,14.0,,2029,mlp,Diagnostic26,after,1.9621479411748493
B021_1,B,1,1774.0,0.0532575533363373,0.5226082421076348,0.3166436331999732,0.1074905713560546,B,0.5226082421076348,21.0,,2029,mlp,Diagnostic26,after,1.9621479411748493
IR007_1,IR,1,1772.0,0.0529555091481858,0.0818203403119805,0.8205332943867054,0.0446908561531281,IR,0.8205332943867054,7.0,,2029,mlp,Diagnostic26,after,1.9621479411748493
IR014_1,IR,1,1772.0,0.0481784855843434,0.1582969946547506,0.7341041517577954,0.0594203680031104,IR,0.7341041517577954,14.0,,2029,mlp,Diagnostic26,after,1.9621479411748493
IR021_1,IR,1,1774.0,0.0428026368101391,0.3223470030658085,0.5527234620035599,0.0821268981204925,IR,0.5527234620035599,21.0,,2029,mlp,Diagnostic26,after,1.9621479411748493
N_1_(1772rpm),N,1,1772.0,0.8718211522292739,0.036650641108865,0.0384178005876948,0.053110406074166,N,0.8718211522292739,,,2029,mlp,Diagnostic26,after,1.9621479411748493
OR007@12_1,OR,1,1772.0,0.0890348875347106,0.0640132433569028,0.1497710428313466,0.6971808262770399,OR,0.6971808262770399,7.0,Opposite,2029,mlp,Diagnostic26,after,1.9621479411748493
OR007@3_1,OR,1,1773.0,0.0724992521176217,0.057674511032753,0.0665079735011193,0.8033182633485059,OR,0.8033182633485059,7.0,Orthogonal,2029,mlp,Diagnostic26,after,1.9621479411748493
OR007@6_1,OR,1,1774.0,0.0748514465735211,0.0474162759869696,0.0691959668824143,0.8085363105570949,OR,0.8085363105570949,7.0,Centered,2029,mlp,Diagnostic26,after,1.9621479411748493
OR014@6_1,OR,1,1772.0,0.0811286074207494,0.4732275287028725,0.0549738731641828,0.3906699907121952,B,0.4732275287028725,14.0,Centered,2029,mlp,Diagnostic26,after,1.9621479411748493
OR021@12_1,OR,1,1771.0,0.0858584529057257,0.0541302526871104,0.0805903395059437,0.77942095490122,OR,0.77942095490122,21.0,Opposite,2029,mlp,Diagnostic26,after,1.9621479411748493
OR021@3_1,OR,1,1770.0,0.0873380448161475,0.0548103929943442,0.0512977807279162,0.806553781461592,OR,0.806553781461592,21.0,Orthogonal,2029,mlp,Diagnostic26,after,1.9621479411748493
OR021@6_1,OR,1,1771.0,0.0874306787421149,0.0556988475853509,0.0757918525988387,0.7810786210736953,OR,0.7810786210736953,21.0,Centered,2029,mlp,Diagnostic26,after,1.9621479411748493
B007_2,B,2,1747.0,0.000946707,0.9768143,0.00027478332,0.021964174,B,0.9768143,7.0,,2029,mlp,Diagnostic26,before,0.8826538438450513
B014_2,B,2,1748.0,0.0009331886,0.9957571,0.0012645648,0.0020451644,B,0.9957571,14.0,,2029,mlp,Diagnostic26,before,0.8826538438450513
B021_2,B,2,1754.0,0.000966581,0.9863225,0.010859147,0.0018517274,B,0.9863225,21.0,,2029,mlp,Diagnostic26,before,0.8826538438450513
IR007_2,IR,2,1748.0,7.8391444e-05,0.00020943666,0.9996597,5.2438114e-05,IR,0.9996597,7.0,,2029,mlp,Diagnostic26,before,0.8826538438450513
IR014_2,IR,2,1751.0,0.00016327319,0.0025400205,0.997137,0.00015970357,IR,0.997137,14.0,,2029,mlp,Diagnostic26,before,0.8826538438450513
IR021_2,IR,2,1752.0,0.00012947414,0.0004550708,0.99931186,0.000103648716,IR,0.99931186,21.0,,2029,mlp,Diagnostic26,before,0.8826538438450513
N_2_(1750rpm),N,2,1750.0,0.99927926,0.0004751917,8.690489e-05,0.00015861538,N,0.99927926,,,2029,mlp,Diagnostic26,before,0.8826538438450513
OR007@12_2,OR,2,1749.0,0.00026589577,0.00023108478,0.005974229,0.9935288,OR,0.9935288,7.0,Opposite,2029,mlp,Diagnostic26,before,0.8826538438450513
OR007@3_2,OR,2,1750.0,0.0002129266,0.00012857102,0.0007439572,0.99891454,OR,0.99891454,7.0,Orthogonal,2029,mlp,Diagnostic26,before,0.8826538438450513
OR007@6_2,OR,2,1750.0,7.236299e-05,9.770442e-05,0.00013755732,0.9996924,OR,0.9996924,7.0,Centered,2029,mlp,Diagnostic26,before,0.8826538438450513
OR014@6_2,OR,2,1749.0,0.002607548,0.15652564,0.130069,0.7107978,OR,0.7107978,14.0,Centered,2029,mlp,Diagnostic26,before,0.8826538438450513
OR021@12_2,OR,2,1746.0,0.00021225683,0.00014124696,0.00034275738,0.99930376,OR,0.99930376,21.0,Opposite,2029,mlp,Diagnostic26,before,0.8826538438450513
OR021@3_2,OR,2,1746.0,0.00016062926,0.00064114126,0.00012064193,0.9990776,OR,0.9990776,21.0,Orthogonal,2029,mlp,Diagnostic26,before,0.8826538438450513
OR021@6_2,OR,2,1747.0,0.0003502795,0.00019950207,0.00012921738,0.999321,OR,0.999321,21.0,Centered,2029,mlp,Diagnostic26,before,0.8826538438450513
B007_2,B,2,1747.0,0.0003799205440004,0.9861380557298228,9.355027960897334e-05,0.0133884734465678,B,0.9861380557298228,7.0,,2029,mlp,Diagnostic26,after,0.8826538438450513
B014_2,B,2,1748.0,0.0003702104546481,0.9982068795804004,0.0005223547835192,0.0009005551814321,B,0.9982068795804004,14.0,,2029,mlp,Diagnostic26,after,0.8826538438450513
B021_2,B,2,1754.0,0.0003873232010421,0.9928016298593688,0.0060020471665226,0.0008089997730662,B,0.9928016298593688,21.0,,2029,mlp,Diagnostic26,after,0.8826538438450513
IR007_2,IR,2,1748.0,2.2312397686752343e-05,6.793130015838091e-05,0.9998956078403136,1.4148461841278734e-05,IR,0.9998956078403136,7.0,,2029,mlp,Diagnostic26,after,0.8826538438450513
IR014_2,IR,2,1751.0,5.132161287591979e-05,0.0011499662829623,0.9987486598411266,5.0052263035109984e-05,IR,0.9987486598411266,14.0,,2029,mlp,Diagnostic26,after,0.8826538438450513
IR021_2,IR,2,1752.0,3.940458245529046e-05,0.000163688389643,0.9997662815832188,3.06254446828356e-05,IR,0.9997662815832188,21.0,,2029,mlp,Diagnostic26,after,0.8826538438450513
N_2_(1750rpm),N,2,1750.0,0.9997534045406904,0.0001719159882213,2.5084190186229584e-05,4.959528090216415e-05,N,0.9997534045406904,,,2029,mlp,Diagnostic26,after,0.8826538438450513
OR007@12_2,OR,2,1749.0,8.93694151519875e-05,7.623370546161317e-05,0.003037012298522,0.9967973845808644,OR,0.9967973845808644,7.0,Opposite,2029,mlp,Diagnostic26,after,0.8826538438450513
OR007@3_2,OR,2,1750.0,6.925360429967163e-05,3.910466956059953e-05,0.000285754382924,0.9996058873432156,OR,0.9996058873432156,7.0,Orthogonal,2029,mlp,Diagnostic26,after,0.8826538438450513
OR007@6_2,OR,2,1750.0,2.0378092058358448e-05,2.8635001347174657e-05,4.2190878405315175e-05,0.9999087960281892,OR,0.9999087960281892,7.0,Centered,2029,mlp,Diagnostic26,after,0.8826538438450513
OR014@6_2,OR,2,1749.0,0.0013108407599924,0.1356218874460562,0.1099581962142784,0.753109075579673,OR,0.753109075579673,14.0,Centered,2029,mlp,Diagnostic26,after,0.8826538438450513
OR021@12_2,OR,2,1746.0,6.898764546372329e-05,4.348833264296662e-05,0.0001187315317679,0.9997687924901254,OR,0.9997687924901254,21.0,Opposite,2029,mlp,Diagnostic26,after,0.8826538438450513
OR021@3_2,OR,2,1746.0,5.031669135400612e-05,0.0002414123218444,3.6379512689626666e-05,0.9996718914741118,OR,0.9996718914741118,21.0,Orthogonal,2029,mlp,Diagnostic26,after,0.8826538438450513
OR021@6_2,OR,2,1747.0,0.0001216862371327,6.430917785784028e-05,3.931598526232644e-05,0.999774688599747,OR,0.999774688599747,21.0,Centered,2029,mlp,Diagnostic26,after,0.8826538438450513
B007_3,B,3,1721.0,0.008819324,0.7616614,0.011559626,0.21795964,B,0.7616614,7.0,,2029,mlp,Diagnostic26,before,0.8826538438450513
B014_3,B,3,1725.0,0.0058400272,0.96026033,0.017341375,0.016558317,B,0.96026033,14.0,,2029,mlp,Diagnostic26,before,0.8826538438450513
B021_3,B,3,1729.0,0.009243426,0.56204075,0.39135146,0.037364356,B,0.56204075,21.0,,2029,mlp,Diagnostic26,before,0.8826538438450513
IR007_3,IR,3,1721.0,0.0052384287,0.026140515,0.9563054,0.012315675,IR,0.9563054,7.0,,2029,mlp,Diagnostic26,before,0.8826538438450513
IR014_3,IR,3,1726.0,0.1436594,0.18545838,0.55368847,0.117193736,IR,0.55368847,14.0,,2029,mlp,Diagnostic26,before,0.8826538438450513
IR021_3,IR,3,1727.0,0.017812265,0.06651695,0.8973742,0.01829656,IR,0.8973742,21.0,,2029,mlp,Diagnostic26,before,0.8826538438450513
N_3,N,3,1725.0,0.99473137,0.0012709296,0.0016078376,0.0023898433,N,0.99473137,,,2029,mlp,Diagnostic26,before,0.8826538438450513
OR007@12_3,OR,3,1723.0,0.0068849693,0.011579653,0.04444149,0.93709385,OR,0.93709385,7.0,Opposite,2029,mlp,Diagnostic26,before,0.8826538438450513
OR007@3_3,OR,3,1724.0,0.00952768,0.006543183,0.015314968,0.96861416,OR,0.96861416,7.0,Orthogonal,2029,mlp,Diagnostic26,before,0.8826538438450513
OR007@6_3,OR,3,1725.0,0.012513673,0.004895914,0.015895814,0.96669465,OR,0.96669465,7.0,Centered,2029,mlp,Diagnostic26,before,0.8826538438450513
OR014@6_3,OR,3,1723.0,0.01204818,0.784327,0.010575221,0.1930496,B,0.784327,14.0,Centered,2029,mlp,Diagnostic26,before,0.8826538438450513
OR021@12_3,OR,3,1718.0,0.008981107,0.0057668174,0.031220675,0.9540314,OR,0.9540314,21.0,Opposite,2029,mlp,Diagnostic26,before,0.8826538438450513
OR021@3_3,OR,3,1719.0,0.01088053,0.008155662,0.022074062,0.9588898,OR,0.9588898,21.0,Orthogonal,2029,mlp,Diagnostic26,before,0.8826538438450513
OR021@6_3,OR,3,1719.0,0.012240864,0.00518059,0.01983488,0.9627437,OR,0.9627437,21.0,Centered,2029,mlp,Diagnostic26,before,0.8826538438450513
B007_3,B,3,1721.0,0.0050905896782539,0.7952863105102236,0.0069167005731926,0.1927063992383298,B,0.7952863105102236,7.0,,2029,mlp,Diagnostic26,after,0.8826538438450513
B014_3,B,3,1725.0,0.0030146330015883,0.976822415118668,0.0103452973117157,0.009817654568028,B,0.976822415118668,14.0,,2029,mlp,Diagnostic26,after,0.8826538438450513
B021_3,B,3,1729.0,0.0055398715826988,0.581571705041305,0.3859251183251422,0.0269633050508539,B,0.581571705041305,21.0,,2029,mlp,Diagnostic26,after,0.8826538438450513
IR007_3,IR,3,1721.0,0.0026695020440492,0.016495116355132,0.9738039305348662,0.0070314510659524,IR,0.9738039305348662,7.0,,2029,mlp,Diagnostic26,after,0.8826538438450513
IR014_3,IR,3,1726.0,0.1291840582841324,0.1725308678425579,0.5957144916757912,0.1025705821975184,IR,0.5957144916757912,14.0,,2029,mlp,Diagnostic26,after,0.8826538438450513
IR021_3,IR,3,1727.0,0.0109513489084245,0.0487253317962458,0.9290340252782636,0.011289294017066,IR,0.9290340252782636,21.0,,2029,mlp,Diagnostic26,after,0.8826538438450513
N_3,N,3,1725.0,0.9977130827511748,0.0005256880116202,0.0006861599968563,0.0010750692403482,N,0.9977130827511748,,,2029,mlp,Diagnostic26,after,0.8826538438450513
OR007@12_3,OR,3,1723.0,0.003667908684113,0.0066104438315644,0.0303373114332478,0.9593843360510746,OR,0.9593843360510746,7.0,Opposite,2029,mlp,Diagnostic26,after,0.8826538438450513
OR007@3_3,OR,3,1724.0,0.0052273531190592,0.0034149712391957,0.0089498341470715,0.9824078414946736,OR,0.9824078414946736,7.0,Orthogonal,2029,mlp,Diagnostic26,after,0.8826538438450513
OR007@6_3,OR,3,1725.0,0.0071253207813587,0.002460768309089,0.0093436231047486,0.9810702878048037,OR,0.9810702878048037,7.0,Centered,2029,mlp,Diagnostic26,after,0.8826538438450513
OR014@6_3,OR,3,1723.0,0.007222777810514,0.8191989261379696,0.0062307913391994,0.1673475047123169,B,0.8191989261379696,14.0,Centered,2029,mlp,Diagnostic26,after,0.8826538438450513
OR021@12_3,OR,3,1718.0,0.0049205483589624,0.0029788022830234,0.0201866930729595,0.9719139562850544,OR,0.9719139562850544,21.0,Opposite,2029,mlp,Diagnostic26,after,0.8826538438450513
OR021@3_3,OR,3,1719.0,0.0061049480612452,0.0044040009036464,0.0136069181548452,0.975884132880263,OR,0.975884132880263,21.0,Orthogonal,2029,mlp,Diagnostic26,after,0.8826538438450513
OR021@6_3,OR,3,1719.0,0.0069627533829173,0.0026284601452471,0.0120300250063566,0.9783787614654788,OR,0.9783787614654788,21.0,Centered,2029,mlp,Diagnostic26,after,0.8826538438450513
