file_id,true_label,held_out_load,rpm,prob_N,prob_B,prob_IR,prob_OR,predicted_label,confidence,fault_size,fault_position,calibration_fold,outer_load,seed,model
B007_1,B,1,1772.0,0.10974987,0.58387977,0.1778357,0.12853469,B,0.58387977,7.0,,0,0,2025,mlp
B021_1,B,1,1774.0,0.08616044,0.24558727,0.45225182,0.21600045,IR,0.45225182,21.0,,0,0,2025,mlp
B021_2,B,2,1754.0,0.07006244,0.23980439,0.34891662,0.34121653,IR,0.34891662,21.0,,0,0,2025,mlp
IR014_1,IR,1,1772.0,0.0571617,0.16744718,0.28713536,0.48825574,OR,0.48825574,14.0,,0,0,2025,mlp
IR014_3,IR,3,1726.0,0.094327495,0.16239552,0.3036372,0.43963978,OR,0.43963978,14.0,,0,0,2025,mlp
IR021_1,IR,1,1774.0,0.08572138,0.15374218,0.54191536,0.21862106,IR,0.54191536,21.0,,0,0,2025,mlp
N_2_(1750rpm),N,2,1750.0,0.82446676,0.101448275,0.04392491,0.030160038,N,0.82446676,,,0,0,2025,mlp
OR007@3_2,OR,2,1750.0,0.07857632,0.1421379,0.13248791,0.64679784,OR,0.64679784,7.0,Orthogonal,0,0,2025,mlp
OR007@3_3,OR,3,1724.0,0.07025241,0.1695699,0.12516558,0.63501215,OR,0.63501215,7.0,Orthogonal,0,0,2025,mlp
OR007@6_3,OR,3,1725.0,0.06660201,0.10621583,0.10907788,0.7181043,OR,0.7181043,7.0,Centered,0,0,2025,mlp
OR014@6_1,OR,1,1772.0,0.10919792,0.5844407,0.17318498,0.1331764,B,0.5844407,14.0,Centered,0,0,2025,mlp
OR014@6_2,OR,2,1749.0,0.10353453,0.5299612,0.17675902,0.18974522,B,0.5299612,14.0,Centered,0,0,2025,mlp
OR021@3_3,OR,3,1719.0,0.07032378,0.105126716,0.114417456,0.71013206,OR,0.71013206,21.0,Orthogonal,0,0,2025,mlp
OR021@6_3,OR,3,1719.0,0.062019147,0.09613962,0.09450247,0.7473388,OR,0.7473388,21.0,Centered,0,0,2025,mlp
B014_2,B,2,1748.0,0.038054172,0.8830744,0.030470084,0.04840133,B,0.8830744,14.0,,1,0,2025,mlp
B014_3,B,3,1725.0,0.029276846,0.88323814,0.03888791,0.04859712,B,0.88323814,14.0,,1,0,2025,mlp
B021_3,B,3,1729.0,0.027236935,0.44248876,0.48218903,0.048085224,IR,0.48218903,21.0,,1,0,2025,mlp
IR007_2,IR,2,1748.0,0.007947346,0.019531112,0.9592668,0.013254718,IR,0.9592668,7.0,,1,0,2025,mlp
IR014_2,IR,2,1751.0,0.0133385295,0.11363351,0.8018066,0.07122132,IR,0.8018066,14.0,,1,0,2025,mlp
IR021_3,IR,3,1727.0,0.00567896,0.014431895,0.96896917,0.01092002,IR,0.96896917,21.0,,1,0,2025,mlp
N_3,N,3,1725.0,0.9776176,0.012602533,0.0053958204,0.0043840185,N,0.9776176,,,1,0,2025,mlp
OR007@12_1,OR,1,1772.0,0.006295408,0.03245451,0.015314186,0.9459359,OR,0.9459359,7.0,Opposite,1,0,2025,mlp
OR007@3_1,OR,1,1773.0,0.004932427,0.012895003,0.017261077,0.9649115,OR,0.9649115,7.0,Orthogonal,1,0,2025,mlp
OR007@6_1,OR,1,1774.0,0.007220819,0.010400151,0.026675956,0.9557031,OR,0.9557031,7.0,Centered,1,0,2025,mlp
OR014@6_3,OR,3,1723.0,0.017388588,0.866126,0.013310522,0.10317488,B,0.866126,14.0,Centered,1,0,2025,mlp
OR021@12_3,OR,3,1718.0,0.014803358,0.013834692,0.11056075,0.8608012,OR,0.8608012,21.0,Opposite,1,0,2025,mlp
OR021@6_1,OR,1,1771.0,0.009974771,0.019760828,0.020100888,0.9501635,OR,0.9501635,21.0,Centered,1,0,2025,mlp
OR021@6_2,OR,2,1747.0,0.011050798,0.021972468,0.020446137,0.9465305,OR,0.9465305,21.0,Centered,1,0,2025,mlp
B007_2,B,2,1747.0,0.010572535,0.67625755,0.030711098,0.2824588,B,0.67625755,7.0,,2,0,2025,mlp
B007_3,B,3,1721.0,0.013963984,0.6635923,0.04549259,0.2769511,B,0.6635923,7.0,,2,0,2025,mlp
B014_1,B,1,1772.0,0.022236167,0.9164888,0.028606417,0.03266853,B,0.9164888,14.0,,2,0,2025,mlp
IR007_1,IR,1,1772.0,0.04930088,0.051351566,0.8472006,0.05214695,IR,0.8472006,7.0,,2,0,2025,mlp
IR007_3,IR,3,1721.0,0.075080454,0.07569449,0.79929453,0.049930524,IR,0.79929453,7.0,,2,0,2025,mlp
IR021_2,IR,2,1752.0,0.027430357,0.02977675,0.8957098,0.04708308,IR,0.8957098,21.0,,2,0,2025,mlp
N_1_(1772rpm),N,1,1772.0,0.96890485,0.00634876,0.018051172,0.006695199,N,0.96890485,,,2,0,2025,mlp
OR007@12_2,OR,2,1749.0,0.0072646993,0.017103452,0.035205327,0.9404265,OR,0.9404265,7.0,Opposite,2,0,2025,mlp
OR007@12_3,OR,3,1723.0,0.012433472,0.063587435,0.060266353,0.8637127,OR,0.8637127,7.0,Opposite,2,0,2025,mlp
OR007@6_2,OR,2,1750.0,0.005348973,0.008119838,0.015751006,0.9707802,OR,0.9707802,7.0,Centered,2,0,2025,mlp
OR021@12_1,OR,1,1771.0,0.010184907,0.019888865,0.10525568,0.8646706,OR,0.8646706,21.0,Opposite,2,0,2025,mlp
OR021@12_2,OR,2,1746.0,0.010408757,0.021024358,0.14074771,0.82781917,OR,0.82781917,21.0,Opposite,2,0,2025,mlp
OR021@3_1,OR,1,1770.0,0.008769945,0.030278618,0.024791986,0.93615943,OR,0.93615943,21.0,Orthogonal,2,0,2025,mlp
OR021@3_2,OR,2,1746.0,0.010439321,0.0407663,0.02882421,0.91997015,OR,0.91997015,21.0,Orthogonal,2,0,2025,mlp
B007_0,B,0,1796.0,0.046934344,0.64715725,0.05734688,0.24856158,B,0.64715725,7.0,,0,1,2025,mlp
B007_2,B,2,1747.0,0.04151616,0.69978845,0.05985427,0.19884111,B,0.69978845,7.0,,0,1,2025,mlp
B021_0,B,0,1797.0,0.045972485,0.52689135,0.25740415,0.16973196,B,0.52689135,21.0,,0,1,2025,mlp
IR014_0,IR,0,1796.0,0.039652243,0.5375306,0.09464399,0.32817316,B,0.5375306,14.0,,0,1,2025,mlp
IR014_3,IR,3,1726.0,0.104812525,0.3586214,0.19237442,0.34419164,B,0.3586214,14.0,,0,1,2025,mlp
IR021_0,IR,0,1796.0,0.06280801,0.38125712,0.22640048,0.32953438,B,0.38125712,21.0,,0,1,2025,mlp
N_0,N,0,1796.0,0.7637238,0.039805435,0.11740438,0.079066366,N,0.7637238,,,0,1,2025,mlp
OR007@12_3,OR,3,1723.0,0.03667879,0.41165283,0.08967068,0.46199772,OR,0.46199772,7.0,Opposite,0,1,2025,mlp
OR007@6_0,OR,0,1796.0,0.11175753,0.09581355,0.18357678,0.6088521,OR,0.6088521,7.0,Centered,0,1,2025,mlp
OR007@6_3,OR,3,1725.0,0.10323056,0.11394362,0.13998096,0.64284486,OR,0.64284486,7.0,Centered,0,1,2025,mlp
OR014@6_0,OR,0,1796.0,0.037428107,0.6886815,0.06516923,0.20872119,B,0.6886815,14.0,Centered,0,1,2025,mlp
OR014@6_2,OR,2,1749.0,0.044552416,0.6346697,0.067584276,0.2531936,B,0.6346697,14.0,Centered,0,1,2025,mlp
OR014@6_3,OR,3,1723.0,0.04500582,0.6446289,0.11172556,0.19863978,B,0.6446289,14.0,Centered,0,1,2025,mlp
OR021@6_0,OR,0,1796.0,0.045639712,0.1341802,0.107841216,0.71233886,OR,0.71233886,21.0,Centered,0,1,2025,mlp
B014_0,B,0,1797.0,0.073371686,0.37479067,0.2459393,0.30589834,B,0.37479067,14.0,,1,1,2025,mlp
B014_3,B,3,1725.0,0.090504766,0.41857624,0.16707735,0.32384163,B,0.41857624,14.0,,1,1,2025,mlp
B021_2,B,2,1754.0,0.07744383,0.31516466,0.32329902,0.28409246,IR,0.32329902,21.0,,1,1,2025,mlp
IR007_0,IR,0,1796.0,0.1408997,0.28447074,0.28798813,0.28664142,IR,0.28798813,7.0,,1,1,2025,mlp
IR007_3,IR,3,1721.0,0.13976665,0.24088512,0.34270158,0.27664664,IR,0.34270158,7.0,,1,1,2025,mlp
IR014_2,IR,2,1751.0,0.07319441,0.1920863,0.35822865,0.37649065,OR,0.37649065,14.0,,1,1,2025,mlp
N_3,N,3,1725.0,0.7924088,0.06658826,0.08371944,0.05728354,N,0.7924088,,,1,1,2025,mlp
OR007@12_0,OR,0,1796.0,0.08509466,0.28851044,0.18570857,0.44068632,OR,0.44068632,7.0,Opposite,1,1,2025,mlp
OR007@6_2,OR,2,1750.0,0.11234235,0.20693076,0.17470706,0.50601983,OR,0.50601983,7.0,Centered,1,1,2025,mlp
OR021@12_0,OR,0,1796.0,0.097264744,0.15684101,0.3485843,0.39731,OR,0.39731,21.0,Opposite,1,1,2025,mlp
OR021@3_0,OR,0,1796.0,0.07488399,0.24027199,0.20312417,0.48171985,OR,0.48171985,21.0,Orthogonal,1,1,2025,mlp
OR021@3_2,OR,2,1746.0,0.082945384,0.23734258,0.23438804,0.44532397,OR,0.44532397,21.0,Orthogonal,1,1,2025,mlp
OR021@6_2,OR,2,1747.0,0.11266799,0.15624622,0.3294726,0.40161318,OR,0.40161318,21.0,Centered,1,1,2025,mlp
OR021@6_3,OR,3,1719.0,0.10531719,0.15900406,0.31970093,0.41597787,OR,0.41597787,21.0,Centered,1,1,2025,mlp
B007_3,B,3,1721.0,0.009853998,0.71433026,0.021569788,0.254246,B,0.71433026,7.0,,2,1,2025,mlp
B014_2,B,2,1748.0,0.012798081,0.8310979,0.1311702,0.024933845,B,0.8310979,14.0,,2,1,2025,mlp
B021_3,B,3,1729.0,0.01043229,0.4952127,0.46419382,0.030161204,B,0.4952127,21.0,,2,1,2025,mlp
IR007_2,IR,2,1748.0,0.011254081,0.030979786,0.9515314,0.0062347003,IR,0.9515314,7.0,,2,1,2025,mlp
IR021_2,IR,2,1752.0,0.026783403,0.19904862,0.18716781,0.5870002,OR,0.5870002,21.0,,2,1,2025,mlp
IR021_3,IR,3,1727.0,0.031004187,0.31841406,0.23687162,0.41371012,OR,0.41371012,21.0,,2,1,2025,mlp
N_2_(1750rpm),N,2,1750.0,0.98634297,0.0028281594,0.005042635,0.0057862224,N,0.98634297,,,2,1,2025,mlp
OR007@12_2,OR,2,1749.0,0.044993963,0.037834644,0.3619301,0.5552413,OR,0.5552413,7.0,Opposite,2,1,2025,mlp
OR007@3_0,OR,0,1797.0,0.015166991,0.011864712,0.020318959,0.95264935,OR,0.95264935,7.0,Orthogonal,2,1,2025,mlp
OR007@3_2,OR,2,1750.0,0.015646335,0.008652053,0.018522773,0.9571789,OR,0.9571789,7.0,Orthogonal,2,1,2025,mlp
OR007@3_3,OR,3,1724.0,0.012313972,0.008998908,0.011176273,0.9675108,OR,0.9675108,7.0,Orthogonal,2,1,2025,mlp
OR021@12_2,OR,2,1746.0,0.03446617,0.024699701,0.20364015,0.737194,OR,0.737194,21.0,Opposite,2,1,2025,mlp
OR021@12_3,OR,3,1718.0,0.047468238,0.027668351,0.25234234,0.67252105,OR,0.67252105,21.0,Opposite,2,1,2025,mlp
OR021@3_3,OR,3,1719.0,0.025515735,0.0034284715,0.013769126,0.9572867,OR,0.9572867,21.0,Orthogonal,2,1,2025,mlp
B007_0,B,0,1796.0,0.0077674636,0.8415926,0.0058912034,0.14474876,B,0.8415926,7.0,,0,2,2025,mlp
B014_0,B,0,1797.0,0.004403732,0.92233574,0.05694427,0.016316203,B,0.92233574,14.0,,0,2,2025,mlp
B021_0,B,0,1797.0,0.015359999,0.82867295,0.10848782,0.047479216,B,0.82867295,21.0,,0,2,2025,mlp
IR014_1,IR,1,1772.0,0.0061672996,0.89437217,0.03259823,0.06686226,B,0.89437217,14.0,,0,2,2025,mlp
IR014_3,IR,3,1726.0,0.1444671,0.69744194,0.013847007,0.14424394,B,0.69744194,14.0,,0,2,2025,mlp
IR021_3,IR,3,1727.0,0.07806312,0.40700006,0.28017884,0.23475797,B,0.40700006,21.0,,0,2,2025,mlp
N_3,N,3,1725.0,0.98580617,0.0033843925,0.0038640434,0.0069454233,N,0.98580617,,,0,2,2025,mlp
OR007@12_3,OR,3,1723.0,0.016126169,0.08797155,0.037780672,0.8581216,OR,0.8581216,7.0,Opposite,0,2,2025,mlp
OR007@3_0,OR,0,1797.0,0.016372934,0.0098072,0.010594774,0.9632251,OR,0.9632251,7.0,Orthogonal,0,2,2025,mlp
OR007@3_3,OR,3,1724.0,0.012132854,0.008486104,0.008456997,0.970924,OR,0.970924,7.0,Orthogonal,0,2,2025,mlp
OR007@6_0,OR,0,1796.0,0.021013778,0.007875876,0.012823123,0.95828724,OR,0.95828724,7.0,Centered,0,2,2025,mlp
OR007@6_3,OR,3,1725.0,0.016406607,0.0075109936,0.010107716,0.9659747,OR,0.9659747,7.0,Centered,0,2,2025,mlp
OR014@6_1,OR,1,1772.0,0.010529661,0.7579838,0.0055216225,0.22596489,B,0.7579838,14.0,Centered,0,2,2025,mlp
OR021@12_0,OR,0,1796.0,0.015953973,0.02221059,0.004283814,0.95755166,OR,0.95755166,21.0,Opposite,0,2,2025,mlp
B007_1,B,1,1772.0,0.0042718807,0.6339907,0.0059749233,0.3557625,B,0.6339907,7.0,,1,2,2025,mlp
B014_3,B,3,1725.0,0.0043920265,0.97529614,0.0037850698,0.016526775,B,0.97529614,14.0,,1,2,2025,mlp
B021_3,B,3,1729.0,0.005136353,0.32173085,0.65870863,0.014424133,IR,0.65870863,21.0,,1,2,2025,mlp
IR007_0,IR,0,1796.0,0.006891919,0.013121706,0.94275486,0.037231486,IR,0.94275486,7.0,,1,2,2025,mlp
IR007_1,IR,1,1772.0,0.0030419782,0.007298478,0.9831638,0.0064958013,IR,0.9831638,7.0,,1,2,2025,mlp
IR021_0,IR,0,1796.0,0.02971196,0.04585878,0.7579633,0.16646592,IR,0.7579633,21.0,,1,2,2025,mlp
N_1_(1772rpm),N,1,1772.0,0.99377126,0.003839119,0.0011493365,0.0012403185,N,0.99377126,,,1,2,2025,mlp
OR007@12_1,OR,1,1772.0,0.0049574412,0.007199422,0.26940903,0.71843415,OR,0.71843415,7.0,Opposite,1,2,2025,mlp
OR014@6_3,OR,3,1723.0,0.002061364,0.8670916,0.0058841226,0.124962874,B,0.8670916,14.0,Centered,1,2,2025,mlp
OR021@12_1,OR,1,1771.0,0.0028679944,0.002129231,0.06743685,0.92756593,OR,0.92756593,21.0,Opposite,1,2,2025,mlp
OR021@12_3,OR,3,1718.0,0.003193635,0.0025727083,0.12647435,0.8677593,OR,0.8677593,21.0,Opposite,1,2,2025,mlp
OR021@3_0,OR,0,1796.0,0.0072366437,0.02807898,0.1155639,0.84912044,OR,0.84912044,21.0,Orthogonal,1,2,2025,mlp
OR021@6_0,OR,0,1796.0,0.0019181848,0.0012921987,0.0073410138,0.9894486,OR,0.9894486,21.0,Centered,1,2,2025,mlp
OR021@6_3,OR,3,1719.0,0.0018097084,0.0013494376,0.006764039,0.99007684,OR,0.99007684,21.0,Centered,1,2,2025,mlp
B007_3,B,3,1721.0,0.09244653,0.71083194,0.06131854,0.135403,B,0.71083194,7.0,,2,2,2025,mlp
B014_1,B,1,1772.0,0.10043087,0.8106867,0.050169684,0.038712684,B,0.8106867,14.0,,2,2,2025,mlp
B021_1,B,1,1774.0,0.048703782,0.61093384,0.2543628,0.08599955,B,0.61093384,21.0,,2,2,2025,mlp
IR007_3,IR,3,1721.0,0.021793215,0.12620102,0.77678293,0.07522289,IR,0.77678293,7.0,,2,2,2025,mlp
IR014_0,IR,0,1796.0,0.03313174,0.3224858,0.25186512,0.3925173,OR,0.3925173,14.0,,2,2,2025,mlp
IR021_1,IR,1,1774.0,0.019887421,0.21056773,0.62817365,0.14137122,IR,0.62817365,21.0,,2,2,2025,mlp
N_0,N,0,1796.0,0.8728111,0.06407145,0.03526802,0.027849482,N,0.8728111,,,2,2,2025,mlp
OR007@12_0,OR,0,1796.0,0.015409993,0.08197185,0.10949789,0.79312027,OR,0.79312027,7.0,Opposite,2,2,2025,mlp
OR007@3_1,OR,1,1773.0,0.009486243,0.031922955,0.1210737,0.83751714,OR,0.83751714,7.0,Orthogonal,2,2,2025,mlp
OR007@6_1,OR,1,1774.0,0.009433129,0.022445971,0.124088414,0.84403247,OR,0.84403247,7.0,Centered,2,2,2025,mlp
OR014@6_0,OR,0,1796.0,0.07468965,0.7268554,0.067992605,0.13046233,B,0.7268554,14.0,Centered,2,2,2025,mlp
OR021@3_1,OR,1,1770.0,0.025657652,0.050798554,0.25704613,0.6664977,OR,0.6664977,21.0,Orthogonal,2,2,2025,mlp
OR021@3_3,OR,3,1719.0,0.025044503,0.038463235,0.21328707,0.7232052,OR,0.7232052,21.0,Orthogonal,2,2,2025,mlp
OR021@6_1,OR,1,1771.0,0.016696978,0.024884487,0.1032812,0.85513735,OR,0.85513735,21.0,Centered,2,2,2025,mlp
B007_1,B,1,1772.0,0.0059457193,0.7749113,0.0019588193,0.21718422,B,0.7749113,7.0,,0,3,2025,mlp
B014_1,B,1,1772.0,0.004559518,0.9572812,0.0072447523,0.030914584,B,0.9572812,14.0,,0,3,2025,mlp
B021_2,B,2,1754.0,0.0040256036,0.48067886,0.48448318,0.030812388,IR,0.48448318,21.0,,0,3,2025,mlp
IR007_2,IR,2,1748.0,0.00086066744,0.0057665934,0.9924029,0.00096989516,IR,0.9924029,7.0,,0,3,2025,mlp
IR014_0,IR,0,1796.0,0.0056122197,0.12592997,0.16431642,0.7041414,OR,0.7041414,14.0,,0,3,2025,mlp
IR014_1,IR,1,1772.0,0.0005128704,0.0030634957,0.9939828,0.0024408319,IR,0.9939828,14.0,,0,3,2025,mlp
N_2_(1750rpm),N,2,1750.0,0.99438953,0.001752145,0.00045684242,0.0034015076,N,0.99438953,,,0,3,2025,mlp
OR007@12_1,OR,1,1772.0,0.0017645085,0.0015403724,0.006643788,0.9900513,OR,0.9900513,7.0,Opposite,0,3,2025,mlp
OR007@3_0,OR,0,1797.0,0.0015545791,0.00071482174,0.0015007257,0.9962298,OR,0.9962298,7.0,Orthogonal,0,3,2025,mlp
OR014@6_0,OR,0,1796.0,0.0036675613,0.9300615,0.0017275499,0.06454341,B,0.9300615,14.0,Centered,0,3,2025,mlp
OR014@6_2,OR,2,1749.0,0.008345543,0.4280539,0.0065886406,0.5570119,OR,0.5570119,14.0,Centered,0,3,2025,mlp
OR021@12_2,OR,2,1746.0,0.0026684403,0.0007711057,0.0054025236,0.99115795,OR,0.99115795,21.0,Opposite,0,3,2025,mlp
OR021@3_0,OR,0,1796.0,0.00787612,0.032360513,0.005263456,0.9544999,OR,0.9544999,21.0,Orthogonal,0,3,2025,mlp
OR021@6_2,OR,2,1747.0,0.0029771067,0.00068706257,0.0010075987,0.99532825,OR,0.99532825,21.0,Centered,0,3,2025,mlp
B007_2,B,2,1747.0,0.0039426615,0.8147753,0.015758825,0.16552328,B,0.8147753,7.0,,1,3,2025,mlp
B014_2,B,2,1748.0,0.017796857,0.90683097,0.029235536,0.046136636,B,0.90683097,14.0,,1,3,2025,mlp
B021_1,B,1,1774.0,0.012787545,0.6202241,0.29295427,0.07403407,B,0.6202241,21.0,,1,3,2025,mlp
IR007_0,IR,0,1796.0,0.016554823,0.02608015,0.946662,0.010703003,IR,0.946662,7.0,,1,3,2025,mlp
IR021_0,IR,0,1796.0,0.011921853,0.31820136,0.6413267,0.028550077,IR,0.6413267,21.0,,1,3,2025,mlp
IR021_2,IR,2,1752.0,0.04774599,0.027273295,0.5562669,0.3687138,IR,0.5562669,21.0,,1,3,2025,mlp
N_1_(1772rpm),N,1,1772.0,0.9909337,0.002398542,0.0037107668,0.002956947,N,0.9909337,,,1,3,2025,mlp
OR007@12_2,OR,2,1749.0,0.008863311,0.011273742,0.09849937,0.8813636,OR,0.8813636,7.0,Opposite,1,3,2025,mlp
OR007@3_1,OR,1,1773.0,0.0033887026,0.006011765,0.0098279985,0.98077154,OR,0.98077154,7.0,Orthogonal,1,3,2025,mlp
OR007@3_2,OR,2,1750.0,0.0031772996,0.00611524,0.009178036,0.9815294,OR,0.9815294,7.0,Orthogonal,1,3,2025,mlp
OR014@6_1,OR,1,1772.0,0.0045762965,0.7173925,0.016485643,0.26154557,B,0.7173925,14.0,Centered,1,3,2025,mlp
OR021@12_1,OR,1,1771.0,0.0095698545,0.006269023,0.0144349085,0.9697262,OR,0.9697262,21.0,Opposite,1,3,2025,mlp
OR021@3_2,OR,2,1746.0,0.0031192403,0.009499752,0.008824321,0.9785567,OR,0.9785567,21.0,Orthogonal,1,3,2025,mlp
OR021@6_1,OR,1,1771.0,0.005392227,0.006811168,0.010151229,0.9776454,OR,0.9776454,21.0,Centered,1,3,2025,mlp
B007_0,B,0,1796.0,0.0037195235,0.5514956,0.0033458476,0.441439,B,0.5514956,7.0,,2,3,2025,mlp
B014_0,B,0,1797.0,0.010323228,0.8615292,0.11085168,0.017295921,B,0.8615292,14.0,,2,3,2025,mlp
B021_0,B,0,1797.0,0.010592007,0.8322134,0.08975861,0.067436,B,0.8322134,21.0,,2,3,2025,mlp
IR007_1,IR,1,1772.0,0.0010180076,0.0012736015,0.9965969,0.0011115412,IR,0.9965969,7.0,,2,3,2025,mlp
IR014_2,IR,2,1751.0,0.0012051554,0.0057876855,0.9911696,0.0018375715,IR,0.9911696,14.0,,2,3,2025,mlp
IR021_1,IR,1,1774.0,0.0024576595,0.016602462,0.9724573,0.008482586,IR,0.9724573,21.0,,2,3,2025,mlp
N_0,N,0,1796.0,0.96748936,0.005838615,0.023877684,0.00279431,N,0.96748936,,,2,3,2025,mlp
OR007@12_0,OR,0,1796.0,0.0008282141,0.0052724816,0.0042221155,0.9896772,OR,0.9896772,7.0,Opposite,2,3,2025,mlp
OR007@6_0,OR,0,1796.0,0.0028908406,0.0034663796,0.01964024,0.97400254,OR,0.97400254,7.0,Centered,2,3,2025,mlp
OR007@6_1,OR,1,1774.0,0.0023745361,0.0031558478,0.014668012,0.9798016,OR,0.9798016,7.0,Centered,2,3,2025,mlp
OR007@6_2,OR,2,1750.0,0.0021029331,0.003060154,0.012062897,0.98277396,OR,0.98277396,7.0,Centered,2,3,2025,mlp
OR021@12_0,OR,0,1796.0,0.0027795993,0.0044121277,0.011687297,0.98112094,OR,0.98112094,21.0,Opposite,2,3,2025,mlp
OR021@3_1,OR,1,1770.0,0.001311669,0.008464129,0.0036601934,0.98656404,OR,0.98656404,21.0,Orthogonal,2,3,2025,mlp
OR021@6_0,OR,0,1796.0,0.0018835145,0.0040551843,0.006940603,0.9871207,OR,0.9871207,21.0,Centered,2,3,2025,mlp
B014_1,B,1,1772.0,0.037073616,0.44322643,0.494616,0.025083978,IR,0.494616,14.0,,0,0,2026,mlp
B014_2,B,2,1748.0,0.025831515,0.5251594,0.42552418,0.023484947,B,0.5251594,14.0,,0,0,2026,mlp
B014_3,B,3,1725.0,0.010530616,0.50021476,0.47825202,0.011002573,B,0.50021476,14.0,,0,0,2026,mlp
IR007_2,IR,2,1748.0,0.0010240214,0.011323304,0.98600763,0.0016450593,IR,0.98600763,7.0,,0,0,2026,mlp
IR007_3,IR,3,1721.0,0.0020204834,0.023312638,0.9727426,0.0019242241,IR,0.9727426,7.0,,0,0,2026,mlp
IR021_3,IR,3,1727.0,0.0002005034,0.00037539843,0.99879974,0.00062437577,IR,0.99879974,21.0,,0,0,2026,mlp
N_3,N,3,1725.0,0.9965662,0.0017719982,0.0007495875,0.0009122575,N,0.9965662,,,0,0,2026,mlp
OR007@12_1,OR,1,1772.0,0.0002364934,0.00040386515,0.0008213218,0.9985383,OR,0.9985383,7.0,Opposite,0,0,2026,mlp
OR007@3_3,OR,3,1724.0,0.00025962133,0.00022305953,0.00059316744,0.99892414,OR,0.99892414,7.0,Orthogonal,0,0,2026,mlp
OR021@12_2,OR,2,1746.0,0.00096073665,0.00037691792,0.0038999321,0.9947624,OR,0.9947624,21.0,Opposite,0,0,2026,mlp
OR021@3_1,OR,1,1770.0,0.017981932,0.12210434,0.049560554,0.81035316,OR,0.81035316,21.0,Orthogonal,0,0,2026,mlp
OR021@3_2,OR,2,1746.0,0.020137543,0.11293536,0.15395154,0.71297556,OR,0.71297556,21.0,Orthogonal,0,0,2026,mlp
OR021@3_3,OR,3,1719.0,0.019106729,0.1136058,0.1887727,0.6785148,OR,0.6785148,21.0,Orthogonal,0,0,2026,mlp
OR021@6_1,OR,1,1771.0,0.0004973659,0.00037172248,0.00079710205,0.9983338,OR,0.9983338,21.0,Centered,0,0,2026,mlp
B007_1,B,1,1772.0,0.02265146,0.922926,0.02143925,0.032983266,B,0.922926,7.0,,1,0,2026,mlp
B021_2,B,2,1754.0,0.032092165,0.5168998,0.23255096,0.21845706,B,0.5168998,21.0,,1,0,2026,mlp
B021_3,B,3,1729.0,0.03551324,0.2984822,0.38706875,0.2789358,IR,0.38706875,21.0,,1,0,2026,mlp
IR014_1,IR,1,1772.0,0.03322207,0.2867189,0.3166451,0.3634139,OR,0.3634139,14.0,,1,0,2026,mlp
IR014_2,IR,2,1751.0,0.032819506,0.3216562,0.28132892,0.36419538,OR,0.36419538,14.0,,1,0,2026,mlp
IR021_1,IR,1,1774.0,0.032946035,0.056329288,0.7019966,0.20872806,IR,0.7019966,21.0,,1,0,2026,mlp
N_1_(1772rpm),N,1,1772.0,0.9377471,0.01997611,0.030501528,0.0117752645,N,0.9377471,,,1,0,2026,mlp
OR007@12_2,OR,2,1749.0,0.014440405,0.0523843,0.08751166,0.8456636,OR,0.8456636,7.0,Opposite,1,0,2026,mlp
OR007@12_3,OR,3,1723.0,0.025933295,0.1346212,0.1454543,0.6939912,OR,0.6939912,7.0,Opposite,1,0,2026,mlp
OR007@3_1,OR,1,1773.0,0.009970481,0.016020898,0.05784777,0.9161609,OR,0.9161609,7.0,Orthogonal,1,0,2026,mlp
OR007@6_2,OR,2,1750.0,0.010762769,0.012051213,0.07118143,0.90600455,OR,0.90600455,7.0,Centered,1,0,2026,mlp
OR014@6_1,OR,1,1772.0,0.02469452,0.9166012,0.021967905,0.036736403,B,0.9166012,14.0,Centered,1,0,2026,mlp
OR014@6_2,OR,2,1749.0,0.026223067,0.82503605,0.04149149,0.107249394,B,0.82503605,14.0,Centered,1,0,2026,mlp
OR014@6_3,OR,3,1723.0,0.021587048,0.92548704,0.027840862,0.025085045,B,0.92548704,14.0,Centered,1,0,2026,mlp
B007_2,B,2,1747.0,0.08730711,0.45561853,0.17195262,0.2851217,B,0.45561853,7.0,,2,0,2026,mlp
B007_3,B,3,1721.0,0.13872787,0.371974,0.22195594,0.2673422,B,0.371974,7.0,,2,0,2026,mlp
B021_1,B,1,1774.0,0.06599694,0.36359483,0.33226094,0.23814727,B,0.36359483,21.0,,2,0,2026,mlp
IR007_1,IR,1,1772.0,0.075717986,0.17462705,0.614189,0.13546596,IR,0.614189,7.0,,2,0,2026,mlp
IR014_3,IR,3,1726.0,0.083739586,0.26839823,0.40473312,0.24312903,IR,0.40473312,14.0,,2,0,2026,mlp
IR021_2,IR,2,1752.0,0.072350785,0.118260935,0.6094672,0.19992103,IR,0.6094672,21.0,,2,0,2026,mlp
N_2_(1750rpm),N,2,1750.0,0.84219843,0.051396273,0.04137718,0.0650281,N,0.84219843,,,2,0,2026,mlp
OR007@3_2,OR,2,1750.0,0.0734972,0.12434335,0.22021733,0.58194214,OR,0.58194214,7.0,Orthogonal,2,0,2026,mlp
OR007@6_1,OR,1,1774.0,0.063145205,0.109665476,0.30461007,0.52257925,OR,0.52257925,7.0,Centered,2,0,2026,mlp
OR007@6_3,OR,3,1725.0,0.062819146,0.12302101,0.29574743,0.5184124,OR,0.5184124,7.0,Centered,2,0,2026,mlp
OR021@12_1,OR,1,1771.0,0.06538512,0.18257582,0.3473677,0.4046714,OR,0.4046714,21.0,Opposite,2,0,2026,mlp
OR021@12_3,OR,3,1718.0,0.061450668,0.18003485,0.368758,0.38975647,OR,0.38975647,21.0,Opposite,2,0,2026,mlp
OR021@6_2,OR,2,1747.0,0.074523926,0.23803832,0.2338011,0.45363665,OR,0.45363665,21.0,Centered,2,0,2026,mlp
OR021@6_3,OR,3,1719.0,0.07147265,0.23057328,0.24017338,0.4577807,OR,0.4577807,21.0,Centered,2,0,2026,mlp
B007_0,B,0,1796.0,0.009729899,0.34373182,0.015238501,0.6312998,OR,0.6312998,7.0,,0,1,2026,mlp
B014_2,B,2,1748.0,0.02916178,0.8466211,0.061807573,0.06240953,B,0.8466211,14.0,,0,1,2026,mlp
B021_3,B,3,1729.0,0.02750464,0.6997781,0.20389462,0.06882267,B,0.6997781,21.0,,0,1,2026,mlp
IR007_2,IR,2,1748.0,0.018432971,0.008536975,0.9598499,0.013180175,IR,0.9598499,7.0,,0,1,2026,mlp
IR014_2,IR,2,1751.0,0.02302527,0.19164427,0.73222166,0.05310881,IR,0.73222166,14.0,,0,1,2026,mlp
IR021_0,IR,0,1796.0,0.051976416,0.63304055,0.24195181,0.073031224,B,0.63304055,21.0,,0,1,2026,mlp
N_3,N,3,1725.0,0.982173,0.0044823196,0.008459875,0.004884778,N,0.982173,,,0,1,2026,mlp
OR007@12_0,OR,0,1796.0,0.019072298,0.0152065195,0.05874363,0.90697753,OR,0.90697753,7.0,Opposite,0,1,2026,mlp
OR007@3_0,OR,0,1797.0,0.0120460745,0.009610279,0.024161024,0.9541826,OR,0.9541826,7.0,Orthogonal,0,1,2026,mlp
OR014@6_2,OR,2,1749.0,0.018478427,0.21558736,0.07130907,0.6946252,OR,0.6946252,14.0,Centered,0,1,2026,mlp
OR021@12_3,OR,3,1718.0,0.020223554,0.01054952,0.06799323,0.9012337,OR,0.9012337,21.0,Opposite,0,1,2026,mlp
OR021@3_2,OR,2,1746.0,0.007371001,0.021080423,0.018306661,0.9532419,OR,0.9532419,21.0,Orthogonal,0,1,2026,mlp
OR021@6_0,OR,0,1796.0,0.016288312,0.01551999,0.03805494,0.93013674,OR,0.93013674,21.0,Centered,0,1,2026,mlp
OR021@6_2,OR,2,1747.0,0.018529613,0.013022424,0.04494884,0.9234991,OR,0.9234991,21.0,Centered,0,1,2026,mlp
B007_3,B,3,1721.0,0.0013124748,0.98795,0.0041027525,0.0066347504,B,0.98795,7.0,,1,1,2026,mlp
B014_3,B,3,1725.0,0.002333801,0.987887,0.0075342283,0.0022448967,B,0.987887,14.0,,1,1,2026,mlp
B021_0,B,0,1797.0,0.007011179,0.8418291,0.14371191,0.007447825,B,0.8418291,21.0,,1,1,2026,mlp
IR007_0,IR,0,1796.0,0.0015989477,0.0032242637,0.99461037,0.00056643964,IR,0.99461037,7.0,,1,1,2026,mlp
IR014_0,IR,0,1796.0,0.023073863,0.1544933,0.14395465,0.6784782,OR,0.6784782,14.0,,1,1,2026,mlp
IR021_2,IR,2,1752.0,0.010664784,0.017161783,0.9517419,0.020431498,IR,0.9517419,21.0,,1,1,2026,mlp
N_2_(1750rpm),N,2,1750.0,0.9949592,0.00090287003,0.0018746533,0.0022632864,N,0.9949592,,,1,1,2026,mlp
OR007@12_2,OR,2,1749.0,0.0051753973,0.0010792484,0.004232011,0.98951334,OR,0.98951334,7.0,Opposite,1,1,2026,mlp
OR007@12_3,OR,3,1723.0,0.0065109315,0.0033665895,0.0068443567,0.98327816,OR,0.98327816,7.0,Opposite,1,1,2026,mlp
OR007@3_2,OR,2,1750.0,0.002645616,0.00056887354,0.0017643188,0.9950212,OR,0.9950212,7.0,Orthogonal,1,1,2026,mlp
OR007@3_3,OR,3,1724.0,0.0018886017,0.0005066724,0.0008674019,0.99673736,OR,0.99673736,7.0,Orthogonal,1,1,2026,mlp
OR007@6_2,OR,2,1750.0,0.0013187407,0.00032722062,0.00066334306,0.9976907,OR,0.9976907,7.0,Centered,1,1,2026,mlp
OR014@6_0,OR,0,1796.0,0.00244142,0.95939636,0.006497533,0.03166473,B,0.95939636,14.0,Centered,1,1,2026,mlp
OR021@12_0,OR,0,1796.0,0.0024251703,0.0010919058,0.0029352203,0.9935477,OR,0.9935477,21.0,Opposite,1,1,2026,mlp
B007_2,B,2,1747.0,0.0018403776,0.9104794,0.0023675733,0.08531261,B,0.9104794,7.0,,2,1,2026,mlp
B014_0,B,0,1797.0,0.0037439337,0.77927476,0.20806085,0.008920514,B,0.77927476,14.0,,2,1,2026,mlp
B021_2,B,2,1754.0,0.0035382933,0.87367886,0.09570104,0.027081786,B,0.87367886,21.0,,2,1,2026,mlp
IR007_3,IR,3,1721.0,0.0045610606,0.009300605,0.984404,0.001734311,IR,0.984404,7.0,,2,1,2026,mlp
IR014_3,IR,3,1726.0,0.14291345,0.042143196,0.796424,0.01851937,IR,0.796424,14.0,,2,1,2026,mlp
IR021_3,IR,3,1727.0,0.010223592,0.006265181,0.9773453,0.006165924,IR,0.9773453,21.0,,2,1,2026,mlp
N_0,N,0,1796.0,0.98931897,0.001421352,0.008610422,0.00064927054,N,0.98931897,,,2,1,2026,mlp
OR007@6_0,OR,0,1796.0,0.0004993099,0.0029571566,0.0039146612,0.9926289,OR,0.9926289,7.0,Centered,2,1,2026,mlp
OR007@6_3,OR,3,1725.0,0.00028759838,0.002439617,0.0021098745,0.9951629,OR,0.9951629,7.0,Centered,2,1,2026,mlp
OR014@6_3,OR,3,1723.0,0.002877626,0.7815209,0.00354256,0.2120589,B,0.7815209,14.0,Centered,2,1,2026,mlp
OR021@12_2,OR,2,1746.0,0.0002891616,0.0026345171,0.0028940178,0.9941823,OR,0.9941823,21.0,Opposite,2,1,2026,mlp
OR021@3_0,OR,0,1796.0,0.00155255,0.12583967,0.011917515,0.8606903,OR,0.8606903,21.0,Orthogonal,2,1,2026,mlp
OR021@3_3,OR,3,1719.0,0.00023408294,0.006273975,0.001388572,0.9921034,OR,0.9921034,21.0,Orthogonal,2,1,2026,mlp
OR021@6_3,OR,3,1719.0,0.00031109495,0.004032229,0.0016216313,0.99403507,OR,0.99403507,21.0,Centered,2,1,2026,mlp
B014_0,B,0,1797.0,0.015998747,0.7095807,0.24237287,0.032047696,B,0.7095807,14.0,,0,2,2026,mlp
B014_1,B,1,1772.0,0.15288909,0.52402604,0.2645938,0.058491137,B,0.52402604,14.0,,0,2,2026,mlp
B014_3,B,3,1725.0,0.06605622,0.70038146,0.18802442,0.04553789,B,0.70038146,14.0,,0,2,2026,mlp
IR007_3,IR,3,1721.0,0.010628285,0.0702948,0.90390545,0.015171437,IR,0.90390545,7.0,,0,2,2026,mlp
IR014_1,IR,1,1772.0,0.02061806,0.24728513,0.7028851,0.029211713,IR,0.7028851,14.0,,0,2,2026,mlp
IR021_0,IR,0,1796.0,0.040280525,0.17949437,0.6980029,0.08222224,IR,0.6980029,21.0,,0,2,2026,mlp
N_1_(1772rpm),N,1,1772.0,0.98897463,0.0056076115,0.0030600321,0.002357685,N,0.98897463,,,0,2,2026,mlp
OR007@12_1,OR,1,1772.0,0.010854413,0.026061159,0.58242023,0.38066417,IR,0.58242023,7.0,Opposite,0,2,2026,mlp
OR007@12_3,OR,3,1723.0,0.012667799,0.033676893,0.6777645,0.27589086,IR,0.6777645,7.0,Opposite,0,2,2026,mlp
OR007@3_1,OR,1,1773.0,0.0031731427,0.0035008094,0.015091035,0.97823495,OR,0.97823495,7.0,Orthogonal,0,2,2026,mlp
OR007@6_3,OR,3,1725.0,0.0032580108,0.0036944214,0.017025707,0.9760219,OR,0.9760219,7.0,Centered,0,2,2026,mlp
OR014@6_1,OR,1,1772.0,0.011152937,0.766336,0.021063458,0.20144759,B,0.766336,14.0,Centered,0,2,2026,mlp
OR021@12_1,OR,1,1771.0,0.004266528,0.0060512056,0.020737955,0.96894425,OR,0.96894425,21.0,Opposite,0,2,2026,mlp
OR021@3_0,OR,0,1796.0,0.006846498,0.02336299,0.16331989,0.80647063,OR,0.80647063,21.0,Orthogonal,0,2,2026,mlp
B007_0,B,0,1796.0,0.03997302,0.90951097,0.024687823,0.025828207,B,0.90951097,7.0,,1,2,2026,mlp
B021_0,B,0,1797.0,0.034786846,0.68792903,0.252046,0.02523814,B,0.68792903,21.0,,1,2,2026,mlp
B021_3,B,3,1729.0,0.025188217,0.39271292,0.4132559,0.16884299,IR,0.4132559,21.0,,1,2,2026,mlp
IR007_0,IR,0,1796.0,0.011558565,0.02594741,0.82949597,0.13299802,IR,0.82949597,7.0,,1,2,2026,mlp
IR014_0,IR,0,1796.0,0.040424146,0.44921526,0.13831311,0.37204745,B,0.44921526,14.0,,1,2,2026,mlp
IR014_3,IR,3,1726.0,0.12126202,0.20867239,0.3233428,0.34672278,OR,0.34672278,14.0,,1,2,2026,mlp
N_0,N,0,1796.0,0.9216739,0.04287153,0.019960046,0.015494587,N,0.9216739,,,1,2,2026,mlp
OR007@12_0,OR,0,1796.0,0.014085402,0.06792844,0.063608125,0.85437804,OR,0.85437804,7.0,Opposite,1,2,2026,mlp
OR007@6_0,OR,0,1796.0,0.007421826,0.009341343,0.06556531,0.91767156,OR,0.91767156,7.0,Centered,1,2,2026,mlp
OR014@6_0,OR,0,1796.0,0.04034248,0.91900015,0.02181327,0.018844083,B,0.91900015,14.0,Centered,1,2,2026,mlp
OR014@6_3,OR,3,1723.0,0.042001285,0.9176927,0.023186032,0.017119989,B,0.9176927,14.0,Centered,1,2,2026,mlp
OR021@12_3,OR,3,1718.0,0.0058318833,0.009136282,0.07346519,0.9115666,OR,0.9115666,21.0,Opposite,1,2,2026,mlp
OR021@6_0,OR,0,1796.0,0.010491758,0.009250567,0.041957166,0.93830055,OR,0.93830055,21.0,Centered,1,2,2026,mlp
OR021@6_3,OR,3,1719.0,0.010421135,0.009272247,0.03949135,0.94081527,OR,0.94081527,21.0,Centered,1,2,2026,mlp
B007_1,B,1,1772.0,0.006170229,0.3403546,0.003717443,0.64975774,OR,0.64975774,7.0,,2,2,2026,mlp
B007_3,B,3,1721.0,0.010550477,0.5234231,0.0041411496,0.4618853,B,0.5234231,7.0,,2,2,2026,mlp
B021_1,B,1,1774.0,0.003333756,0.84480155,0.048986822,0.10287788,B,0.84480155,21.0,,2,2,2026,mlp
IR007_1,IR,1,1772.0,0.002798751,0.006677178,0.9890137,0.0015103995,IR,0.9890137,7.0,,2,2,2026,mlp
IR021_1,IR,1,1774.0,0.009017627,0.47007403,0.07860784,0.44230053,B,0.47007403,21.0,,2,2,2026,mlp
IR021_3,IR,3,1727.0,0.011514111,0.040608287,0.02272385,0.92515373,OR,0.92515373,21.0,,2,2,2026,mlp
N_3,N,3,1725.0,0.98900694,0.0009992735,0.0058851214,0.0041086674,N,0.98900694,,,2,2,2026,mlp
OR007@3_0,OR,0,1797.0,0.0045096176,0.005019921,0.004223406,0.98624706,OR,0.98624706,7.0,Orthogonal,2,2,2026,mlp
OR007@3_3,OR,3,1724.0,0.0045286245,0.004362772,0.0027437333,0.9883649,OR,0.9883649,7.0,Orthogonal,2,2,2026,mlp
OR007@6_1,OR,1,1774.0,0.0035999066,0.0035869,0.0025269717,0.99028623,OR,0.99028623,7.0,Centered,2,2,2026,mlp
OR021@12_0,OR,0,1796.0,0.0040851478,0.006289335,0.004286465,0.98533905,OR,0.98533905,21.0,Opposite,2,2,2026,mlp
OR021@3_1,OR,1,1770.0,0.006821308,0.0068500494,0.0033758536,0.9829528,OR,0.9829528,21.0,Orthogonal,2,2,2026,mlp
OR021@3_3,OR,3,1719.0,0.0051712007,0.0051929294,0.0029194842,0.9867164,OR,0.9867164,21.0,Orthogonal,2,2,2026,mlp
OR021@6_1,OR,1,1771.0,0.00644606,0.0042364122,0.002940711,0.9863768,OR,0.9863768,21.0,Centered,2,2,2026,mlp
B007_2,B,2,1747.0,0.017205369,0.9057549,0.0562747,0.020765018,B,0.9057549,7.0,,0,3,2026,mlp
B014_1,B,1,1772.0,0.04127397,0.8088601,0.120382726,0.02948322,B,0.8088601,14.0,,0,3,2026,mlp
B021_2,B,2,1754.0,0.029249271,0.4401056,0.4785347,0.052110456,IR,0.4785347,21.0,,0,3,2026,mlp
IR007_1,IR,1,1772.0,0.0840197,0.094489984,0.7654785,0.056011852,IR,0.7654785,7.0,,0,3,2026,mlp
IR007_2,IR,2,1748.0,0.10768848,0.087735295,0.7471277,0.057448454,IR,0.7471277,7.0,,0,3,2026,mlp
IR021_0,IR,0,1796.0,0.031705976,0.40175572,0.5289343,0.037604053,IR,0.5289343,21.0,,0,3,2026,mlp
N_2_(1750rpm),N,2,1750.0,0.9709304,0.008038197,0.012903983,0.008127392,N,0.9709304,,,0,3,2026,mlp
OR007@3_1,OR,1,1773.0,0.011487544,0.014038383,0.026530148,0.947944,OR,0.947944,7.0,Orthogonal,0,3,2026,mlp
OR007@6_0,OR,0,1796.0,0.019961651,0.015227928,0.033594854,0.9312156,OR,0.9312156,7.0,Centered,0,3,2026,mlp
OR014@6_0,OR,0,1796.0,0.02151604,0.89391863,0.062211048,0.02235426,B,0.89391863,14.0,Centered,0,3,2026,mlp
OR014@6_1,OR,1,1772.0,0.020383595,0.90478355,0.05338148,0.021451423,B,0.90478355,14.0,Centered,0,3,2026,mlp
OR014@6_2,OR,2,1749.0,0.02100797,0.7802326,0.10534845,0.0934109,B,0.7802326,14.0,Centered,0,3,2026,mlp
OR021@3_2,OR,2,1746.0,0.013210568,0.02524532,0.05414937,0.90739477,OR,0.90739477,21.0,Orthogonal,0,3,2026,mlp
OR021@6_0,OR,0,1796.0,0.017334396,0.017704789,0.046054397,0.9189064,OR,0.9189064,21.0,Centered,0,3,2026,mlp
B007_1,B,1,1772.0,0.00402798,0.6051587,0.0028615391,0.38795182,B,0.6051587,7.0,,1,3,2026,mlp
B021_0,B,0,1797.0,0.0064594643,0.26873663,0.6915286,0.03327529,IR,0.6915286,21.0,,1,3,2026,mlp
B021_1,B,1,1774.0,0.0069289566,0.71964127,0.2034775,0.069952264,B,0.71964127,21.0,,1,3,2026,mlp
IR007_0,IR,0,1796.0,0.006121918,0.009775559,0.97851855,0.005583983,IR,0.97851855,7.0,,1,3,2026,mlp
IR014_1,IR,1,1772.0,0.002245888,0.9143467,0.0028294995,0.08057793,B,0.9143467,14.0,,1,3,2026,mlp
IR014_2,IR,2,1751.0,0.0024785788,0.87951154,0.002307736,0.11570209,B,0.87951154,14.0,,1,3,2026,mlp
N_0,N,0,1796.0,0.9773513,0.0040700487,0.01648604,0.0020926287,N,0.9773513,,,1,3,2026,mlp
OR007@12_0,OR,0,1796.0,0.00065352104,0.0019351827,0.013936553,0.98347473,OR,0.98347473,7.0,Opposite,1,3,2026,mlp
OR007@12_2,OR,2,1749.0,0.0006613703,0.0014691863,0.0038109429,0.9940585,OR,0.9940585,7.0,Opposite,1,3,2026,mlp
OR007@3_0,OR,0,1797.0,0.0007804866,0.0017161568,0.004392645,0.9931108,OR,0.9931108,7.0,Orthogonal,1,3,2026,mlp
OR007@3_2,OR,2,1750.0,0.00087992597,0.0016025,0.0037882954,0.99372923,OR,0.99372923,7.0,Orthogonal,1,3,2026,mlp
OR007@6_2,OR,2,1750.0,0.000658504,0.001202618,0.0022470467,0.99589187,OR,0.99589187,7.0,Centered,1,3,2026,mlp
OR021@12_1,OR,1,1771.0,0.00058321806,0.0037279122,0.00076023955,0.99492866,OR,0.99492866,21.0,Opposite,1,3,2026,mlp
OR021@6_2,OR,2,1747.0,0.00066342804,0.0015530846,0.0015995817,0.99618393,OR,0.99618393,21.0,Centered,1,3,2026,mlp
B007_0,B,0,1796.0,0.0052495007,0.36897534,0.0029526106,0.6228226,OR,0.6228226,7.0,,2,3,2026,mlp
B014_0,B,0,1797.0,0.0134631125,0.91837543,0.042405907,0.02575559,B,0.91837543,14.0,,2,3,2026,mlp
B014_2,B,2,1748.0,0.01626154,0.9556054,0.013220774,0.01491235,B,0.9556054,14.0,,2,3,2026,mlp
IR014_0,IR,0,1796.0,0.002560041,0.024086084,0.0061415597,0.9672123,OR,0.9672123,14.0,,2,3,2026,mlp
IR021_1,IR,1,1774.0,0.015030146,0.6219883,0.08635063,0.2766309,B,0.6219883,21.0,,2,3,2026,mlp
IR021_2,IR,2,1752.0,0.09570491,0.5684156,0.024196744,0.3116828,B,0.5684156,21.0,,2,3,2026,mlp
N_1_(1772rpm),N,1,1772.0,0.991099,0.005641179,0.0010838447,0.0021759684,N,0.991099,,,2,3,2026,mlp
OR007@12_1,OR,1,1772.0,0.0014354457,0.0041668443,0.0017672748,0.9926304,OR,0.9926304,7.0,Opposite,2,3,2026,mlp
OR007@6_1,OR,1,1774.0,0.0023724104,0.002334654,0.0018110053,0.99348193,OR,0.99348193,7.0,Centered,2,3,2026,mlp
OR021@12_0,OR,0,1796.0,0.0045218985,0.0032654223,0.0067976927,0.98541504,OR,0.98541504,21.0,Opposite,2,3,2026,mlp
OR021@12_2,OR,2,1746.0,0.0038112071,0.0030329481,0.012225461,0.9809304,OR,0.9809304,21.0,Opposite,2,3,2026,mlp
OR021@3_0,OR,0,1796.0,0.008353528,0.027394904,0.03465191,0.92959964,OR,0.92959964,21.0,Orthogonal,2,3,2026,mlp
OR021@3_1,OR,1,1770.0,0.0030382972,0.0043650474,0.0045688585,0.98802775,OR,0.98802775,21.0,Orthogonal,2,3,2026,mlp
OR021@6_1,OR,1,1771.0,0.003514741,0.0029140196,0.0020510412,0.9915202,OR,0.9915202,21.0,Centered,2,3,2026,mlp
B007_1,B,1,1772.0,0.004398519,0.40563017,0.0059375977,0.58403367,OR,0.58403367,7.0,,0,0,2027,mlp
B014_3,B,3,1725.0,0.0040350677,0.98811144,0.0056543374,0.0021991495,B,0.98811144,14.0,,0,0,2027,mlp
B021_3,B,3,1729.0,0.009571192,0.65330726,0.32016557,0.016955985,B,0.65330726,21.0,,0,0,2027,mlp
IR007_1,IR,1,1772.0,0.00834817,0.008314861,0.97825384,0.0050831093,IR,0.97825384,7.0,,0,0,2027,mlp
IR007_2,IR,2,1748.0,0.008949326,0.009002204,0.97705305,0.0049954494,IR,0.97705305,7.0,,0,0,2027,mlp
IR021_2,IR,2,1752.0,0.004338349,0.002553783,0.98528636,0.007821489,IR,0.98528636,21.0,,0,0,2027,mlp
N_1_(1772rpm),N,1,1772.0,0.99185973,0.0019245159,0.004402362,0.0018133809,N,0.99185973,,,0,0,2027,mlp
OR007@12_1,OR,1,1772.0,0.0013033908,0.0012205632,0.003092022,0.994384,OR,0.994384,7.0,Opposite,0,0,2027,mlp
OR007@3_1,OR,1,1773.0,0.0008770698,0.0007836843,0.0017335459,0.99660575,OR,0.99660575,7.0,Orthogonal,0,0,2027,mlp
OR021@12_2,OR,2,1746.0,0.0012967251,0.0014512034,0.01471766,0.9825344,OR,0.9825344,21.0,Opposite,0,0,2027,mlp
OR021@3_2,OR,2,1746.0,0.001097267,0.0019882172,0.0017250526,0.9951895,OR,0.9951895,21.0,Orthogonal,0,0,2027,mlp
OR021@6_1,OR,1,1771.0,0.0014793294,0.0028450142,0.0024667862,0.9932089,OR,0.9932089,21.0,Centered,0,0,2027,mlp
OR021@6_2,OR,2,1747.0,0.0016293948,0.0030898394,0.002319188,0.9929616,OR,0.9929616,21.0,Centered,0,0,2027,mlp
OR021@6_3,OR,3,1719.0,0.0012196458,0.0023095966,0.001863772,0.994607,OR,0.994607,21.0,Centered,0,0,2027,mlp
B007_2,B,2,1747.0,0.008296003,0.85168135,0.009084141,0.1309385,B,0.85168135,7.0,,1,0,2027,mlp
B014_1,B,1,1772.0,0.0084853545,0.9502532,0.017221747,0.024039688,B,0.9502532,14.0,,1,0,2027,mlp
B021_2,B,2,1754.0,0.011198414,0.8744162,0.05477759,0.05960783,B,0.8744162,21.0,,1,0,2027,mlp
IR007_3,IR,3,1721.0,0.010813,0.064434305,0.91526794,0.009484783,IR,0.91526794,7.0,,1,0,2027,mlp
IR014_2,IR,2,1751.0,0.009909267,0.1777527,0.77597535,0.0363627,IR,0.77597535,14.0,,1,0,2027,mlp
IR021_1,IR,1,1774.0,0.021944659,0.56266886,0.35721263,0.058173835,B,0.56266886,21.0,,1,0,2027,mlp
N_3,N,3,1725.0,0.98134965,0.0059805023,0.005558361,0.0071115033,N,0.98134965,,,1,0,2027,mlp
OR007@12_3,OR,3,1723.0,0.015349614,0.11125237,0.030830085,0.8425679,OR,0.8425679,7.0,Opposite,1,0,2027,mlp
OR007@3_2,OR,2,1750.0,0.009724149,0.01156168,0.0046957796,0.9740184,OR,0.9740184,7.0,Orthogonal,1,0,2027,mlp
OR007@3_3,OR,3,1724.0,0.009377564,0.016271515,0.003911986,0.97043896,OR,0.97043896,7.0,Orthogonal,1,0,2027,mlp
OR007@6_3,OR,3,1725.0,0.008577169,0.011970041,0.0052886526,0.9741641,OR,0.9741641,7.0,Centered,1,0,2027,mlp
OR014@6_3,OR,3,1723.0,0.007969072,0.8626068,0.013706527,0.11571757,B,0.8626068,14.0,Centered,1,0,2027,mlp
OR021@12_3,OR,3,1718.0,0.02320468,0.012523821,0.06496136,0.8993102,OR,0.8993102,21.0,Opposite,1,0,2027,mlp
OR021@3_3,OR,3,1719.0,0.016597057,0.024241732,0.0088485535,0.9503126,OR,0.9503126,21.0,Orthogonal,1,0,2027,mlp
B007_3,B,3,1721.0,0.005159127,0.76499707,0.016117593,0.21372621,B,0.76499707,7.0,,2,0,2027,mlp
B014_2,B,2,1748.0,0.005998694,0.9656418,0.021702489,0.0066570444,B,0.9656418,14.0,,2,0,2027,mlp
B021_1,B,1,1774.0,0.0063534477,0.72727066,0.23759067,0.028785193,B,0.72727066,21.0,,2,0,2027,mlp
IR014_1,IR,1,1772.0,0.011718064,0.16107132,0.8029445,0.024266208,IR,0.8029445,14.0,,2,0,2027,mlp
IR014_3,IR,3,1726.0,0.12420691,0.12231936,0.54804677,0.20542695,IR,0.54804677,14.0,,2,0,2027,mlp
IR021_3,IR,3,1727.0,0.024409404,0.016389944,0.88050205,0.07869864,IR,0.88050205,21.0,,2,0,2027,mlp
N_2_(1750rpm),N,2,1750.0,0.98990834,0.0016423167,0.0048988597,0.003550512,N,0.98990834,,,2,0,2027,mlp
OR007@12_2,OR,2,1749.0,0.0034001202,0.0028537973,0.0064561265,0.98728997,OR,0.98728997,7.0,Opposite,2,0,2027,mlp
OR007@6_1,OR,1,1774.0,0.0044415696,0.0034085433,0.013581746,0.97856814,OR,0.97856814,7.0,Centered,2,0,2027,mlp
OR007@6_2,OR,2,1750.0,0.002964145,0.0030079843,0.0086133545,0.9854145,OR,0.9854145,7.0,Centered,2,0,2027,mlp
OR014@6_1,OR,1,1772.0,0.006372674,0.79027516,0.012482206,0.19086991,B,0.79027516,14.0,Centered,2,0,2027,mlp
OR014@6_2,OR,2,1749.0,0.010369942,0.516488,0.024953598,0.44818848,B,0.516488,14.0,Centered,2,0,2027,mlp
OR021@12_1,OR,1,1771.0,0.0072150393,0.0052036233,0.026661512,0.9609198,OR,0.9609198,21.0,Opposite,2,0,2027,mlp
OR021@3_1,OR,1,1770.0,0.001537599,0.005126647,0.008045382,0.9852904,OR,0.9852904,21.0,Orthogonal,2,0,2027,mlp
B014_0,B,0,1797.0,0.005911161,0.79034793,0.19591214,0.007828771,B,0.79034793,14.0,,0,1,2027,mlp
B014_3,B,3,1725.0,0.0064811283,0.9481656,0.035211112,0.010142124,B,0.9481656,14.0,,0,1,2027,mlp
B021_3,B,3,1729.0,0.0057492405,0.82212865,0.15010314,0.022018967,B,0.82212865,21.0,,0,1,2027,mlp
IR007_0,IR,0,1796.0,0.0027326795,0.011712273,0.98326147,0.0022935707,IR,0.98326147,7.0,,0,1,2027,mlp
IR021_0,IR,0,1796.0,0.0050149006,0.9364858,0.015228818,0.043270435,B,0.9364858,21.0,,0,1,2027,mlp
IR021_2,IR,2,1752.0,0.024928626,0.054005507,0.7869744,0.13409151,IR,0.7869744,21.0,,0,1,2027,mlp
N_0,N,0,1796.0,0.9239343,0.006637575,0.0591122,0.010315954,N,0.9239343,,,0,1,2027,mlp
OR007@12_0,OR,0,1796.0,0.007728302,0.003127869,0.013839457,0.97530437,OR,0.97530437,7.0,Opposite,0,1,2027,mlp
OR007@12_3,OR,3,1723.0,0.024111047,0.0065392116,0.1317573,0.8375925,OR,0.8375925,7.0,Opposite,0,1,2027,mlp
OR007@3_2,OR,2,1750.0,0.0038026106,0.0011224825,0.0028348889,0.99224,OR,0.99224,7.0,Orthogonal,0,1,2027,mlp
OR007@6_2,OR,2,1750.0,0.0027538228,0.0009434905,0.0015138014,0.9947888,OR,0.9947888,7.0,Centered,0,1,2027,mlp
OR007@6_3,OR,3,1725.0,0.002705896,0.00096426375,0.00138346,0.99494636,OR,0.99494636,7.0,Centered,0,1,2027,mlp
OR021@12_0,OR,0,1796.0,0.004747728,0.003000106,0.011564134,0.980688,OR,0.980688,21.0,Opposite,0,1,2027,mlp
OR021@3_3,OR,3,1719.0,0.004526331,0.0008349006,0.002066783,0.99257195,OR,0.99257195,21.0,Orthogonal,0,1,2027,mlp
B007_2,B,2,1747.0,0.009812241,0.9546265,0.013741046,0.021820243,B,0.9546265,7.0,,1,1,2027,mlp
B007_3,B,3,1721.0,0.0138180675,0.9430695,0.015804213,0.027308205,B,0.9430695,7.0,,1,1,2027,mlp
B014_2,B,2,1748.0,0.012694859,0.9273476,0.038059916,0.021897642,B,0.9273476,14.0,,1,1,2027,mlp
IR007_3,IR,3,1721.0,0.027671838,0.08559515,0.8734971,0.013235831,IR,0.8734971,7.0,,1,1,2027,mlp
IR014_0,IR,0,1796.0,0.006964529,0.5530858,0.03287065,0.4070791,B,0.5530858,14.0,,1,1,2027,mlp
IR021_3,IR,3,1727.0,0.043924738,0.07875909,0.8619968,0.01531931,IR,0.8619968,21.0,,1,1,2027,mlp
N_3,N,3,1725.0,0.98035353,0.0035089997,0.01495549,0.0011819915,N,0.98035353,,,1,1,2027,mlp
OR007@3_0,OR,0,1797.0,0.0010379958,0.009036865,0.007506296,0.9824188,OR,0.9824188,7.0,Orthogonal,1,1,2027,mlp
OR014@6_0,OR,0,1796.0,0.007884718,0.95509875,0.014181435,0.022835137,B,0.95509875,14.0,Centered,1,1,2027,mlp
OR014@6_2,OR,2,1749.0,0.010071832,0.84891886,0.015067406,0.12594192,B,0.84891886,14.0,Centered,1,1,2027,mlp
OR014@6_3,OR,3,1723.0,0.013110841,0.95401734,0.015540781,0.017330984,B,0.95401734,14.0,Centered,1,1,2027,mlp
OR021@3_2,OR,2,1746.0,0.0026426672,0.019613724,0.024710385,0.95303327,OR,0.95303327,21.0,Orthogonal,1,1,2027,mlp
OR021@6_2,OR,2,1747.0,0.0013278553,0.012683493,0.006262525,0.97972614,OR,0.97972614,21.0,Centered,1,1,2027,mlp
OR021@6_3,OR,3,1719.0,0.0012124192,0.011810319,0.0059963795,0.9809809,OR,0.9809809,21.0,Centered,1,1,2027,mlp
B007_0,B,0,1796.0,0.0033205224,0.11940994,0.0025455928,0.8747239,OR,0.8747239,7.0,,2,1,2027,mlp
B021_0,B,0,1797.0,0.013752325,0.1634752,0.7267639,0.0960085,IR,0.7267639,21.0,,2,1,2027,mlp
B021_2,B,2,1754.0,0.004354324,0.90668935,0.053044114,0.035912164,B,0.90668935,21.0,,2,1,2027,mlp
IR007_2,IR,2,1748.0,0.00071561744,0.001375865,0.99732417,0.0005843591,IR,0.99732417,7.0,,2,1,2027,mlp
IR014_2,IR,2,1751.0,0.0024675247,0.9480239,0.003237594,0.046270926,B,0.9480239,14.0,,2,1,2027,mlp
IR014_3,IR,3,1726.0,0.123611376,0.7021164,0.0052904277,0.16898184,B,0.7021164,14.0,,2,1,2027,mlp
N_2_(1750rpm),N,2,1750.0,0.9959615,0.0010370746,0.001058142,0.0019432753,N,0.9959615,,,2,1,2027,mlp
OR007@12_2,OR,2,1749.0,0.0021780867,0.0012660254,0.001664825,0.99489105,OR,0.99489105,7.0,Opposite,2,1,2027,mlp
OR007@3_3,OR,3,1724.0,0.0016842422,0.00058491697,0.0009689657,0.99676186,OR,0.99676186,7.0,Orthogonal,2,1,2027,mlp
OR007@6_0,OR,0,1796.0,0.0013295844,0.00047320328,0.0010088652,0.99718827,OR,0.99718827,7.0,Centered,2,1,2027,mlp
OR021@12_2,OR,2,1746.0,0.0021536257,0.0072724572,0.0006091623,0.9899648,OR,0.9899648,21.0,Opposite,2,1,2027,mlp
OR021@12_3,OR,3,1718.0,0.0021516636,0.006676239,0.0006174014,0.9905547,OR,0.9905547,21.0,Opposite,2,1,2027,mlp
OR021@3_0,OR,0,1796.0,0.0022098774,0.0036393153,0.0028113923,0.9913394,OR,0.9913394,21.0,Orthogonal,2,1,2027,mlp
OR021@6_0,OR,0,1796.0,0.0017552829,0.0016923752,0.0007675454,0.9957848,OR,0.9957848,21.0,Centered,2,1,2027,mlp
B007_0,B,0,1796.0,0.039492786,0.7380765,0.04891018,0.17352057,B,0.7380765,7.0,,0,2,2027,mlp
B007_3,B,3,1721.0,0.045355164,0.7599579,0.046717532,0.1479694,B,0.7599579,7.0,,0,2,2027,mlp
B021_1,B,1,1774.0,0.015178902,0.66335094,0.29623953,0.025230674,B,0.66335094,21.0,,0,2,2027,mlp
IR007_1,IR,1,1772.0,0.0034583095,0.021866871,0.9415708,0.03310399,IR,0.9415708,7.0,,0,2,2027,mlp
IR014_0,IR,0,1796.0,0.015417075,0.24818043,0.26908338,0.46731904,OR,0.46731904,14.0,,0,2,2027,mlp
IR021_1,IR,1,1774.0,0.0038919013,0.076307364,0.8714186,0.04838214,IR,0.8714186,21.0,,0,2,2027,mlp
N_0,N,0,1796.0,0.94806045,0.027767554,0.013674015,0.010497969,N,0.94806045,,,0,2,2027,mlp
OR007@12_1,OR,1,1772.0,0.0035737306,0.014815144,0.094132654,0.8874785,OR,0.8874785,7.0,Opposite,0,2,2027,mlp
OR007@3_1,OR,1,1773.0,0.0034959163,0.007184993,0.045254983,0.94406414,OR,0.94406414,7.0,Orthogonal,0,2,2027,mlp
OR007@3_3,OR,3,1724.0,0.0033399258,0.0068014893,0.03379003,0.9560686,OR,0.9560686,7.0,Orthogonal,0,2,2027,mlp
OR007@6_0,OR,0,1796.0,0.0042294,0.00616746,0.047630854,0.94197226,OR,0.94197226,7.0,Centered,0,2,2027,mlp
OR014@6_0,OR,0,1796.0,0.038132254,0.8238202,0.039909903,0.09813764,B,0.8238202,14.0,Centered,0,2,2027,mlp
OR021@12_1,OR,1,1771.0,0.0041861017,0.0071930387,0.07733988,0.911281,OR,0.911281,21.0,Opposite,0,2,2027,mlp
OR021@6_1,OR,1,1771.0,0.0071041062,0.005815019,0.024593035,0.9624878,OR,0.9624878,21.0,Centered,0,2,2027,mlp
B007_1,B,1,1772.0,0.04946909,0.6849829,0.079698265,0.18584976,B,0.6849829,7.0,,1,2,2027,mlp
B014_1,B,1,1772.0,0.045710005,0.6376776,0.21575403,0.10085837,B,0.6376776,14.0,,1,2,2027,mlp
B021_3,B,3,1729.0,0.056385763,0.40692785,0.36658758,0.1700988,B,0.40692785,21.0,,1,2,2027,mlp
IR007_0,IR,0,1796.0,0.13932571,0.29438448,0.40187392,0.16441593,IR,0.40187392,7.0,,1,2,2027,mlp
IR007_3,IR,3,1721.0,0.16374211,0.30898118,0.36769608,0.15958068,IR,0.36769608,7.0,,1,2,2027,mlp
IR014_1,IR,1,1772.0,0.053527825,0.26744184,0.46762472,0.21140562,IR,0.46762472,14.0,,1,2,2027,mlp
N_3,N,3,1725.0,0.847138,0.037322443,0.03839423,0.07714538,N,0.847138,,,1,2,2027,mlp
OR007@12_3,OR,3,1723.0,0.05271173,0.31322077,0.38354486,0.25052264,IR,0.38354486,7.0,Opposite,1,2,2027,mlp
OR007@6_1,OR,1,1774.0,0.09265725,0.09282137,0.11187834,0.70264304,OR,0.70264304,7.0,Centered,1,2,2027,mlp
OR014@6_3,OR,3,1723.0,0.050595235,0.7345153,0.08844746,0.12644199,B,0.7345153,14.0,Centered,1,2,2027,mlp
OR021@12_3,OR,3,1718.0,0.09933489,0.12684436,0.17157482,0.6022459,OR,0.6022459,21.0,Opposite,1,2,2027,mlp
OR021@3_3,OR,3,1719.0,0.13403049,0.18232311,0.2188156,0.46483082,OR,0.46483082,21.0,Orthogonal,1,2,2027,mlp
OR021@6_0,OR,0,1796.0,0.12570076,0.12094506,0.18010196,0.57325226,OR,0.57325226,21.0,Centered,1,2,2027,mlp
OR021@6_3,OR,3,1719.0,0.12467985,0.11617984,0.15566337,0.60347694,OR,0.60347694,21.0,Centered,1,2,2027,mlp
B014_0,B,0,1797.0,0.0105664125,0.82540387,0.1554172,0.008612498,B,0.82540387,14.0,,2,2,2027,mlp
B014_3,B,3,1725.0,0.0150154065,0.92256355,0.03810873,0.024312332,B,0.92256355,14.0,,2,2,2027,mlp
B021_0,B,0,1797.0,0.04616094,0.73922986,0.14527261,0.06933656,B,0.73922986,21.0,,2,2,2027,mlp
IR014_3,IR,3,1726.0,0.15953162,0.17129396,0.3483843,0.3207901,IR,0.3483843,14.0,,2,2,2027,mlp
IR021_0,IR,0,1796.0,0.016666,0.09581852,0.87977725,0.0077382536,IR,0.87977725,21.0,,2,2,2027,mlp
IR021_3,IR,3,1727.0,0.19860835,0.0917735,0.5933627,0.11625545,IR,0.5933627,21.0,,2,2,2027,mlp
N_1_(1772rpm),N,1,1772.0,0.98254716,0.006310102,0.0027576636,0.008385022,N,0.98254716,,,2,2,2027,mlp
OR007@12_0,OR,0,1796.0,0.010123585,0.006675827,0.010028673,0.9731719,OR,0.9731719,7.0,Opposite,2,2,2027,mlp
OR007@3_0,OR,0,1797.0,0.007647775,0.004660233,0.012306726,0.97538525,OR,0.97538525,7.0,Orthogonal,2,2,2027,mlp
OR007@6_3,OR,3,1725.0,0.0070537194,0.0030817275,0.013175092,0.97668946,OR,0.97668946,7.0,Centered,2,2,2027,mlp
OR014@6_1,OR,1,1772.0,0.015825966,0.75502497,0.008013494,0.22113559,B,0.75502497,14.0,Centered,2,2,2027,mlp
OR021@12_0,OR,0,1796.0,0.009567301,0.0027439427,0.007894031,0.97979474,OR,0.97979474,21.0,Opposite,2,2,2027,mlp
OR021@3_0,OR,0,1796.0,0.008786966,0.006222498,0.023642745,0.9613478,OR,0.9613478,21.0,Orthogonal,2,2,2027,mlp
OR021@3_1,OR,1,1770.0,0.0065824823,0.0050492915,0.021310674,0.9670576,OR,0.9670576,21.0,Orthogonal,2,2,2027,mlp
B007_2,B,2,1747.0,0.002936267,0.9099743,0.001278107,0.08581136,B,0.9099743,7.0,,0,3,2027,mlp
B014_0,B,0,1797.0,0.007785796,0.8612447,0.12041254,0.010557028,B,0.8612447,14.0,,0,3,2027,mlp
B021_2,B,2,1754.0,0.0043788706,0.6060256,0.3697969,0.019798646,B,0.6060256,21.0,,0,3,2027,mlp
IR014_2,IR,2,1751.0,0.000891394,0.004347042,0.9915871,0.0031745022,IR,0.9915871,14.0,,0,3,2027,mlp
IR021_0,IR,0,1796.0,0.0010448277,0.0052441736,0.9924436,0.0012673566,IR,0.9924436,21.0,,0,3,2027,mlp
IR021_2,IR,2,1752.0,0.1379555,0.37374887,0.18205842,0.30623722,B,0.37374887,21.0,,0,3,2027,mlp
N_1_(1772rpm),N,1,1772.0,0.9975151,0.0014631363,0.0005537359,0.00046805857,N,0.9975151,,,0,3,2027,mlp
OR007@12_2,OR,2,1749.0,0.0005529356,0.001492555,0.0054792413,0.9924752,OR,0.9924752,7.0,Opposite,0,3,2027,mlp
OR007@6_0,OR,0,1796.0,0.0007908819,0.0013126876,0.0023776076,0.9955188,OR,0.9955188,7.0,Centered,0,3,2027,mlp
OR007@6_1,OR,1,1774.0,0.00071717065,0.0012283444,0.0019099588,0.9961445,OR,0.9961445,7.0,Centered,0,3,2027,mlp
OR021@12_0,OR,0,1796.0,0.0006747627,0.0015481977,0.0022956212,0.9954814,OR,0.9954814,21.0,Opposite,0,3,2027,mlp
OR021@3_2,OR,2,1746.0,0.00033580363,0.002396802,0.001386381,0.995881,OR,0.995881,21.0,Orthogonal,0,3,2027,mlp
OR021@6_0,OR,0,1796.0,0.0005991152,0.001709248,0.002470734,0.99522096,OR,0.99522096,21.0,Centered,0,3,2027,mlp
OR021@6_2,OR,2,1747.0,0.0005951885,0.0016948029,0.0015563312,0.9961537,OR,0.9961537,21.0,Centered,0,3,2027,mlp
B007_1,B,1,1772.0,0.061175704,0.7630016,0.026033336,0.14978932,B,0.7630016,7.0,,1,3,2027,mlp
B014_1,B,1,1772.0,0.07528017,0.787849,0.069929965,0.06694089,B,0.787849,14.0,,1,3,2027,mlp
B021_0,B,0,1797.0,0.10623046,0.50257456,0.3342845,0.056910433,B,0.50257456,21.0,,1,3,2027,mlp
IR007_0,IR,0,1796.0,0.048617784,0.03114451,0.81476223,0.105475485,IR,0.81476223,7.0,,1,3,2027,mlp
IR014_0,IR,0,1796.0,0.04956893,0.48391336,0.120969534,0.34554815,B,0.48391336,14.0,,1,3,2027,mlp
IR014_1,IR,1,1772.0,0.04336811,0.4089248,0.45945665,0.08825051,IR,0.45945665,14.0,,1,3,2027,mlp
N_2_(1750rpm),N,2,1750.0,0.9270191,0.035206478,0.013616709,0.024157705,N,0.9270191,,,1,3,2027,mlp
OR007@12_1,OR,1,1772.0,0.026911298,0.12544689,0.10789652,0.73974526,OR,0.73974526,7.0,Opposite,1,3,2027,mlp
OR007@6_2,OR,2,1750.0,0.021581484,0.025776207,0.060476087,0.8921662,OR,0.8921662,7.0,Centered,1,3,2027,mlp
OR014@6_0,OR,0,1796.0,0.06746913,0.8075333,0.034947958,0.09004955,B,0.8075333,14.0,Centered,1,3,2027,mlp
OR014@6_2,OR,2,1749.0,0.0610637,0.667706,0.048078235,0.22315206,B,0.667706,14.0,Centered,1,3,2027,mlp
OR021@12_1,OR,1,1771.0,0.02395821,0.05670867,0.15881856,0.76051456,OR,0.76051456,21.0,Opposite,1,3,2027,mlp
OR021@12_2,OR,2,1746.0,0.025906235,0.068433955,0.16782615,0.7378336,OR,0.7378336,21.0,Opposite,1,3,2027,mlp
OR021@3_1,OR,1,1770.0,0.029651685,0.0427315,0.07207497,0.8555418,OR,0.8555418,21.0,Orthogonal,1,3,2027,mlp
B007_0,B,0,1796.0,0.0132192625,0.83101517,0.015295013,0.1404706,B,0.83101517,7.0,,2,3,2027,mlp
B014_2,B,2,1748.0,0.015862407,0.9197998,0.05188697,0.012450822,B,0.9197998,14.0,,2,3,2027,mlp
B021_1,B,1,1774.0,0.01640998,0.832364,0.13635606,0.014869941,B,0.832364,21.0,,2,3,2027,mlp
IR007_1,IR,1,1772.0,0.012879782,0.08241631,0.8844099,0.020293994,IR,0.8844099,7.0,,2,3,2027,mlp
IR007_2,IR,2,1748.0,0.012888876,0.088652015,0.8755218,0.022937328,IR,0.8755218,7.0,,2,3,2027,mlp
IR021_1,IR,1,1774.0,0.006760751,0.14272675,0.83877474,0.011737767,IR,0.83877474,21.0,,2,3,2027,mlp
N_0,N,0,1796.0,0.97846466,0.012452652,0.005258818,0.0038238077,N,0.97846466,,,2,3,2027,mlp
OR007@12_0,OR,0,1796.0,0.00566175,0.0064184316,0.044041693,0.94387805,OR,0.94387805,7.0,Opposite,2,3,2027,mlp
OR007@3_0,OR,0,1797.0,0.0031347761,0.0024043482,0.02863382,0.9658271,OR,0.9658271,7.0,Orthogonal,2,3,2027,mlp
OR007@3_1,OR,1,1773.0,0.003109737,0.0019681524,0.025646525,0.9692756,OR,0.9692756,7.0,Orthogonal,2,3,2027,mlp
OR007@3_2,OR,2,1750.0,0.0030810803,0.0019046239,0.02380303,0.97121125,OR,0.97121125,7.0,Orthogonal,2,3,2027,mlp
OR014@6_1,OR,1,1772.0,0.012192594,0.8401618,0.0152348885,0.13241073,B,0.8401618,14.0,Centered,2,3,2027,mlp
OR021@3_0,OR,0,1796.0,0.019313818,0.023626694,0.029456612,0.9276029,OR,0.9276029,21.0,Orthogonal,2,3,2027,mlp
OR021@6_1,OR,1,1771.0,0.004561932,0.0014423056,0.01772573,0.9762701,OR,0.9762701,21.0,Centered,2,3,2027,mlp
B007_3,B,3,1721.0,0.005708275,0.9306281,0.011670276,0.05199338,B,0.9306281,7.0,,0,0,2028,mlp
B014_1,B,1,1772.0,0.0020353494,0.9894431,0.002998261,0.0055232695,B,0.9894431,14.0,,0,0,2028,mlp
B021_3,B,3,1729.0,0.006518555,0.6155844,0.3623476,0.015549464,B,0.6155844,21.0,,0,0,2028,mlp
IR007_1,IR,1,1772.0,0.0016709525,0.0044133537,0.99228173,0.0016339868,IR,0.99228173,7.0,,0,0,2028,mlp
IR014_1,IR,1,1772.0,0.0022133333,0.018145615,0.97474915,0.0048919087,IR,0.97474915,14.0,,0,0,2028,mlp
IR021_2,IR,2,1752.0,0.001907709,0.0019833932,0.9933561,0.0027528056,IR,0.9933561,21.0,,0,0,2028,mlp
N_1_(1772rpm),N,1,1772.0,0.99320465,0.0019094098,0.0017062122,0.003179772,N,0.99320465,,,0,0,2028,mlp
OR007@6_2,OR,2,1750.0,0.0020468717,0.0026887,0.001992163,0.99327224,OR,0.99327224,7.0,Centered,0,0,2028,mlp
OR007@6_3,OR,3,1725.0,0.0019459008,0.0028848913,0.0018484814,0.99332076,OR,0.99332076,7.0,Centered,0,0,2028,mlp
OR021@12_1,OR,1,1771.0,0.0032629895,0.0022408466,0.0034729473,0.9910232,OR,0.9910232,21.0,Opposite,0,0,2028,mlp
OR021@3_1,OR,1,1770.0,0.0035521628,0.009597574,0.0021563373,0.98469394,OR,0.98469394,21.0,Orthogonal,0,0,2028,mlp
OR021@3_3,OR,3,1719.0,0.004493362,0.007011578,0.004214783,0.9842803,OR,0.9842803,21.0,Orthogonal,0,0,2028,mlp
OR021@6_1,OR,1,1771.0,0.004866255,0.0039029277,0.0019072309,0.9893236,OR,0.9893236,21.0,Centered,0,0,2028,mlp
OR021@6_2,OR,2,1747.0,0.004935401,0.0045621567,0.0018601572,0.9886423,OR,0.9886423,21.0,Centered,0,0,2028,mlp
B007_2,B,2,1747.0,0.0059857382,0.5595419,0.024758492,0.40971392,B,0.5595419,7.0,,1,0,2028,mlp
B014_3,B,3,1725.0,0.006856079,0.92609346,0.04092617,0.026124323,B,0.92609346,14.0,,1,0,2028,mlp
B021_1,B,1,1774.0,0.009243875,0.69468254,0.24800344,0.04807016,B,0.69468254,21.0,,1,0,2028,mlp
IR007_2,IR,2,1748.0,0.0292613,0.06063631,0.88734186,0.022760574,IR,0.88734186,7.0,,1,0,2028,mlp
IR014_2,IR,2,1751.0,0.014524,0.33158275,0.60331404,0.05057915,IR,0.60331404,14.0,,1,0,2028,mlp
IR021_1,IR,1,1774.0,0.013842143,0.45820093,0.45925543,0.06870152,IR,0.45925543,21.0,,1,0,2028,mlp
N_3,N,3,1725.0,0.97890526,0.00334232,0.012145051,0.0056073912,N,0.97890526,,,1,0,2028,mlp
OR007@12_1,OR,1,1772.0,0.015000999,0.12784939,0.20531808,0.65183157,OR,0.65183157,7.0,Opposite,1,0,2028,mlp
OR007@12_2,OR,2,1749.0,0.009849102,0.06358941,0.07014459,0.8564169,OR,0.8564169,7.0,Opposite,1,0,2028,mlp
OR007@12_3,OR,3,1723.0,0.008483401,0.112075485,0.059128083,0.82031304,OR,0.82031304,7.0,Opposite,1,0,2028,mlp
OR007@3_2,OR,2,1750.0,0.0048153424,0.017442126,0.022333791,0.95540875,OR,0.95540875,7.0,Orthogonal,1,0,2028,mlp
OR007@3_3,OR,3,1724.0,0.00439845,0.021576244,0.018407209,0.9556181,OR,0.9556181,7.0,Orthogonal,1,0,2028,mlp
OR007@6_1,OR,1,1774.0,0.00579832,0.011177512,0.022433398,0.9605908,OR,0.9605908,7.0,Centered,1,0,2028,mlp
OR021@3_2,OR,2,1746.0,0.003615684,0.015659068,0.019748384,0.9609769,OR,0.9609769,21.0,Orthogonal,1,0,2028,mlp
B007_1,B,1,1772.0,0.07514829,0.5088379,0.12923747,0.28677633,B,0.5088379,7.0,,2,0,2028,mlp
B014_2,B,2,1748.0,0.053926174,0.4254585,0.21694943,0.30366585,B,0.4254585,14.0,,2,0,2028,mlp
B021_2,B,2,1754.0,0.049619943,0.31246015,0.36459664,0.2733233,IR,0.36459664,21.0,,2,0,2028,mlp
IR007_3,IR,3,1721.0,0.1817394,0.16168241,0.51268643,0.14389178,IR,0.51268643,7.0,,2,0,2028,mlp
IR014_3,IR,3,1726.0,0.10671389,0.26139766,0.3403358,0.29155263,IR,0.3403358,14.0,,2,0,2028,mlp
IR021_3,IR,3,1727.0,0.077920936,0.13725148,0.56829655,0.21653101,IR,0.56829655,21.0,,2,0,2028,mlp
N_2_(1750rpm),N,2,1750.0,0.77868026,0.061928876,0.09645213,0.06293872,N,0.77868026,,,2,0,2028,mlp
OR007@3_1,OR,1,1773.0,0.06612373,0.17106363,0.12718405,0.6356286,OR,0.6356286,7.0,Orthogonal,2,0,2028,mlp
OR014@6_1,OR,1,1772.0,0.07877406,0.48451313,0.13091527,0.30579755,B,0.48451313,14.0,Centered,2,0,2028,mlp
OR014@6_2,OR,2,1749.0,0.07302875,0.44960588,0.15700042,0.32036495,B,0.44960588,14.0,Centered,2,0,2028,mlp
OR014@6_3,OR,3,1723.0,0.09912095,0.534217,0.1251436,0.2415185,B,0.534217,14.0,Centered,2,0,2028,mlp
OR021@12_2,OR,2,1746.0,0.07249631,0.17335795,0.35640496,0.3977408,OR,0.3977408,21.0,Opposite,2,0,2028,mlp
OR021@12_3,OR,3,1718.0,0.069502994,0.18270962,0.34062594,0.40716144,OR,0.40716144,21.0,Opposite,2,0,2028,mlp
OR021@6_3,OR,3,1719.0,0.07278689,0.18346511,0.23884717,0.5049008,OR,0.5049008,21.0,Centered,2,0,2028,mlp
B014_0,B,0,1797.0,0.023726836,0.681696,0.23882575,0.05575144,B,0.681696,14.0,,0,1,2028,mlp
B014_2,B,2,1748.0,0.043948848,0.71203,0.17727698,0.066744186,B,0.71203,14.0,,0,1,2028,mlp
B021_2,B,2,1754.0,0.032112155,0.43912202,0.45166358,0.07710221,IR,0.45166358,21.0,,0,1,2028,mlp
IR007_0,IR,0,1796.0,0.11848586,0.17490496,0.62897384,0.077635385,IR,0.62897384,7.0,,0,1,2028,mlp
IR007_3,IR,3,1721.0,0.08149521,0.16546664,0.72257364,0.030464526,IR,0.72257364,7.0,,0,1,2028,mlp
IR014_3,IR,3,1726.0,0.14759149,0.20254295,0.30000788,0.34985766,OR,0.34985766,14.0,,0,1,2028,mlp
N_2_(1750rpm),N,2,1750.0,0.97831136,0.0035340511,0.016389716,0.0017649069,N,0.97831136,,,0,1,2028,mlp
OR007@3_2,OR,2,1750.0,0.0023671098,0.02664062,0.013505791,0.9574865,OR,0.9574865,7.0,Orthogonal,0,1,2028,mlp
OR007@6_3,OR,3,1725.0,0.002866886,0.029481778,0.015915431,0.9517359,OR,0.9517359,7.0,Centered,0,1,2028,mlp
OR014@6_2,OR,2,1749.0,0.012871159,0.6682396,0.095818125,0.22307114,B,0.6682396,14.0,Centered,0,1,2028,mlp
OR021@12_3,OR,3,1718.0,0.0043006474,0.03864357,0.033458862,0.9235969,OR,0.9235969,21.0,Opposite,0,1,2028,mlp
OR021@3_0,OR,0,1796.0,0.008598711,0.22498076,0.04506111,0.72135943,OR,0.72135943,21.0,Orthogonal,0,1,2028,mlp
OR021@3_3,OR,3,1719.0,0.0036427716,0.06308527,0.018077763,0.91519415,OR,0.91519415,21.0,Orthogonal,0,1,2028,mlp
OR021@6_2,OR,2,1747.0,0.0043392116,0.037378628,0.03453516,0.923747,OR,0.923747,21.0,Centered,0,1,2028,mlp
B007_0,B,0,1796.0,0.018891016,0.29236475,0.018221904,0.67052233,OR,0.67052233,7.0,,1,1,2028,mlp
B007_2,B,2,1747.0,0.016627897,0.6585235,0.018514719,0.30633396,B,0.6585235,7.0,,1,1,2028,mlp
B021_3,B,3,1729.0,0.011618148,0.6518725,0.3042815,0.032227855,B,0.6518725,21.0,,1,1,2028,mlp
IR007_2,IR,2,1748.0,0.0069991834,0.015134775,0.9713499,0.006516155,IR,0.9713499,7.0,,1,1,2028,mlp
IR021_0,IR,0,1796.0,0.020711465,0.72076064,0.23068343,0.027844476,B,0.72076064,21.0,,1,1,2028,mlp
IR021_3,IR,3,1727.0,0.0052800686,0.029319588,0.9513546,0.014045737,IR,0.9513546,21.0,,1,1,2028,mlp
N_0,N,0,1796.0,0.8815425,0.01130245,0.09295856,0.014196466,N,0.8815425,,,1,1,2028,mlp
OR007@12_0,OR,0,1796.0,0.0151873715,0.009277258,0.019615008,0.95592034,OR,0.95592034,7.0,Opposite,1,1,2028,mlp
OR007@12_2,OR,2,1749.0,0.017405188,0.011163726,0.07593681,0.8954943,OR,0.8954943,7.0,Opposite,1,1,2028,mlp
OR007@3_0,OR,0,1797.0,0.013880416,0.005140019,0.011336904,0.96964264,OR,0.96964264,7.0,Orthogonal,1,1,2028,mlp
OR007@6_0,OR,0,1796.0,0.010979369,0.0038673903,0.009709107,0.97544414,OR,0.97544414,7.0,Centered,1,1,2028,mlp
OR007@6_2,OR,2,1750.0,0.009981112,0.003706859,0.00706431,0.9792477,OR,0.9792477,7.0,Centered,1,1,2028,mlp
OR014@6_0,OR,0,1796.0,0.018649181,0.5574768,0.02856582,0.3953082,B,0.5574768,14.0,Centered,1,1,2028,mlp
OR021@12_0,OR,0,1796.0,0.0100284275,0.0047000265,0.013213151,0.9720584,OR,0.9720584,21.0,Opposite,1,1,2028,mlp
B007_3,B,3,1721.0,0.00952319,0.8816217,0.009910493,0.09894458,B,0.8816217,7.0,,2,1,2028,mlp
B014_3,B,3,1725.0,0.008683895,0.8983016,0.048708748,0.04430578,B,0.8983016,14.0,,2,1,2028,mlp
B021_0,B,0,1797.0,0.008597891,0.8126014,0.13644902,0.04235172,B,0.8126014,21.0,,2,1,2028,mlp
IR014_0,IR,0,1796.0,0.007355382,0.41683072,0.060710117,0.51510376,OR,0.51510376,14.0,,2,1,2028,mlp
IR014_2,IR,2,1751.0,0.0087705,0.5252957,0.39827028,0.06766361,B,0.5252957,14.0,,2,1,2028,mlp
IR021_2,IR,2,1752.0,0.011176149,0.022067834,0.9528149,0.013941183,IR,0.9528149,21.0,,2,1,2028,mlp
N_3,N,3,1725.0,0.98872256,0.002133793,0.0039273915,0.0052162576,N,0.98872256,,,2,1,2028,mlp
OR007@12_3,OR,3,1723.0,0.00843603,0.05097747,0.06728067,0.87330586,OR,0.87330586,7.0,Opposite,2,1,2028,mlp
OR007@3_3,OR,3,1724.0,0.0040161298,0.00488715,0.0039700614,0.9871267,OR,0.9871267,7.0,Orthogonal,2,1,2028,mlp
OR014@6_3,OR,3,1723.0,0.007552379,0.8165497,0.01002837,0.16586958,B,0.8165497,14.0,Centered,2,1,2028,mlp
OR021@12_2,OR,2,1746.0,0.008562979,0.005651383,0.01190498,0.97388065,OR,0.97388065,21.0,Opposite,2,1,2028,mlp
OR021@3_2,OR,2,1746.0,0.0072335815,0.009374445,0.019828726,0.96356326,OR,0.96356326,21.0,Orthogonal,2,1,2028,mlp
OR021@6_0,OR,0,1796.0,0.0047005927,0.0044488865,0.0049103224,0.98594016,OR,0.98594016,21.0,Centered,2,1,2028,mlp
OR021@6_3,OR,3,1719.0,0.0047095986,0.0044146786,0.004122948,0.9867528,OR,0.9867528,21.0,Centered,2,1,2028,mlp
B007_1,B,1,1772.0,0.013936655,0.6951467,0.01953255,0.27138406,B,0.6951467,7.0,,0,2,2028,mlp
B021_0,B,0,1797.0,0.013158384,0.63085747,0.3065111,0.049473085,B,0.63085747,21.0,,0,2,2028,mlp
B021_3,B,3,1729.0,0.018809363,0.3301405,0.57885915,0.072191015,IR,0.57885915,21.0,,0,2,2028,mlp
IR007_1,IR,1,1772.0,0.030823888,0.05960791,0.88247,0.027098222,IR,0.88247,7.0,,0,2,2028,mlp
IR014_0,IR,0,1796.0,0.018282738,0.19299027,0.048410814,0.7403162,OR,0.7403162,14.0,,0,2,2028,mlp
IR021_1,IR,1,1774.0,0.013417358,0.06969977,0.87633216,0.040550735,IR,0.87633216,21.0,,0,2,2028,mlp
N_1_(1772rpm),N,1,1772.0,0.9542595,0.0111296,0.013525555,0.021085355,N,0.9542595,,,0,2,2028,mlp
OR007@6_1,OR,1,1774.0,0.035976145,0.031690713,0.03687459,0.8954586,OR,0.8954586,7.0,Centered,0,2,2028,mlp
OR014@6_3,OR,3,1723.0,0.011762525,0.7962279,0.025647376,0.16636226,B,0.7962279,14.0,Centered,0,2,2028,mlp
OR021@12_0,OR,0,1796.0,0.061683517,0.08560356,0.41059926,0.44211364,OR,0.44211364,21.0,Opposite,0,2,2028,mlp
OR021@12_1,OR,1,1771.0,0.061240196,0.08148096,0.38817367,0.46910518,OR,0.46910518,21.0,Opposite,0,2,2028,mlp
OR021@12_3,OR,3,1718.0,0.057175253,0.07433682,0.3705863,0.49790165,OR,0.49790165,21.0,Opposite,0,2,2028,mlp
OR021@6_0,OR,0,1796.0,0.048287295,0.046306908,0.059285074,0.8461207,OR,0.8461207,21.0,Centered,0,2,2028,mlp
OR021@6_1,OR,1,1771.0,0.04938603,0.04173745,0.035895552,0.87298095,OR,0.87298095,21.0,Centered,0,2,2028,mlp
B014_1,B,1,1772.0,0.07415557,0.34663796,0.46269706,0.11650939,IR,0.46269706,14.0,,1,2,2028,mlp
B014_3,B,3,1725.0,0.083963856,0.36217803,0.4169553,0.13690284,IR,0.4169553,14.0,,1,2,2028,mlp
B021_1,B,1,1774.0,0.060085583,0.39830634,0.4811135,0.060494605,IR,0.4811135,21.0,,1,2,2028,mlp
IR007_3,IR,3,1721.0,0.114164725,0.19822061,0.6176411,0.069973536,IR,0.6176411,7.0,,1,2,2028,mlp
IR014_3,IR,3,1726.0,0.13262844,0.118878305,0.46669436,0.2817989,IR,0.46669436,14.0,,1,2,2028,mlp
IR021_0,IR,0,1796.0,0.06950528,0.29756618,0.5564291,0.07649947,IR,0.5564291,21.0,,1,2,2028,mlp
N_3,N,3,1725.0,0.86075443,0.043905623,0.03379832,0.061541624,N,0.86075443,,,1,2,2028,mlp
OR007@12_0,OR,0,1796.0,0.05832751,0.18802738,0.21959919,0.53404593,OR,0.53404593,7.0,Opposite,1,2,2028,mlp
OR007@12_1,OR,1,1772.0,0.043019656,0.11542255,0.6033815,0.23817633,IR,0.6033815,7.0,Opposite,1,2,2028,mlp
OR007@3_0,OR,0,1797.0,0.052384745,0.0862353,0.11250929,0.7488707,OR,0.7488707,7.0,Orthogonal,1,2,2028,mlp
OR007@6_3,OR,3,1725.0,0.047884677,0.041157205,0.10943808,0.80152005,OR,0.80152005,7.0,Centered,1,2,2028,mlp
OR014@6_1,OR,1,1772.0,0.05012334,0.7757207,0.056997426,0.11715849,B,0.7757207,14.0,Centered,1,2,2028,mlp
OR021@3_1,OR,1,1770.0,0.050874453,0.062526606,0.18328504,0.7033139,OR,0.7033139,21.0,Orthogonal,1,2,2028,mlp
OR021@3_3,OR,3,1719.0,0.05294128,0.051763184,0.13713919,0.75815636,OR,0.75815636,21.0,Orthogonal,1,2,2028,mlp
B007_0,B,0,1796.0,0.08545677,0.55120015,0.10915638,0.2541867,B,0.55120015,7.0,,2,2,2028,mlp
B007_3,B,3,1721.0,0.10390621,0.5386039,0.1197594,0.23773052,B,0.5386039,7.0,,2,2,2028,mlp
B014_0,B,0,1797.0,0.04441986,0.6177417,0.30019385,0.037644565,B,0.6177417,14.0,,2,2,2028,mlp
IR007_0,IR,0,1796.0,0.039841007,0.0348525,0.84363115,0.08167534,IR,0.84363115,7.0,,2,2,2028,mlp
IR014_1,IR,1,1772.0,0.0372935,0.21959202,0.471443,0.27167147,IR,0.471443,14.0,,2,2,2028,mlp
IR021_3,IR,3,1727.0,0.09374867,0.15049638,0.4811073,0.27464765,IR,0.4811073,21.0,,2,2,2028,mlp
N_0,N,0,1796.0,0.8450797,0.052883647,0.04547442,0.056562185,N,0.8450797,,,2,2,2028,mlp
OR007@12_3,OR,3,1723.0,0.05507951,0.23000889,0.41076186,0.30414978,IR,0.41076186,7.0,Opposite,2,2,2028,mlp
OR007@3_1,OR,1,1773.0,0.08000547,0.04966269,0.123961106,0.74637073,OR,0.74637073,7.0,Orthogonal,2,2,2028,mlp
OR007@3_3,OR,3,1724.0,0.07713495,0.053274218,0.12570821,0.7438826,OR,0.7438826,7.0,Orthogonal,2,2,2028,mlp
OR007@6_0,OR,0,1796.0,0.07229639,0.031075427,0.18403134,0.71259683,OR,0.71259683,7.0,Centered,2,2,2028,mlp
OR014@6_0,OR,0,1796.0,0.06787855,0.67076313,0.10752429,0.15383403,B,0.67076313,14.0,Centered,2,2,2028,mlp
OR021@3_0,OR,0,1796.0,0.08495321,0.07671626,0.26377076,0.5745598,OR,0.5745598,21.0,Orthogonal,2,2,2028,mlp
OR021@6_3,OR,3,1719.0,0.049951475,0.03837095,0.18499641,0.7266812,OR,0.7266812,21.0,Centered,2,2,2028,mlp
B007_1,B,1,1772.0,0.106891386,0.52457196,0.09476588,0.2737708,B,0.52457196,7.0,,0,3,2028,mlp
B021_1,B,1,1774.0,0.09716685,0.23053575,0.4071497,0.26514772,IR,0.4071497,21.0,,0,3,2028,mlp
B021_2,B,2,1754.0,0.08211021,0.21260242,0.4294761,0.27581128,IR,0.4294761,21.0,,0,3,2028,mlp
IR007_0,IR,0,1796.0,0.124588124,0.14798988,0.4383583,0.2890637,IR,0.4383583,7.0,,0,3,2028,mlp
IR021_1,IR,1,1774.0,0.067508236,0.13620059,0.37601233,0.42027885,OR,0.42027885,21.0,,0,3,2028,mlp
IR021_2,IR,2,1752.0,0.08521284,0.11158379,0.31704184,0.4861615,OR,0.4861615,21.0,,0,3,2028,mlp
N_1_(1772rpm),N,1,1772.0,0.720115,0.1335556,0.060287498,0.086041845,N,0.720115,,,0,3,2028,mlp
OR007@12_0,OR,0,1796.0,0.0602207,0.14504142,0.17178984,0.622948,OR,0.622948,7.0,Opposite,0,3,2028,mlp
OR007@3_0,OR,0,1797.0,0.0754501,0.121690206,0.179788,0.62307173,OR,0.62307173,7.0,Orthogonal,0,3,2028,mlp
OR007@6_0,OR,0,1796.0,0.08508796,0.086549245,0.19317017,0.6351926,OR,0.6351926,7.0,Centered,0,3,2028,mlp
OR007@6_2,OR,2,1750.0,0.07833527,0.088874474,0.188049,0.64474124,OR,0.64474124,7.0,Centered,0,3,2028,mlp
OR014@6_2,OR,2,1749.0,0.09889038,0.43546957,0.14540061,0.32023945,B,0.43546957,14.0,Centered,0,3,2028,mlp
OR021@6_0,OR,0,1796.0,0.07384781,0.10560672,0.2590484,0.56149703,OR,0.56149703,21.0,Centered,0,3,2028,mlp
OR021@6_2,OR,2,1747.0,0.07907126,0.10780668,0.24690057,0.5662215,OR,0.5662215,21.0,Centered,0,3,2028,mlp
B007_0,B,0,1796.0,0.0124756275,0.5941354,0.015048461,0.37834048,B,0.5941354,7.0,,1,3,2028,mlp
B014_0,B,0,1797.0,0.011096039,0.93602145,0.045379255,0.00750326,B,0.93602145,14.0,,1,3,2028,mlp
B021_0,B,0,1797.0,0.016241675,0.7275244,0.21666105,0.03957286,B,0.7275244,21.0,,1,3,2028,mlp
IR007_1,IR,1,1772.0,0.0037645795,0.023746151,0.9611377,0.011351583,IR,0.9611377,7.0,,1,3,2028,mlp
IR014_1,IR,1,1772.0,0.0033955441,0.028589929,0.9270083,0.04100625,IR,0.9270083,14.0,,1,3,2028,mlp
IR021_0,IR,0,1796.0,0.008357146,0.11120563,0.8560559,0.02438128,IR,0.8560559,21.0,,1,3,2028,mlp
N_0,N,0,1796.0,0.9772933,0.013825256,0.0050502773,0.0038311614,N,0.9772933,,,1,3,2028,mlp
OR007@12_1,OR,1,1772.0,0.0027622427,0.0020343752,0.120047346,0.875156,OR,0.875156,7.0,Opposite,1,3,2028,mlp
OR007@3_2,OR,2,1750.0,0.0022981116,0.0015166139,0.01576388,0.9804214,OR,0.9804214,7.0,Orthogonal,1,3,2028,mlp
OR007@6_1,OR,1,1774.0,0.003038959,0.0012641501,0.016731443,0.9789654,OR,0.9789654,7.0,Centered,1,3,2028,mlp
OR021@12_2,OR,2,1746.0,0.004814462,0.0012086149,0.023164261,0.9708127,OR,0.9708127,21.0,Opposite,1,3,2028,mlp
OR021@3_1,OR,1,1770.0,0.0055382685,0.0026922019,0.060048014,0.9317215,OR,0.9317215,21.0,Orthogonal,1,3,2028,mlp
OR021@3_2,OR,2,1746.0,0.005840003,0.0028771888,0.05703485,0.934248,OR,0.934248,21.0,Orthogonal,1,3,2028,mlp
OR021@6_1,OR,1,1771.0,0.0041291034,0.0015149809,0.020973101,0.97338283,OR,0.97338283,21.0,Centered,1,3,2028,mlp
B007_2,B,2,1747.0,0.057507973,0.7519826,0.056038182,0.13447122,B,0.7519826,7.0,,2,3,2028,mlp
B014_1,B,1,1772.0,0.08885158,0.5538542,0.13330486,0.22398934,B,0.5538542,14.0,,2,3,2028,mlp
B014_2,B,2,1748.0,0.08615474,0.49026534,0.1399444,0.28363553,B,0.49026534,14.0,,2,3,2028,mlp
IR007_2,IR,2,1748.0,0.12034219,0.11262768,0.6411808,0.12584935,IR,0.6411808,7.0,,2,3,2028,mlp
IR014_0,IR,0,1796.0,0.053887326,0.49587393,0.1462721,0.30396664,B,0.49587393,14.0,,2,3,2028,mlp
IR014_2,IR,2,1751.0,0.058950182,0.2325155,0.31600404,0.39253023,OR,0.39253023,14.0,,2,3,2028,mlp
N_2_(1750rpm),N,2,1750.0,0.8478212,0.046843298,0.05316609,0.052169453,N,0.8478212,,,2,3,2028,mlp
OR007@12_2,OR,2,1749.0,0.06050915,0.2632868,0.18453422,0.49166983,OR,0.49166983,7.0,Opposite,2,3,2028,mlp
OR007@3_1,OR,1,1773.0,0.07160079,0.15514517,0.20029496,0.57295907,OR,0.57295907,7.0,Orthogonal,2,3,2028,mlp
OR014@6_0,OR,0,1796.0,0.049936604,0.74654645,0.06516978,0.13834718,B,0.74654645,14.0,Centered,2,3,2028,mlp
OR014@6_1,OR,1,1772.0,0.04713453,0.7320367,0.058721446,0.16210727,B,0.7320367,14.0,Centered,2,3,2028,mlp
OR021@12_0,OR,0,1796.0,0.063876614,0.13743566,0.27243936,0.52624834,OR,0.52624834,21.0,Opposite,2,3,2028,mlp
OR021@12_1,OR,1,1771.0,0.063423835,0.13477816,0.29254705,0.509251,OR,0.509251,21.0,Opposite,2,3,2028,mlp
OR021@3_0,OR,0,1796.0,0.14842376,0.2529595,0.22644179,0.37217498,OR,0.37217498,21.0,Orthogonal,2,3,2028,mlp
B007_1,B,1,1772.0,0.000953064,0.78537136,0.0014348042,0.21224077,B,0.78537136,7.0,,0,0,2029,mlp
B014_2,B,2,1748.0,0.001002398,0.9967855,0.0016161948,0.00059588917,B,0.9967855,14.0,,0,0,2029,mlp
B021_1,B,1,1774.0,0.0012869153,0.7135148,0.26045442,0.024743889,B,0.7135148,21.0,,0,0,2029,mlp
IR014_1,IR,1,1772.0,0.0008284392,0.01496471,0.9833185,0.0008882853,IR,0.9833185,14.0,,0,0,2029,mlp
IR021_2,IR,2,1752.0,0.0031230336,0.0027898927,0.96623045,0.027856573,IR,0.96623045,21.0,,0,0,2029,mlp
IR021_3,IR,3,1727.0,0.0042127133,0.0037741973,0.93826485,0.053748216,IR,0.93826485,21.0,,0,0,2029,mlp
N_1_(1772rpm),N,1,1772.0,0.9966943,0.0006105101,0.0018144019,0.00088078657,N,0.9966943,,,0,0,2029,mlp
OR007@6_1,OR,1,1774.0,0.0004570766,0.00028437536,0.0019167186,0.9973418,OR,0.9973418,7.0,Centered,0,0,2029,mlp
OR007@6_2,OR,2,1750.0,0.00032943994,0.00025571452,0.0012217938,0.9981931,OR,0.9981931,7.0,Centered,0,0,2029,mlp
OR007@6_3,OR,3,1725.0,0.00029955807,0.00024796792,0.0011061296,0.9983463,OR,0.9983463,7.0,Centered,0,0,2029,mlp
OR021@12_1,OR,1,1771.0,0.00046134344,0.0005146608,0.0034931952,0.9955308,OR,0.9955308,21.0,Opposite,0,0,2029,mlp
OR021@12_2,OR,2,1746.0,0.0007644344,0.0005566096,0.006431144,0.99224776,OR,0.99224776,21.0,Opposite,0,0,2029,mlp
OR021@3_1,OR,1,1770.0,0.00023242323,0.0009639011,0.0014535619,0.99735016,OR,0.99735016,21.0,Orthogonal,0,0,2029,mlp
OR021@3_3,OR,3,1719.0,0.0002707677,0.00044507682,0.0015644077,0.99771976,OR,0.99771976,21.0,Orthogonal,0,0,2029,mlp
B007_3,B,3,1721.0,0.0028515595,0.92527896,0.0035361818,0.06833333,B,0.92527896,7.0,,1,0,2029,mlp
B014_1,B,1,1772.0,0.00095481373,0.98760223,0.0042144367,0.007228511,B,0.98760223,14.0,,1,0,2029,mlp
B021_2,B,2,1754.0,0.00049978384,0.9866684,0.005503272,0.007328559,B,0.9866684,21.0,,1,0,2029,mlp
IR007_2,IR,2,1748.0,0.0013092946,0.0026985502,0.9947707,0.0012214662,IR,0.9947707,7.0,,1,0,2029,mlp
IR014_2,IR,2,1751.0,0.001861208,0.012996837,0.9792877,0.0058542783,IR,0.9792877,14.0,,1,0,2029,mlp
IR021_1,IR,1,1774.0,0.0016677108,0.887642,0.07714808,0.03354215,B,0.887642,21.0,,1,0,2029,mlp
N_2_(1750rpm),N,2,1750.0,0.99601406,0.00068799773,0.0022215173,0.0010764237,N,0.99601406,,,1,0,2029,mlp
OR007@12_2,OR,2,1749.0,0.0013781415,0.0021654253,0.0016572851,0.99479914,OR,0.99479914,7.0,Opposite,1,0,2029,mlp
OR007@3_1,OR,1,1773.0,0.0014204511,0.002186204,0.0016379,0.99475545,OR,0.99475545,7.0,Orthogonal,1,0,2029,mlp
OR007@3_2,OR,2,1750.0,0.0012979355,0.0017643735,0.0017538099,0.9951839,OR,0.9951839,7.0,Orthogonal,1,0,2029,mlp
OR007@3_3,OR,3,1724.0,0.0011770729,0.0027881353,0.0011334706,0.9949013,OR,0.9949013,7.0,Orthogonal,1,0,2029,mlp
OR014@6_1,OR,1,1772.0,0.0015367722,0.92927593,0.0029497712,0.066237524,B,0.92927593,14.0,Centered,1,0,2029,mlp
OR014@6_2,OR,2,1749.0,0.002468483,0.8361181,0.005781251,0.15563221,B,0.8361181,14.0,Centered,1,0,2029,mlp
OR021@3_2,OR,2,1746.0,0.0010518447,0.0034643002,0.0009465646,0.9945373,OR,0.9945373,21.0,Orthogonal,1,0,2029,mlp
B007_2,B,2,1747.0,0.0015727915,0.9732696,0.001293396,0.023864165,B,0.9732696,7.0,,2,0,2029,mlp
B014_3,B,3,1725.0,0.0024180338,0.987971,0.0058295983,0.0037813298,B,0.987971,14.0,,2,0,2029,mlp
B021_3,B,3,1729.0,0.00656533,0.7167763,0.25916824,0.017490132,B,0.7167763,21.0,,2,0,2029,mlp
IR007_1,IR,1,1772.0,0.003222076,0.008875219,0.9831834,0.0047193463,IR,0.9831834,7.0,,2,0,2029,mlp
IR007_3,IR,3,1721.0,0.008776986,0.14873981,0.8324941,0.009989125,IR,0.8324941,7.0,,2,0,2029,mlp
IR014_3,IR,3,1726.0,0.117885895,0.050495096,0.7883058,0.043313153,IR,0.7883058,14.0,,2,0,2029,mlp
N_3,N,3,1725.0,0.99472886,0.0006049242,0.0016295693,0.003036689,N,0.99472886,,,2,0,2029,mlp
OR007@12_1,OR,1,1772.0,0.00283487,0.006846432,0.0037851378,0.9865336,OR,0.9865336,7.0,Opposite,2,0,2029,mlp
OR007@12_3,OR,3,1723.0,0.0055220127,0.04757607,0.00578945,0.94111246,OR,0.94111246,7.0,Opposite,2,0,2029,mlp
OR014@6_3,OR,3,1723.0,0.003121777,0.9642569,0.005326485,0.027294856,B,0.9642569,14.0,Centered,2,0,2029,mlp
OR021@12_3,OR,3,1718.0,0.004727758,0.0024312783,0.015596974,0.977244,OR,0.977244,21.0,Opposite,2,0,2029,mlp
OR021@6_1,OR,1,1771.0,0.00214388,0.0019001804,0.0026347663,0.9933211,OR,0.9933211,21.0,Centered,2,0,2029,mlp
OR021@6_2,OR,2,1747.0,0.0019458802,0.0018991185,0.0024633254,0.9936916,OR,0.9936916,21.0,Centered,2,0,2029,mlp
OR021@6_3,OR,3,1719.0,0.0016946036,0.0017822677,0.002377018,0.99414605,OR,0.99414605,21.0,Centered,2,0,2029,mlp
B007_0,B,0,1796.0,0.0027483925,0.0025496637,0.0017717086,0.99293023,OR,0.99293023,7.0,,0,1,2029,mlp
B007_2,B,2,1747.0,0.004960815,0.06691711,0.0026151114,0.92550695,OR,0.92550695,7.0,,0,1,2029,mlp
B007_3,B,3,1721.0,0.005142444,0.03285005,0.0021161248,0.9598914,OR,0.9598914,7.0,,0,1,2029,mlp
IR007_3,IR,3,1721.0,0.0015794893,0.007710167,0.9892875,0.0014228241,IR,0.9892875,7.0,,0,1,2029,mlp
IR021_2,IR,2,1752.0,0.01592442,0.18231876,0.011796516,0.7899603,OR,0.7899603,21.0,,0,1,2029,mlp
IR021_3,IR,3,1727.0,0.020208407,0.54103005,0.036239307,0.40252227,B,0.54103005,21.0,,0,1,2029,mlp
N_3,N,3,1725.0,0.99537385,0.0012149577,0.0017331449,0.0016780377,N,0.99537385,,,0,1,2029,mlp
OR007@3_0,OR,0,1797.0,0.0038086846,0.0010310388,0.0044150823,0.99074525,OR,0.99074525,7.0,Orthogonal,0,1,2029,mlp
OR007@3_3,OR,3,1724.0,0.0030084737,0.00082284136,0.0017942906,0.9943744,OR,0.9943744,7.0,Orthogonal,0,1,2029,mlp
OR007@6_0,OR,0,1796.0,0.0023179273,0.0007866918,0.0020797108,0.9948157,OR,0.9948157,7.0,Centered,0,1,2029,mlp
OR007@6_3,OR,3,1725.0,0.0019529354,0.00069094734,0.0011983325,0.99615777,OR,0.99615777,7.0,Centered,0,1,2029,mlp
OR014@6_0,OR,0,1796.0,0.010226255,0.07226262,0.04330355,0.87420756,OR,0.87420756,14.0,Centered,0,1,2029,mlp
OR021@12_3,OR,3,1718.0,0.0034446975,0.0018411874,0.0102333035,0.9844808,OR,0.9844808,21.0,Opposite,0,1,2029,mlp
OR021@6_0,OR,0,1796.0,0.0022367437,0.00066809315,0.0014674012,0.99562776,OR,0.99562776,21.0,Centered,0,1,2029,mlp
B014_0,B,0,1797.0,0.0020747383,0.94505686,0.012338611,0.040529795,B,0.94505686,14.0,,1,1,2029,mlp
B014_3,B,3,1725.0,0.0040459842,0.92020494,0.040599104,0.03515002,B,0.92020494,14.0,,1,1,2029,mlp
B021_3,B,3,1729.0,0.0044992217,0.5250258,0.45097917,0.019495832,B,0.5250258,21.0,,1,1,2029,mlp
IR007_2,IR,2,1748.0,0.00163986,0.0026959016,0.9947548,0.00090949517,IR,0.9947548,7.0,,1,1,2029,mlp
IR014_0,IR,0,1796.0,0.002132799,0.23848203,0.0036879717,0.7556972,OR,0.7556972,14.0,,1,1,2029,mlp
IR021_0,IR,0,1796.0,0.0018888246,0.79138565,0.0055349064,0.20119064,B,0.79138565,21.0,,1,1,2029,mlp
N_0,N,0,1796.0,0.937273,0.0055188667,0.051402595,0.005805489,N,0.937273,,,1,1,2029,mlp
OR007@12_0,OR,0,1796.0,0.001252336,0.011874536,0.000926129,0.98594695,OR,0.98594695,7.0,Opposite,1,1,2029,mlp
OR007@12_3,OR,3,1723.0,0.0038114062,0.034799986,0.023227496,0.9381611,OR,0.9381611,7.0,Opposite,1,1,2029,mlp
OR007@3_2,OR,2,1750.0,0.0013195835,0.0027507455,0.0010096476,0.9949201,OR,0.9949201,7.0,Orthogonal,1,1,2029,mlp
OR007@6_2,OR,2,1750.0,0.0010366412,0.0019802416,0.001373816,0.9956093,OR,0.9956093,7.0,Centered,1,1,2029,mlp
OR021@12_2,OR,2,1746.0,0.0051385313,0.0032891694,0.013107627,0.97846466,OR,0.97846466,21.0,Opposite,1,1,2029,mlp
OR021@3_2,OR,2,1746.0,0.0027051044,0.00928212,0.004230094,0.98378265,OR,0.98378265,21.0,Orthogonal,1,1,2029,mlp
OR021@3_3,OR,3,1719.0,0.0020217327,0.0058308877,0.0023619868,0.9897854,OR,0.9897854,21.0,Orthogonal,1,1,2029,mlp
B014_2,B,2,1748.0,0.046010293,0.6039526,0.1805848,0.16945231,B,0.6039526,14.0,,2,1,2029,mlp
B021_0,B,0,1797.0,0.02883336,0.35186857,0.5679852,0.051312927,IR,0.5679852,21.0,,2,1,2029,mlp
B021_2,B,2,1754.0,0.02304697,0.4305889,0.42563108,0.12073307,B,0.4305889,21.0,,2,1,2029,mlp
IR007_0,IR,0,1796.0,0.033494387,0.14319788,0.76565534,0.057652447,IR,0.76565534,7.0,,2,1,2029,mlp
IR014_2,IR,2,1751.0,0.02682895,0.36912686,0.32746273,0.27658147,B,0.36912686,14.0,,2,1,2029,mlp
IR014_3,IR,3,1726.0,0.11070411,0.313907,0.308539,0.26684988,B,0.313907,14.0,,2,1,2029,mlp
N_2_(1750rpm),N,2,1750.0,0.92911255,0.027335076,0.014188155,0.02936423,N,0.92911255,,,2,1,2029,mlp
OR007@12_2,OR,2,1749.0,0.025970696,0.22535709,0.24223752,0.5064347,OR,0.5064347,7.0,Opposite,2,1,2029,mlp
OR014@6_2,OR,2,1749.0,0.041696947,0.6697763,0.18328568,0.105241045,B,0.6697763,14.0,Centered,2,1,2029,mlp
OR014@6_3,OR,3,1723.0,0.047896165,0.6881626,0.20020041,0.06374081,B,0.6881626,14.0,Centered,2,1,2029,mlp
OR021@12_0,OR,0,1796.0,0.046488397,0.06237863,0.0762484,0.81488454,OR,0.81488454,21.0,Opposite,2,1,2029,mlp
OR021@3_0,OR,0,1796.0,0.06966107,0.12559976,0.24516392,0.55957526,OR,0.55957526,21.0,Orthogonal,2,1,2029,mlp
OR021@6_2,OR,2,1747.0,0.06806772,0.05720102,0.10145532,0.7732759,OR,0.7732759,21.0,Centered,2,1,2029,mlp
OR021@6_3,OR,3,1719.0,0.06101474,0.054232884,0.08955222,0.79520017,OR,0.79520017,21.0,Centered,2,1,2029,mlp
B007_3,B,3,1721.0,0.016385878,0.7438332,0.018031528,0.22174938,B,0.7438332,7.0,,0,2,2029,mlp
B014_1,B,1,1772.0,0.020558914,0.88509685,0.045871172,0.04847312,B,0.88509685,14.0,,0,2,2029,mlp
B021_3,B,3,1729.0,0.02692229,0.5489667,0.35567194,0.06843907,B,0.5489667,21.0,,0,2,2029,mlp
IR014_3,IR,3,1726.0,0.1103226,0.0703451,0.5812101,0.23812225,IR,0.5812101,14.0,,0,2,2029,mlp
IR021_0,IR,0,1796.0,0.031119784,0.47093987,0.16411065,0.33382967,B,0.47093987,21.0,,0,2,2029,mlp
IR021_1,IR,1,1774.0,0.026721297,0.24088483,0.362032,0.37036186,OR,0.37036186,21.0,,0,2,2029,mlp
N_0,N,0,1796.0,0.9463306,0.013103826,0.028041549,0.012524014,N,0.9463306,,,0,2,2029,mlp
OR007@12_1,OR,1,1772.0,0.010699152,0.010476247,0.12454368,0.85428095,OR,0.85428095,7.0,Opposite,0,2,2029,mlp
OR007@3_0,OR,0,1797.0,0.008452926,0.0064191413,0.015531951,0.969596,OR,0.969596,7.0,Orthogonal,0,2,2029,mlp
OR007@6_0,OR,0,1796.0,0.0112473145,0.005151151,0.030129524,0.953472,OR,0.953472,7.0,Centered,0,2,2029,mlp
OR007@6_3,OR,3,1725.0,0.0097976765,0.0048021786,0.025290215,0.9601099,OR,0.9601099,7.0,Centered,0,2,2029,mlp
OR014@6_3,OR,3,1723.0,0.016585657,0.794659,0.013730801,0.17502454,B,0.794659,14.0,Centered,0,2,2029,mlp
OR021@12_1,OR,1,1771.0,0.011366458,0.0036919955,0.026549775,0.9583917,OR,0.9583917,21.0,Opposite,0,2,2029,mlp
OR021@6_0,OR,0,1796.0,0.011126937,0.0034789785,0.016423961,0.9689701,OR,0.9689701,21.0,Centered,0,2,2029,mlp
B007_0,B,0,1796.0,0.053405445,0.60697776,0.042163227,0.29745355,B,0.60697776,7.0,,1,2,2029,mlp
B021_0,B,0,1797.0,0.02322553,0.16821441,0.72946566,0.07909439,IR,0.72946566,21.0,,1,2,2029,mlp
B021_1,B,1,1774.0,0.02224897,0.29462418,0.58026445,0.10286242,IR,0.58026445,21.0,,1,2,2029,mlp
IR007_3,IR,3,1721.0,0.018345807,0.08402183,0.86483085,0.03280152,IR,0.86483085,7.0,,1,2,2029,mlp
IR014_1,IR,1,1772.0,0.022964546,0.26097223,0.42118788,0.29487535,IR,0.42118788,14.0,,1,2,2029,mlp
IR021_3,IR,3,1727.0,0.07708688,0.08659675,0.46065047,0.3756659,IR,0.46065047,21.0,,1,2,2029,mlp
N_1_(1772rpm),N,1,1772.0,0.9589338,0.016687026,0.006232885,0.01814636,N,0.9589338,,,1,2,2029,mlp
OR007@3_3,OR,3,1724.0,0.028705793,0.019286651,0.033783726,0.91822386,OR,0.91822386,7.0,Orthogonal,1,2,2029,mlp
OR014@6_0,OR,0,1796.0,0.047715086,0.6842559,0.07329572,0.19473335,B,0.6842559,14.0,Centered,1,2,2029,mlp
OR021@3_0,OR,0,1796.0,0.04787653,0.10695128,0.33225724,0.5129149,OR,0.5129149,21.0,Orthogonal,1,2,2029,mlp
OR021@3_1,OR,1,1770.0,0.04220851,0.05886365,0.36438242,0.5345455,OR,0.5345455,21.0,Orthogonal,1,2,2029,mlp
OR021@3_3,OR,3,1719.0,0.037050296,0.04756123,0.38554865,0.5298398,OR,0.5298398,21.0,Orthogonal,1,2,2029,mlp
OR021@6_1,OR,1,1771.0,0.02180787,0.023261411,0.13782887,0.81710184,OR,0.81710184,21.0,Centered,1,2,2029,mlp
OR021@6_3,OR,3,1719.0,0.020572824,0.022804054,0.12181844,0.83480465,OR,0.83480465,21.0,Centered,1,2,2029,mlp
B007_1,B,1,1772.0,0.020145403,0.5356055,0.0094221,0.43482706,B,0.5356055,7.0,,2,2,2029,mlp
B014_0,B,0,1797.0,0.0073060393,0.9152802,0.0235934,0.053820305,B,0.9152802,14.0,,2,2,2029,mlp
B014_3,B,3,1725.0,0.009935936,0.9089478,0.04148016,0.0396361,B,0.9089478,14.0,,2,2,2029,mlp
IR007_0,IR,0,1796.0,0.027661864,0.05784807,0.8859994,0.028490653,IR,0.8859994,7.0,,2,2,2029,mlp
IR007_1,IR,1,1772.0,0.02013379,0.038002897,0.9241707,0.017692637,IR,0.9241707,7.0,,2,2,2029,mlp
IR014_0,IR,0,1796.0,0.022326265,0.12276044,0.017694648,0.83721864,OR,0.83721864,14.0,,2,2,2029,mlp
N_3,N,3,1725.0,0.9816185,0.0035895484,0.0049974304,0.009794528,N,0.9816185,,,2,2,2029,mlp
OR007@12_0,OR,0,1796.0,0.01795101,0.019350052,0.011347664,0.9513513,OR,0.9513513,7.0,Opposite,2,2,2029,mlp
OR007@12_3,OR,3,1723.0,0.018678976,0.06601641,0.02559623,0.8897084,OR,0.8897084,7.0,Opposite,2,2,2029,mlp
OR007@3_1,OR,1,1773.0,0.014880895,0.0071123294,0.0145661365,0.9634406,OR,0.9634406,7.0,Orthogonal,2,2,2029,mlp
OR007@6_1,OR,1,1774.0,0.016570121,0.0080140475,0.016985694,0.9584302,OR,0.9584302,7.0,Centered,2,2,2029,mlp
OR014@6_1,OR,1,1772.0,0.023177896,0.46750715,0.009425619,0.49988934,OR,0.49988934,14.0,Centered,2,2,2029,mlp
OR021@12_0,OR,0,1796.0,0.024965059,0.047498807,0.05662316,0.87091297,OR,0.87091297,21.0,Opposite,2,2,2029,mlp
OR021@12_3,OR,3,1718.0,0.027507037,0.05635682,0.10959488,0.80654126,OR,0.80654126,21.0,Opposite,2,2,2029,mlp
B021_0,B,0,1797.0,0.0056057754,0.010617768,0.946472,0.037304517,IR,0.946472,21.0,,0,3,2029,mlp
B021_1,B,1,1774.0,0.006668075,0.07674881,0.84961694,0.066966146,IR,0.84961694,21.0,,0,3,2029,mlp
B021_2,B,2,1754.0,0.008743663,0.112622775,0.826849,0.051784556,IR,0.826849,21.0,,0,3,2029,mlp
IR007_0,IR,0,1796.0,0.0069082975,0.040165804,0.87814856,0.07477735,IR,0.87814856,7.0,,0,3,2029,mlp
IR007_2,IR,2,1748.0,0.0074398057,0.036360987,0.9239483,0.032250874,IR,0.9239483,7.0,,0,3,2029,mlp
IR021_2,IR,2,1752.0,0.01552575,0.008546424,0.8361927,0.13973506,IR,0.8361927,21.0,,0,3,2029,mlp
N_0,N,0,1796.0,0.9707478,0.0127448,0.008914345,0.0075929817,N,0.9707478,,,0,3,2029,mlp
OR007@3_0,OR,0,1797.0,0.0033034468,0.002427575,0.014667458,0.97960156,OR,0.97960156,7.0,Orthogonal,0,3,2029,mlp
OR007@3_1,OR,1,1773.0,0.0034205671,0.0019184779,0.01652369,0.9781373,OR,0.9781373,7.0,Orthogonal,0,3,2029,mlp
OR007@6_2,OR,2,1750.0,0.0039488915,0.0017228565,0.012334756,0.9819935,OR,0.9819935,7.0,Centered,0,3,2029,mlp
OR021@12_1,OR,1,1771.0,0.004405475,0.0014320345,0.019367715,0.9747948,OR,0.9747948,21.0,Opposite,0,3,2029,mlp
OR021@3_0,OR,0,1796.0,0.06705587,0.3047122,0.028235296,0.5999966,OR,0.5999966,21.0,Orthogonal,0,3,2029,mlp
OR021@3_2,OR,2,1746.0,0.0072544157,0.0046755555,0.019235024,0.968835,OR,0.968835,21.0,Orthogonal,0,3,2029,mlp
OR021@6_0,OR,0,1796.0,0.0048433566,0.0021439276,0.01018728,0.9828254,OR,0.9828254,21.0,Centered,0,3,2029,mlp
B007_0,B,0,1796.0,0.08355295,0.58413994,0.10868417,0.22362292,B,0.58413994,7.0,,1,3,2029,mlp
B007_1,B,1,1772.0,0.08568644,0.5989948,0.09910201,0.21621676,B,0.5989948,7.0,,1,3,2029,mlp
B014_0,B,0,1797.0,0.07266325,0.59991366,0.13050507,0.19691801,B,0.59991366,14.0,,1,3,2029,mlp
IR014_0,IR,0,1796.0,0.07111189,0.4819247,0.14165477,0.3053086,B,0.4819247,14.0,,1,3,2029,mlp
IR014_1,IR,1,1772.0,0.07651429,0.36611417,0.24475418,0.31261736,B,0.36611417,14.0,,1,3,2029,mlp
IR021_0,IR,0,1796.0,0.08731413,0.32365075,0.3211837,0.2678514,B,0.32365075,21.0,,1,3,2029,mlp
N_2_(1750rpm),N,2,1750.0,0.7156474,0.091744095,0.100427136,0.09218138,N,0.7156474,,,1,3,2029,mlp
OR007@6_1,OR,1,1774.0,0.0981161,0.19647387,0.2303753,0.4750347,OR,0.4750347,7.0,Centered,1,3,2029,mlp
OR014@6_0,OR,0,1796.0,0.080838375,0.6034338,0.09797646,0.21775137,B,0.6034338,14.0,Centered,1,3,2029,mlp
OR014@6_1,OR,1,1772.0,0.074439004,0.5897603,0.09490393,0.24089678,B,0.5897603,14.0,Centered,1,3,2029,mlp
OR021@12_0,OR,0,1796.0,0.08052105,0.26958248,0.24897449,0.40092197,OR,0.40092197,21.0,Opposite,1,3,2029,mlp
OR021@12_2,OR,2,1746.0,0.07949971,0.27681342,0.26105297,0.38263392,OR,0.38263392,21.0,Opposite,1,3,2029,mlp
OR021@6_1,OR,1,1771.0,0.09583308,0.2773731,0.18923977,0.43755406,OR,0.43755406,21.0,Centered,1,3,2029,mlp
OR021@6_2,OR,2,1747.0,0.09533054,0.28860447,0.18894422,0.42712077,OR,0.42712077,21.0,Centered,1,3,2029,mlp
B007_2,B,2,1747.0,0.05114754,0.652939,0.09573599,0.20017743,B,0.652939,7.0,,2,3,2029,mlp
B014_1,B,1,1772.0,0.04189012,0.5262659,0.23495734,0.19688661,B,0.5262659,14.0,,2,3,2029,mlp
B014_2,B,2,1748.0,0.04137606,0.43894807,0.28937227,0.2303036,B,0.43894807,14.0,,2,3,2029,mlp
IR007_1,IR,1,1772.0,0.04457568,0.15837142,0.67855823,0.11849471,IR,0.67855823,7.0,,2,3,2029,mlp
IR014_2,IR,2,1751.0,0.026034039,0.19233866,0.46036837,0.32125896,IR,0.46036837,14.0,,2,3,2029,mlp
IR021_1,IR,1,1774.0,0.026679976,0.39887005,0.40463927,0.16981067,IR,0.40463927,21.0,,2,3,2029,mlp
N_1_(1772rpm),N,1,1772.0,0.9129179,0.030065738,0.020648943,0.03636739,N,0.9129179,,,2,3,2029,mlp
OR007@12_0,OR,0,1796.0,0.06389225,0.13003816,0.1897791,0.6162905,OR,0.6162905,7.0,Opposite,2,3,2029,mlp
OR007@12_1,OR,1,1772.0,0.038793262,0.1392363,0.34717706,0.4747934,OR,0.4747934,7.0,Opposite,2,3,2029,mlp
OR007@12_2,OR,2,1749.0,0.037165113,0.13529904,0.35268095,0.47485492,OR,0.47485492,7.0,Opposite,2,3,2029,mlp
OR007@3_2,OR,2,1750.0,0.06346264,0.056669686,0.15722466,0.72264296,OR,0.72264296,7.0,Orthogonal,2,3,2029,mlp
OR007@6_0,OR,0,1796.0,0.057746988,0.05833802,0.16403873,0.7198763,OR,0.7198763,7.0,Centered,2,3,2029,mlp
OR014@6_2,OR,2,1749.0,0.047846075,0.56096923,0.14201185,0.24917282,B,0.56096923,14.0,Centered,2,3,2029,mlp
OR021@3_1,OR,1,1770.0,0.045963112,0.16060838,0.26770377,0.52572477,OR,0.52572477,21.0,Orthogonal,2,3,2029,mlp
