seed,model,feature_group,held_out_load,n_train_files,n_test_files,file_leakage_count,training_seconds,inference_seconds,best_params,macro_f1,balanced_accuracy,accuracy,macro_precision,macro_recall,recall_N,recall_B,recall_IR,recall_OR
2025,logistic_regression,Diagnostic26,0,42,14,0,0.1291338999872096,0.007379000016953796,"{""model__C"": 1.0}",0.7976190476190476,0.7976190476190476,0.7857142857142857,0.7976190476190476,0.7976190476190476,1.0,0.6666666666666666,0.6666666666666666,0.8571428571428571
2025,rbf_svm,Diagnostic26,0,42,14,0,0.10587760002817959,0.005160600005183369,"{""model__C"": 3.0, ""model__gamma"": ""scale""}",0.5238095238095238,0.5476190476190476,0.7142857142857143,0.5059523809523809,0.5476190476190476,0.0,0.6666666666666666,0.6666666666666666,0.8571428571428571
2025,random_forest,Diagnostic26,0,42,14,0,4.579255299991928,0.013108699989970773,"{""model__max_features"": 0.5, ""model__min_samples_leaf"": 2}",0.8166666666666667,0.7976190476190476,0.7857142857142857,0.8541666666666666,0.7976190476190476,1.0,0.6666666666666666,0.6666666666666666,0.8571428571428571
2025,mlp,Diagnostic26,0,42,14,0,2.983630099974107,0.006306199997197837,"{""dropout"": 0.1, ""weight_decay"": 0.0001, ""epochs"": 9}",0.8785714285714287,0.8809523809523809,0.8571428571428571,0.9017857142857143,0.8809523809523809,1.0,1.0,0.6666666666666666,0.8571428571428571
2025,logistic_regression,Diagnostic26,1,42,14,0,0.12613809999311343,0.0074613000033423305,"{""model__C"": 1.0}",0.8809523809523809,0.8809523809523809,0.8571428571428571,0.8809523809523809,0.8809523809523809,1.0,0.6666666666666666,1.0,0.8571428571428571
2025,rbf_svm,Diagnostic26,1,42,14,0,0.11811629997100681,0.006257300032302737,"{""model__C"": 3.0, ""model__gamma"": 0.01}",0.945054945054945,0.9642857142857143,0.9285714285714286,0.9375,0.9642857142857143,1.0,1.0,1.0,0.8571428571428571
2025,random_forest,Diagnostic26,1,42,14,0,4.600331800000276,0.013540600019041449,"{""model__max_features"": 0.5, ""model__min_samples_leaf"": 1}",1.0,1.0,1.0,1.0,1.0,1.0,1.0,1.0,1.0
2025,mlp,Diagnostic26,1,42,14,0,2.3448495999909937,0.004538900044281036,"{""dropout"": 0.1, ""weight_decay"": 0.0001, ""epochs"": 5}",0.945054945054945,0.9642857142857143,0.9285714285714286,0.9375,0.9642857142857143,1.0,1.0,1.0,0.8571428571428571
2025,logistic_regression,Diagnostic26,2,42,14,0,0.12331779999658465,0.005140600027516484,"{""model__C"": 10.0}",0.945054945054945,0.9642857142857143,0.9285714285714286,0.9375,0.9642857142857143,1.0,1.0,1.0,0.8571428571428571
2025,rbf_svm,Diagnostic26,2,42,14,0,0.12307480000890791,0.006361700012348592,"{""model__C"": 3.0, ""model__gamma"": 0.01}",0.945054945054945,0.9642857142857143,0.9285714285714286,0.9375,0.9642857142857143,1.0,1.0,1.0,0.8571428571428571
2025,random_forest,Diagnostic26,2,42,14,0,4.918587799998932,0.015596400015056133,"{""model__max_features"": 0.5, ""model__min_samples_leaf"": 2}",0.8785714285714287,0.8809523809523809,0.8571428571428571,0.9017857142857143,0.8809523809523809,1.0,1.0,0.6666666666666666,0.8571428571428571
2025,mlp,Diagnostic26,2,42,14,0,2.968568400014192,0.005748900002799928,"{""dropout"": 0.2, ""weight_decay"": 0.001, ""epochs"": 16}",1.0,1.0,1.0,1.0,1.0,1.0,1.0,1.0,1.0
2025,logistic_regression,Diagnostic26,3,42,14,0,0.12030409998260438,0.005935200024396181,"{""model__C"": 1.0}",0.8117216117216117,0.8809523809523809,0.8571428571428571,0.8125,0.8809523809523809,1.0,1.0,0.6666666666666666,0.8571428571428571
2025,rbf_svm,Diagnostic26,3,42,14,0,0.12918629997875541,0.006472000037319958,"{""model__C"": 3.0, ""model__gamma"": 0.01}",0.8785714285714287,0.8809523809523809,0.8571428571428571,0.9017857142857143,0.8809523809523809,1.0,1.0,0.6666666666666666,0.8571428571428571
2025,random_forest,Diagnostic26,3,42,14,0,4.828428199980408,0.017329800000879914,"{""model__max_features"": ""sqrt"", ""model__min_samples_leaf"": 2}",0.8682692307692308,0.8809523809523809,0.8571428571428571,0.9,0.8809523809523809,1.0,1.0,0.6666666666666666,0.8571428571428571
2025,mlp,Diagnostic26,3,42,14,0,2.742619799973909,0.006031299999449402,"{""dropout"": 0.1, ""weight_decay"": 0.0001, ""epochs"": 8}",0.945054945054945,0.9642857142857143,0.9285714285714286,0.9375,0.9642857142857143,1.0,1.0,1.0,0.8571428571428571
2026,logistic_regression,Diagnostic26,0,42,14,0,0.1195894000120461,0.005746699986048043,"{""model__C"": 0.1}",0.7976190476190476,0.7976190476190476,0.7857142857142857,0.7976190476190476,0.7976190476190476,1.0,0.6666666666666666,0.6666666666666666,0.8571428571428571
2026,rbf_svm,Diagnostic26,0,42,14,0,0.12344470003154129,0.006002500012982637,"{""model__C"": 3.0, ""model__gamma"": ""scale""}",0.5238095238095238,0.5476190476190476,0.7142857142857143,0.5059523809523809,0.5476190476190476,0.0,0.6666666666666666,0.6666666666666666,0.8571428571428571
2026,random_forest,Diagnostic26,0,42,14,0,5.0750419000396505,0.013485300005413592,"{""model__max_features"": ""sqrt"", ""model__min_samples_leaf"": 1}",0.8166666666666667,0.7976190476190476,0.7857142857142857,0.8541666666666666,0.7976190476190476,1.0,0.6666666666666666,0.6666666666666666,0.8571428571428571
2026,mlp,Diagnostic26,0,42,14,0,2.348726299998816,0.00506120000500232,"{""dropout"": 0.2, ""weight_decay"": 0.001, ""epochs"": 6}",0.7767857142857143,0.7976190476190476,0.7857142857142857,0.8642857142857143,0.7976190476190477,1.0,1.0,0.3333333333333333,0.8571428571428571
2026,logistic_regression,Diagnostic26,1,42,14,0,0.11616070003947243,0.005842499958816916,"{""model__C"": 1.0}",0.8809523809523809,0.8809523809523809,0.8571428571428571,0.8809523809523809,0.8809523809523809,1.0,0.6666666666666666,1.0,0.8571428571428571
2026,rbf_svm,Diagnostic26,1,42,14,0,0.12176499998895451,0.0064279999933205545,"{""model__C"": 3.0, ""model__gamma"": ""scale""}",0.6785714285714286,0.7142857142857143,0.8571428571428571,0.6517857142857143,0.7142857142857143,0.0,1.0,1.0,0.8571428571428571
2026,random_forest,Diagnostic26,1,42,14,0,4.960972000029869,0.014876600005663931,"{""model__max_features"": 0.5, ""model__min_samples_leaf"": 1}",1.0,1.0,1.0,1.0,1.0,1.0,1.0,1.0,1.0
2026,mlp,Diagnostic26,1,42,14,0,3.4353673000005074,0.0067547999788075686,"{""dropout"": 0.1, ""weight_decay"": 0.0001, ""epochs"": 9}",1.0,1.0,1.0,1.0,1.0,1.0,1.0,1.0,1.0
2026,logistic_regression,Diagnostic26,2,42,14,0,0.12605019996408373,0.005831399990711361,"{""model__C"": 0.1}",0.945054945054945,0.9642857142857143,0.9285714285714286,0.9375,0.9642857142857143,1.0,1.0,1.0,0.8571428571428571
2026,rbf_svm,Diagnostic26,2,42,14,0,0.1245028999983333,0.006160299992188811,"{""model__C"": 3.0, ""model__gamma"": 0.01}",0.945054945054945,0.9642857142857143,0.9285714285714286,0.9375,0.9642857142857143,1.0,1.0,1.0,0.8571428571428571
2026,random_forest,Diagnostic26,2,42,14,0,4.795787799987011,0.013441700022667646,"{""model__max_features"": ""sqrt"", ""model__min_samples_leaf"": 1}",0.945054945054945,0.9642857142857143,0.9285714285714286,0.9375,0.9642857142857143,1.0,1.0,1.0,0.8571428571428571
2026,mlp,Diagnostic26,2,42,14,0,3.3192183999926783,0.005889900028705597,"{""dropout"": 0.2, ""weight_decay"": 0.001, ""epochs"": 14}",1.0,1.0,1.0,1.0,1.0,1.0,1.0,1.0,1.0
2026,logistic_regression,Diagnostic26,3,42,14,0,0.122009499988053,0.005826700013130903,"{""model__C"": 0.1}",0.8117216117216117,0.8809523809523809,0.8571428571428571,0.8125,0.8809523809523809,1.0,1.0,0.6666666666666666,0.8571428571428571
2026,rbf_svm,Diagnostic26,3,42,14,0,0.10618259996408597,0.005213500000536442,"{""model__C"": 3.0, ""model__gamma"": 0.01}",0.8682692307692308,0.8809523809523809,0.8571428571428571,0.9,0.8809523809523809,1.0,1.0,0.6666666666666666,0.8571428571428571
2026,random_forest,Diagnostic26,3,42,14,0,4.9339700999553315,0.01386490004369989,"{""model__max_features"": ""sqrt"", ""model__min_samples_leaf"": 1}",0.9142857142857144,0.9166666666666666,0.9285714285714286,0.9375,0.9166666666666666,1.0,1.0,0.6666666666666666,1.0
2026,mlp,Diagnostic26,3,42,14,0,2.4713353000115603,0.004869700002018362,"{""dropout"": 0.1, ""weight_decay"": 0.0001, ""epochs"": 8}",0.945054945054945,0.9642857142857143,0.9285714285714286,0.9375,0.9642857142857143,1.0,1.0,1.0,0.8571428571428571
2027,logistic_regression,Diagnostic26,0,42,14,0,0.131736799958162,0.009739400004036725,"{""model__C"": 0.1}",0.7976190476190476,0.7976190476190476,0.7857142857142857,0.7976190476190476,0.7976190476190476,1.0,0.6666666666666666,0.6666666666666666,0.8571428571428571
2027,rbf_svm,Diagnostic26,0,42,14,0,0.124489999958314,0.006149700027890503,"{""model__C"": 3.0, ""model__gamma"": ""scale""}",0.5238095238095238,0.5476190476190476,0.7142857142857143,0.5059523809523809,0.5476190476190476,0.0,0.6666666666666666,0.6666666666666666,0.8571428571428571
2027,random_forest,Diagnostic26,0,42,14,0,4.740913300018292,0.013677000009920448,"{""model__max_features"": ""sqrt"", ""model__min_samples_leaf"": 2}",0.8166666666666667,0.7976190476190476,0.7857142857142857,0.8541666666666666,0.7976190476190476,1.0,0.6666666666666666,0.6666666666666666,0.8571428571428571
2027,mlp,Diagnostic26,0,42,14,0,2.3254844999755733,0.005760900035966188,"{""dropout"": 0.1, ""weight_decay"": 0.0001, ""epochs"": 5}",0.7767857142857143,0.7976190476190476,0.7857142857142857,0.8642857142857143,0.7976190476190477,1.0,1.0,0.3333333333333333,0.8571428571428571
2027,logistic_regression,Diagnostic26,1,42,14,0,0.1245912000304088,0.006532599974889308,"{""model__C"": 0.1}",0.945054945054945,0.9642857142857143,0.9285714285714286,0.9375,0.9642857142857143,1.0,1.0,1.0,0.8571428571428571
2027,rbf_svm,Diagnostic26,1,42,14,0,0.11097380000865087,0.005251400056295097,"{""model__C"": 3.0, ""model__gamma"": 0.01}",0.945054945054945,0.9642857142857143,0.9285714285714286,0.9375,0.9642857142857143,1.0,1.0,1.0,0.8571428571428571
2027,random_forest,Diagnostic26,1,42,14,0,4.866259600035846,0.014795599970966578,"{""model__max_features"": ""sqrt"", ""model__min_samples_leaf"": 1}",1.0,1.0,1.0,1.0,1.0,1.0,1.0,1.0,1.0
2027,mlp,Diagnostic26,1,42,14,0,2.7130610999884084,0.0060190000222064555,"{""dropout"": 0.2, ""weight_decay"": 0.001, ""epochs"": 4}",0.8617216117216118,0.8809523809523809,0.8571428571428571,0.8541666666666666,0.8809523809523809,1.0,0.6666666666666666,1.0,0.8571428571428571
2027,logistic_regression,Diagnostic26,2,42,14,0,0.13763660000404343,0.007326200022362173,"{""model__C"": 0.1}",0.945054945054945,0.9642857142857143,0.9285714285714286,0.9375,0.9642857142857143,1.0,1.0,1.0,0.8571428571428571
2027,rbf_svm,Diagnostic26,2,42,14,0,0.14189369999803603,0.006187499966472387,"{""model__C"": 3.0, ""model__gamma"": ""scale""}",0.945054945054945,0.9642857142857143,0.9285714285714286,0.9375,0.9642857142857143,1.0,1.0,1.0,0.8571428571428571
2027,random_forest,Diagnostic26,2,42,14,0,5.31978409999283,0.012536599999293685,"{""model__max_features"": 0.5, ""model__min_samples_leaf"": 2}",0.945054945054945,0.9642857142857143,0.9285714285714286,0.9375,0.9642857142857143,1.0,1.0,1.0,0.8571428571428571
2027,mlp,Diagnostic26,2,42,14,0,2.582515499962028,0.005891200038604438,"{""dropout"": 0.2, ""weight_decay"": 0.001, ""epochs"": 11}",1.0,1.0,1.0,1.0,1.0,1.0,1.0,1.0,1.0
2027,logistic_regression,Diagnostic26,3,42,14,0,0.11731049994705245,0.005171700031496584,"{""model__C"": 0.1}",0.8117216117216117,0.8809523809523809,0.8571428571428571,0.8125,0.8809523809523809,1.0,1.0,0.6666666666666666,0.8571428571428571
2027,rbf_svm,Diagnostic26,3,42,14,0,0.1244973000138998,0.005229599948506802,"{""model__C"": 3.0, ""model__gamma"": 0.01}",0.8682692307692308,0.8809523809523809,0.8571428571428571,0.9,0.8809523809523809,1.0,1.0,0.6666666666666666,0.8571428571428571
2027,random_forest,Diagnostic26,3,42,14,0,4.787774600030389,0.015440599992871284,"{""model__max_features"": ""sqrt"", ""model__min_samples_leaf"": 1}",0.9142857142857144,0.9166666666666666,0.9285714285714286,0.9375,0.9166666666666666,1.0,1.0,0.6666666666666666,1.0
2027,mlp,Diagnostic26,3,42,14,0,3.365446100011468,0.006361700012348592,"{""dropout"": 0.1, ""weight_decay"": 0.0001, ""epochs"": 13}",0.945054945054945,0.9642857142857143,0.9285714285714286,0.9375,0.9642857142857143,1.0,1.0,1.0,0.8571428571428571
2028,logistic_regression,Diagnostic26,0,42,14,0,0.12282059999415651,0.008354499994311482,"{""model__C"": 0.1}",0.7976190476190476,0.7976190476190476,0.7857142857142857,0.7976190476190476,0.7976190476190476,1.0,0.6666666666666666,0.6666666666666666,0.8571428571428571
2028,rbf_svm,Diagnostic26,0,42,14,0,0.14762179995886981,0.007194000005256385,"{""model__C"": 3.0, ""model__gamma"": ""scale""}",0.5238095238095238,0.5476190476190476,0.7142857142857143,0.5059523809523809,0.5476190476190476,0.0,0.6666666666666666,0.6666666666666666,0.8571428571428571
2028,random_forest,Diagnostic26,0,42,14,0,4.816709300037473,0.0166233999771066,"{""model__max_features"": ""sqrt"", ""model__min_samples_leaf"": 1}",0.8166666666666667,0.7976190476190476,0.7857142857142857,0.8541666666666666,0.7976190476190476,1.0,0.6666666666666666,0.6666666666666666,0.8571428571428571
2028,mlp,Diagnostic26,0,42,14,0,2.133338099985849,0.005963000003248453,"{""dropout"": 0.1, ""weight_decay"": 0.0001, ""epochs"": 3}",0.7767857142857143,0.7976190476190476,0.7857142857142857,0.8642857142857143,0.7976190476190477,1.0,1.0,0.3333333333333333,0.8571428571428571
2028,logistic_regression,Diagnostic26,1,42,14,0,0.11458909994689748,0.005749700008891523,"{""model__C"": 0.1}",0.945054945054945,0.9642857142857143,0.9285714285714286,0.9375,0.9642857142857143,1.0,1.0,1.0,0.8571428571428571
2028,rbf_svm,Diagnostic26,1,42,14,0,0.12072589999297634,0.005825500003993511,"{""model__C"": 3.0, ""model__gamma"": ""scale""}",0.945054945054945,0.9642857142857143,0.9285714285714286,0.9375,0.9642857142857143,1.0,1.0,1.0,0.8571428571428571
2028,random_forest,Diagnostic26,1,42,14,0,4.881910600000992,0.014265599951613694,"{""model__max_features"": 0.5, ""model__min_samples_leaf"": 2}",1.0,1.0,1.0,1.0,1.0,1.0,1.0,1.0,1.0
2028,mlp,Diagnostic26,1,42,14,0,3.768671100027859,0.005952599982265383,"{""dropout"": 0.1, ""weight_decay"": 0.0001, ""epochs"": 19}",1.0,1.0,1.0,1.0,1.0,1.0,1.0,1.0,1.0
2028,logistic_regression,Diagnostic26,2,42,14,0,0.12155819998588413,0.005813399970065802,"{""model__C"": 1.0}",0.945054945054945,0.9642857142857143,0.9285714285714286,0.9375,0.9642857142857143,1.0,1.0,1.0,0.8571428571428571
2028,rbf_svm,Diagnostic26,2,42,14,0,0.12297760002547875,0.006015399994794279,"{""model__C"": 3.0, ""model__gamma"": 0.01}",0.945054945054945,0.9642857142857143,0.9285714285714286,0.9375,0.9642857142857143,1.0,1.0,1.0,0.8571428571428571
2028,random_forest,Diagnostic26,2,42,14,0,4.681985100032762,0.015557499951682985,"{""model__max_features"": ""sqrt"", ""model__min_samples_leaf"": 2}",0.945054945054945,0.9642857142857143,0.9285714285714286,0.9375,0.9642857142857143,1.0,1.0,1.0,0.8571428571428571
2028,mlp,Diagnostic26,2,42,14,0,2.489172200032044,0.005101699964143336,"{""dropout"": 0.1, ""weight_decay"": 0.0001, ""epochs"": 9}",1.0,1.0,1.0,1.0,1.0,1.0,1.0,1.0,1.0
2028,logistic_regression,Diagnostic26,3,42,14,0,0.1172497000079602,0.005777399986982346,"{""model__C"": 10.0}",0.945054945054945,0.9642857142857143,0.9285714285714286,0.9375,0.9642857142857143,1.0,1.0,1.0,0.8571428571428571
2028,rbf_svm,Diagnostic26,3,42,14,0,0.1129433999885805,0.004579200001899153,"{""model__C"": 3.0, ""model__gamma"": 0.01}",0.8682692307692308,0.8809523809523809,0.8571428571428571,0.9,0.8809523809523809,1.0,1.0,0.6666666666666666,0.8571428571428571
2028,random_forest,Diagnostic26,3,42,14,0,5.3496734000509605,0.01712409994797781,"{""model__max_features"": ""sqrt"", ""model__min_samples_leaf"": 2}",0.9142857142857144,0.9166666666666666,0.9285714285714286,0.9375,0.9166666666666666,1.0,1.0,0.6666666666666666,1.0
2028,mlp,Diagnostic26,3,42,14,0,2.623291799973231,0.004959699988830835,"{""dropout"": 0.1, ""weight_decay"": 0.0001, ""epochs"": 3}",0.945054945054945,0.9642857142857143,0.9285714285714286,0.9375,0.9642857142857143,1.0,1.0,1.0,0.8571428571428571
2029,logistic_regression,Diagnostic26,0,42,14,0,0.127095699950587,0.005752400029450655,"{""model__C"": 0.1}",0.7976190476190476,0.7976190476190476,0.7857142857142857,0.7976190476190476,0.7976190476190476,1.0,0.6666666666666666,0.6666666666666666,0.8571428571428571
2029,rbf_svm,Diagnostic26,0,42,14,0,0.12187029997585341,0.006194300018250942,"{""model__C"": 3.0, ""model__gamma"": 0.01}",0.5238095238095238,0.5476190476190476,0.7142857142857143,0.5059523809523809,0.5476190476190476,0.0,0.6666666666666666,0.6666666666666666,0.8571428571428571
2029,random_forest,Diagnostic26,0,42,14,0,5.10199230001308,0.015298600017558783,"{""model__max_features"": ""sqrt"", ""model__min_samples_leaf"": 2}",0.8785714285714287,0.8809523809523809,0.8571428571428571,0.9017857142857143,0.8809523809523809,1.0,1.0,0.6666666666666666,0.8571428571428571
2029,mlp,Diagnostic26,0,42,14,0,2.34790570003679,0.005766599962953478,"{""dropout"": 0.1, ""weight_decay"": 0.0001, ""epochs"": 3}",0.7724358974358974,0.7976190476190476,0.7857142857142857,0.875,0.7976190476190477,1.0,1.0,0.3333333333333333,0.8571428571428571
2029,logistic_regression,Diagnostic26,1,42,14,0,0.11149819998536259,0.005835599964484572,"{""model__C"": 1.0}",0.8809523809523809,0.8809523809523809,0.8571428571428571,0.8809523809523809,0.8809523809523809,1.0,0.6666666666666666,1.0,0.8571428571428571
2029,rbf_svm,Diagnostic26,1,42,14,0,0.1142902999999933,0.005319399992004037,"{""model__C"": 3.0, ""model__gamma"": 0.01}",0.945054945054945,0.9642857142857143,0.9285714285714286,0.9375,0.9642857142857143,1.0,1.0,1.0,0.8571428571428571
2029,random_forest,Diagnostic26,1,42,14,0,4.785582999989856,0.01297290000366047,"{""model__max_features"": 0.5, ""model__min_samples_leaf"": 2}",1.0,1.0,1.0,1.0,1.0,1.0,1.0,1.0,1.0
2029,mlp,Diagnostic26,1,42,14,0,2.351462199992966,0.005238900019321591,"{""dropout"": 0.1, ""weight_decay"": 0.0001, ""epochs"": 6}",0.945054945054945,0.9642857142857143,0.9285714285714286,0.9375,0.9642857142857143,1.0,1.0,1.0,0.8571428571428571
2029,logistic_regression,Diagnostic26,2,42,14,0,0.12387569999555126,0.006434999988414347,"{""model__C"": 10.0}",0.945054945054945,0.9642857142857143,0.9285714285714286,0.9375,0.9642857142857143,1.0,1.0,1.0,0.8571428571428571
2029,rbf_svm,Diagnostic26,2,42,14,0,0.12333929998567328,0.00524779997067526,"{""model__C"": 3.0, ""model__gamma"": 0.01}",0.945054945054945,0.9642857142857143,0.9285714285714286,0.9375,0.9642857142857143,1.0,1.0,1.0,0.8571428571428571
2029,random_forest,Diagnostic26,2,42,14,0,5.088783500017598,0.013497599982656538,"{""model__max_features"": 0.5, ""model__min_samples_leaf"": 2}",0.945054945054945,0.9642857142857143,0.9285714285714286,0.9375,0.9642857142857143,1.0,1.0,1.0,0.8571428571428571
2029,mlp,Diagnostic26,2,42,14,0,3.50930120004341,0.006157199968583882,"{""dropout"": 0.2, ""weight_decay"": 0.001, ""epochs"": 17}",1.0,1.0,1.0,1.0,1.0,1.0,1.0,1.0,1.0
2029,logistic_regression,Diagnostic26,3,42,14,0,0.12409749999642372,0.006056600017473102,"{""model__C"": 0.1}",0.8117216117216117,0.8809523809523809,0.8571428571428571,0.8125,0.8809523809523809,1.0,1.0,0.6666666666666666,0.8571428571428571
2029,rbf_svm,Diagnostic26,3,42,14,0,0.10525979998055845,0.005743500019889325,"{""model__C"": 3.0, ""model__gamma"": 0.01}",0.8682692307692308,0.8809523809523809,0.8571428571428571,0.9,0.8809523809523809,1.0,1.0,0.6666666666666666,0.8571428571428571
2029,random_forest,Diagnostic26,3,42,14,0,4.760375900019426,0.014045899966731668,"{""model__max_features"": ""sqrt"", ""model__min_samples_leaf"": 1}",0.9142857142857144,0.9166666666666666,0.9285714285714286,0.9375,0.9166666666666666,1.0,1.0,0.6666666666666666,1.0
2029,mlp,Diagnostic26,3,42,14,0,2.760146300017368,0.006718199991155416,"{""dropout"": 0.2, ""weight_decay"": 0.001, ""epochs"": 5}",0.945054945054945,0.9642857142857143,0.9285714285714286,0.9375,0.9642857142857143,1.0,1.0,1.0,0.8571428571428571
