file_id,true_label,held_out_load,rpm,prob_N,prob_B,prob_IR,prob_OR,predicted_label,confidence,fault_size,fault_position,seed,model,feature_group
B007_0,B,0,1796.0,0.0091968061847394,0.5542916475117773,0.0147679083163899,0.4217436379870933,B,0.5542916475117773,0007,,2025,logistic_regression,Transfer20
B014_0,B,0,1797.0,0.0023217948767157,0.9366851914752592,0.0266441817968172,0.0343488318512079,B,0.9366851914752592,0014,,2025,logistic_regression,Transfer20
B021_0,B,0,1797.0,0.0044612333052665,0.2319725916891065,0.7110401395610131,0.0525260354446138,IR,0.7110401395610131,0021,,2025,logistic_regression,Transfer20
IR007_0,IR,0,1796.0,0.012484920159878,0.0471593252828983,0.918197685799223,0.0221580687580007,IR,0.918197685799223,0007,,2025,logistic_regression,Transfer20
IR014_0,IR,0,1796.0,0.0025928858176634,0.1426883677086304,0.1787201293176012,0.6759986171561049,OR,0.6759986171561049,0014,,2025,logistic_regression,Transfer20
IR021_0,IR,0,1796.0,0.0009894445546983,0.0215469641829941,0.9494904423306904,0.0279731489316172,IR,0.9494904423306904,0021,,2025,logistic_regression,Transfer20
OR007@6_0,OR,0,1796.0,0.0001872904808149,0.0001138621728423,0.0151954211367209,0.9845034262096216,OR,0.9845034262096216,0007,Centered,2025,logistic_regression,Transfer20
OR014@6_0,OR,0,1796.0,0.0047381159722752,0.6537202589534978,0.0055646227740321,0.3359770023001947,B,0.6537202589534978,0014,Centered,2025,logistic_regression,Transfer20
OR021@6_0,OR,0,1796.0,0.0018175773114875,0.0114891106283878,0.0876679414073055,0.899025370652819,OR,0.899025370652819,0021,Centered,2025,logistic_regression,Transfer20
OR007@12_0,OR,0,1796.0,0.0010556780297213,0.0161690068531795,0.0052199523472331,0.977555362769866,OR,0.977555362769866,0007,Opposite,2025,logistic_regression,Transfer20
OR021@12_0,OR,0,1796.0,0.0007675152881794,0.0010647446875278,0.2309233037203863,0.7672444363039063,OR,0.7672444363039063,0021,Opposite,2025,logistic_regression,Transfer20
OR007@3_0,OR,0,1797.0,0.0006621677809704,0.00335032896557,0.0083494999891735,0.987638003264286,OR,0.987638003264286,0007,Orthogonal,2025,logistic_regression,Transfer20
OR021@3_0,OR,0,1796.0,0.0047280070193741,0.0289418506466992,0.0171096018218636,0.949220540512063,OR,0.949220540512063,0021,Orthogonal,2025,logistic_regression,Transfer20
N_0,N,0,1796.0,0.9841030884427868,0.0002251655247099,0.0143799940856794,0.0012917519468236,N,0.9841030884427868,,,2025,logistic_regression,Transfer20
B007_0,B,0,1796.0,0.0051862323,0.715684,0.0016413311,0.2774884,B,0.715684,0007,,2025,mlp,Transfer20
B014_0,B,0,1797.0,0.0024097047,0.99171275,0.0027575116,0.0031199972,B,0.99171275,0014,,2025,mlp,Transfer20
B021_0,B,0,1797.0,0.014047689,0.68141633,0.2754967,0.029039294,B,0.68141633,0021,,2025,mlp,Transfer20
IR007_0,IR,0,1796.0,0.002615059,0.007898544,0.9873246,0.0021618188,IR,0.9873246,0007,,2025,mlp,Transfer20
IR014_0,IR,0,1796.0,0.007121802,0.15382391,0.005341728,0.8337126,OR,0.8337126,0014,,2025,mlp,Transfer20
IR021_0,IR,0,1796.0,0.01469631,0.48241767,0.49012825,0.012757795,IR,0.49012825,0021,,2025,mlp,Transfer20
N_0,N,0,1796.0,0.9115645,0.013367698,0.06280834,0.012259467,N,0.9115645,,,2025,mlp,Transfer20
OR007@12_0,OR,0,1796.0,0.0016772631,0.003446522,0.0024155811,0.99246067,OR,0.99246067,0007,Opposite,2025,mlp,Transfer20
OR007@3_0,OR,0,1797.0,0.0018633947,0.0026414348,0.0027582352,0.99273694,OR,0.99273694,0007,Orthogonal,2025,mlp,Transfer20
OR007@6_0,OR,0,1796.0,0.002231458,0.0022513883,0.0048660384,0.99065113,OR,0.99065113,0007,Centered,2025,mlp,Transfer20
OR014@6_0,OR,0,1796.0,0.0062982207,0.81434363,0.0020499593,0.17730819,B,0.81434363,0014,Centered,2025,mlp,Transfer20
OR021@12_0,OR,0,1796.0,0.007144139,0.005133234,0.08082418,0.9068984,OR,0.9068984,0021,Opposite,2025,mlp,Transfer20
OR021@3_0,OR,0,1796.0,0.001845619,0.0049732695,0.004156522,0.9890246,OR,0.9890246,0021,Orthogonal,2025,mlp,Transfer20
OR021@6_0,OR,0,1796.0,0.002250854,0.002607761,0.0074229105,0.98771846,OR,0.98771846,0021,Centered,2025,mlp,Transfer20
B007_1,B,1,1772.0,0.0034375301608233,0.9207536901859312,0.0169584923958757,0.0588502872573697,B,0.9207536901859312,0007,,2025,logistic_regression,Transfer20
B014_1,B,1,1772.0,0.0012858966311283,0.9585907476859746,0.0004287597531734,0.0396945959297235,B,0.9585907476859746,0014,,2025,logistic_regression,Transfer20
B021_1,B,1,1774.0,0.0004715976123734,0.7152037479840521,0.0082470736460443,0.2760775807575302,B,0.7152037479840521,0021,,2025,logistic_regression,Transfer20
IR007_1,IR,1,1772.0,0.0025546211871729,0.0092511929524881,0.9823121752526334,0.0058820106077055,IR,0.9823121752526334,0007,,2025,logistic_regression,Transfer20
IR014_1,IR,1,1772.0,0.0006526685109163,0.0188830468888842,0.9013772845190948,0.0790870000811047,IR,0.9013772845190948,0014,,2025,logistic_regression,Transfer20
IR021_1,IR,1,1774.0,0.0018851320492049,0.0503308243795676,0.8705386947125182,0.0772453488587093,IR,0.8705386947125182,0021,,2025,logistic_regression,Transfer20
OR007@6_1,OR,1,1774.0,0.0004641462535956,0.0004062090880583,0.0425453125310199,0.956584332127326,OR,0.956584332127326,0007,Centered,2025,logistic_regression,Transfer20
OR014@6_1,OR,1,1772.0,0.0071551742074629,0.7792870251700439,0.0257343512851646,0.1878234493373286,B,0.7792870251700439,0014,Centered,2025,logistic_regression,Transfer20
OR021@6_1,OR,1,1771.0,0.0009816722867578,0.0029545542968031,0.054513101208627,0.941550672207812,OR,0.941550672207812,0021,Centered,2025,logistic_regression,Transfer20
OR007@12_1,OR,1,1772.0,0.0017398506012038,0.0172923847086298,0.172072149756415,0.8088956149337513,OR,0.8088956149337513,0007,Opposite,2025,logistic_regression,Transfer20
OR021@12_1,OR,1,1771.0,0.0005853495715795,0.0010188390061381,0.1094183509612595,0.8889774604610229,OR,0.8889774604610229,0021,Opposite,2025,logistic_regression,Transfer20
OR007@3_1,OR,1,1773.0,0.0012801685602403,0.0040398951637234,0.0419192510743607,0.9527606852016756,OR,0.9527606852016756,0007,Orthogonal,2025,logistic_regression,Transfer20
OR021@3_1,OR,1,1770.0,0.0035489127801648,0.0385283346397388,0.0965451518429049,0.8613776007371914,OR,0.8613776007371914,0021,Orthogonal,2025,logistic_regression,Transfer20
N_1_(1772rpm),N,1,1772.0,0.9929921665756306,0.0026504741553908,0.0006376540919475,0.0037197051770309,N,0.9929921665756306,,,2025,logistic_regression,Transfer20
B007_1,B,1,1772.0,0.006177532,0.5709492,0.004244461,0.41862878,B,0.5709492,0007,,2025,mlp,Transfer20
B014_1,B,1,1772.0,0.017059108,0.86710685,0.031311177,0.08452286,B,0.86710685,0014,,2025,mlp,Transfer20
B021_1,B,1,1774.0,0.008450116,0.7088929,0.21495171,0.06770531,B,0.7088929,0021,,2025,mlp,Transfer20
IR007_1,IR,1,1772.0,0.0030287073,0.004460455,0.990794,0.001716832,IR,0.990794,0007,,2025,mlp,Transfer20
IR014_1,IR,1,1772.0,0.0057519786,0.100945175,0.88462144,0.008681401,IR,0.88462144,0014,,2025,mlp,Transfer20
IR021_1,IR,1,1774.0,0.0048852274,0.11915135,0.8703456,0.005617812,IR,0.8703456,0021,,2025,mlp,Transfer20
N_1_(1772rpm),N,1,1772.0,0.9950421,0.0022550623,0.0017367866,0.0009660226,N,0.9950421,,,2025,mlp,Transfer20
OR007@12_1,OR,1,1772.0,0.0017738355,0.0013316801,0.018617306,0.9782772,OR,0.9782772,0007,Opposite,2025,mlp,Transfer20
OR007@3_1,OR,1,1773.0,0.0011232641,0.00071409886,0.004625422,0.99353725,OR,0.99353725,0007,Orthogonal,2025,mlp,Transfer20
OR007@6_1,OR,1,1774.0,0.0015805034,0.000841732,0.007768392,0.9898094,OR,0.9898094,0007,Centered,2025,mlp,Transfer20
OR014@6_1,OR,1,1772.0,0.0067010266,0.40277854,0.0044965786,0.58602387,OR,0.58602387,0014,Centered,2025,mlp,Transfer20
OR021@12_1,OR,1,1771.0,0.0024853025,0.0017610487,0.029846923,0.9659067,OR,0.9659067,0021,Opposite,2025,mlp,Transfer20
OR021@3_1,OR,1,1770.0,0.0013219293,0.00091522123,0.00832362,0.9894392,OR,0.9894392,0021,Orthogonal,2025,mlp,Transfer20
OR021@6_1,OR,1,1771.0,0.0054228893,0.0014349594,0.021403508,0.97173864,OR,0.97173864,0021,Centered,2025,mlp,Transfer20
B007_2,B,2,1747.0,0.0094013516231196,0.7215451095058002,0.0353952786792138,0.2336582601918664,B,0.7215451095058002,0007,,2025,logistic_regression,Transfer20
B014_2,B,2,1748.0,0.0009336319457735,0.974122894256586,0.0004764971623946,0.0244669766352455,B,0.974122894256586,0014,,2025,logistic_regression,Transfer20
B021_2,B,2,1754.0,0.0002315792019297,0.9481442872409044,0.0215317624395008,0.030092371117665,B,0.9481442872409044,0021,,2025,logistic_regression,Transfer20
IR007_2,IR,2,1748.0,0.0090965920741274,0.0125547216772768,0.9245926760716798,0.0537560101769156,IR,0.9245926760716798,0007,,2025,logistic_regression,Transfer20
IR014_2,IR,2,1751.0,0.0007339031467665,0.0088444040801267,0.737346566217572,0.2530751265555347,IR,0.737346566217572,0014,,2025,logistic_regression,Transfer20
IR021_2,IR,2,1752.0,0.0018328791933723,0.0093073611371674,0.9212715677832508,0.0675881918862094,IR,0.9212715677832508,0021,,2025,logistic_regression,Transfer20
OR007@6_2,OR,2,1750.0,0.0003263141550514,0.0002253076240457,0.0282504719819568,0.971197906238946,OR,0.971197906238946,0007,Centered,2025,logistic_regression,Transfer20
OR014@6_2,OR,2,1749.0,9.622473076355518e-05,0.9972816409216598,0.0001097168640962,0.0025124174834802,B,0.9972816409216598,0014,Centered,2025,logistic_regression,Transfer20
OR021@6_2,OR,2,1747.0,0.0006893969531666,0.0022330757031744,0.0216297507357357,0.9754477766079231,OR,0.9754477766079231,0021,Centered,2025,logistic_regression,Transfer20
OR007@12_2,OR,2,1749.0,0.0011607179322888,0.0064112439521356,0.1461428372331677,0.8462852008824078,OR,0.8462852008824078,0007,Opposite,2025,logistic_regression,Transfer20
OR021@12_2,OR,2,1746.0,0.0003168464486151,0.0002620005723834,0.0376322327718891,0.9617889202071122,OR,0.9617889202071122,0021,Opposite,2025,logistic_regression,Transfer20
OR007@3_2,OR,2,1750.0,0.0007494184561718,0.0013987568698559,0.0328422113554842,0.965009613318488,OR,0.965009613318488,0007,Orthogonal,2025,logistic_regression,Transfer20
OR021@3_2,OR,2,1746.0,0.0029583507815985,0.0188962289203304,0.0855475387860774,0.8925978815119936,OR,0.8925978815119936,0021,Orthogonal,2025,logistic_regression,Transfer20
N_2_(1750rpm),N,2,1750.0,0.9902228343845596,0.0014864652734755,0.0003580012218643,0.0079326991201004,N,0.9902228343845596,,,2025,logistic_regression,Transfer20
B007_2,B,2,1747.0,0.03530587,0.73309624,0.0595995,0.1719984,B,0.73309624,0007,,2025,mlp,Transfer20
B014_2,B,2,1748.0,0.04715162,0.80815125,0.113016605,0.03168053,B,0.80815125,0014,,2025,mlp,Transfer20
B021_2,B,2,1754.0,0.01898713,0.5281815,0.40983573,0.04299563,B,0.5281815,0021,,2025,mlp,Transfer20
IR007_2,IR,2,1748.0,0.009122995,0.03702975,0.90198463,0.05186261,IR,0.90198463,0007,,2025,mlp,Transfer20
IR014_2,IR,2,1751.0,0.012916164,0.18469521,0.633782,0.1686066,IR,0.633782,0014,,2025,mlp,Transfer20
IR021_2,IR,2,1752.0,0.016078977,0.09923464,0.80611473,0.07857164,IR,0.80611473,0021,,2025,mlp,Transfer20
N_2_(1750rpm),N,2,1750.0,0.97334754,0.015265365,0.006024934,0.0053621265,N,0.97334754,,,2025,mlp,Transfer20
OR007@12_2,OR,2,1749.0,0.0053313924,0.01979846,0.12628995,0.84858024,OR,0.84858024,0007,Opposite,2025,mlp,Transfer20
OR007@3_2,OR,2,1750.0,0.0063487734,0.013583581,0.059199516,0.9208681,OR,0.9208681,0007,Orthogonal,2025,mlp,Transfer20
OR007@6_2,OR,2,1750.0,0.0074510206,0.015199601,0.08282503,0.8945244,OR,0.8945244,0007,Centered,2025,mlp,Transfer20
OR014@6_2,OR,2,1749.0,0.032093428,0.53777665,0.13390028,0.2962296,B,0.53777665,0014,Centered,2025,mlp,Transfer20
OR021@12_2,OR,2,1746.0,0.008088206,0.021819444,0.13942829,0.83066404,OR,0.83066404,0021,Opposite,2025,mlp,Transfer20
OR021@3_2,OR,2,1746.0,0.0100134015,0.031425957,0.15792128,0.80063933,OR,0.80063933,0021,Orthogonal,2025,mlp,Transfer20
OR021@6_2,OR,2,1747.0,0.009677309,0.02089421,0.120912805,0.8485156,OR,0.8485156,0021,Centered,2025,mlp,Transfer20
B007_3,B,3,1721.0,0.0015152287049999,0.9847874533580055,0.0022899019640985,0.0114074159728958,B,0.9847874533580055,0007,,2025,logistic_regression,Transfer20
B014_3,B,3,1725.0,0.0006685371218622,0.957492669592257,0.0001804880303913,0.0416583052554893,B,0.957492669592257,0014,,2025,logistic_regression,Transfer20
B021_3,B,3,1729.0,3.1997702806033577e-06,0.9997897223041048,3.1655008683951885e-06,0.0002039124247462,B,0.9997897223041048,0021,,2025,logistic_regression,Transfer20
IR007_3,IR,3,1721.0,0.0080667348788316,0.0277638706783874,0.9555051786203064,0.0086642158224745,IR,0.9555051786203064,0007,,2025,logistic_regression,Transfer20
IR014_3,IR,3,1726.0,0.9991843052932544,0.0008150502498803,6.444568652085817e-07,6.247308076672418e-24,N,0.9991843052932544,0014,,2025,logistic_regression,Transfer20
IR021_3,IR,3,1727.0,0.0020678681456398,0.0227747316995702,0.9171652439355268,0.057992156219263,IR,0.9171652439355268,0021,,2025,logistic_regression,Transfer20
OR007@6_3,OR,3,1725.0,0.0006070007328861,0.0013120524065388,0.0308912153128145,0.9671897315477604,OR,0.9671897315477604,0007,Centered,2025,logistic_regression,Transfer20
OR014@6_3,OR,3,1723.0,0.0106396463900459,0.7498661872974703,0.0732847735311913,0.1662093927812925,B,0.7498661872974703,0014,Centered,2025,logistic_regression,Transfer20
OR021@6_3,OR,3,1719.0,0.0012025410671201,0.0060087577129974,0.0225661792107382,0.9702225220091442,OR,0.9702225220091442,0021,Centered,2025,logistic_regression,Transfer20
OR007@12_3,OR,3,1723.0,0.0018237154360564,0.0269373840779746,0.1237841654744543,0.8474547350115146,OR,0.8474547350115146,0007,Opposite,2025,logistic_regression,Transfer20
OR021@12_3,OR,3,1718.0,0.0003752872235878,0.0004270802852927,0.0364679764878169,0.9627296560033026,OR,0.9627296560033026,0021,Opposite,2025,logistic_regression,Transfer20
OR007@3_3,OR,3,1724.0,0.0007348091907102,0.0029781119934497,0.010638722811544,0.9856483560042958,OR,0.9856483560042958,0007,Orthogonal,2025,logistic_regression,Transfer20
OR021@3_3,OR,3,1719.0,0.0053710040136088,0.0338669576149498,0.0899795739134052,0.8707824644580361,OR,0.8707824644580361,0021,Orthogonal,2025,logistic_regression,Transfer20
N_3,N,3,1725.0,0.9896195668183216,0.0031981348631365,0.0003616863999636,0.0068206119185781,N,0.9896195668183216,,,2025,logistic_regression,Transfer20
B007_3,B,3,1721.0,0.007967701,0.8694998,0.013214683,0.10931782,B,0.8694998,0007,,2025,mlp,Transfer20
B014_3,B,3,1725.0,0.0073680305,0.9534439,0.012302376,0.026885679,B,0.9534439,0014,,2025,mlp,Transfer20
B021_3,B,3,1729.0,0.012192903,0.6166531,0.34903842,0.022115605,B,0.6166531,0021,,2025,mlp,Transfer20
IR007_3,IR,3,1721.0,0.016688708,0.031077126,0.94056445,0.011669731,IR,0.94056445,0007,,2025,mlp,Transfer20
IR014_3,IR,3,1726.0,0.14267494,0.027069757,0.47283795,0.35741735,IR,0.47283795,0014,,2025,mlp,Transfer20
IR021_3,IR,3,1727.0,0.020304542,0.020817207,0.94348633,0.015391926,IR,0.94348633,0021,,2025,mlp,Transfer20
N_3,N,3,1725.0,0.9862319,0.005371942,0.006043772,0.0023523727,N,0.9862319,,,2025,mlp,Transfer20
OR007@12_3,OR,3,1723.0,0.0021949706,0.008282518,0.029803267,0.95971924,OR,0.95971924,0007,Opposite,2025,mlp,Transfer20
OR007@3_3,OR,3,1724.0,0.0014442141,0.002575241,0.0074724997,0.9885081,OR,0.9885081,0007,Orthogonal,2025,mlp,Transfer20
OR007@6_3,OR,3,1725.0,0.002630431,0.0022552924,0.01058256,0.98453176,OR,0.98453176,0007,Centered,2025,mlp,Transfer20
OR014@6_3,OR,3,1723.0,0.010177755,0.8132209,0.015288397,0.16131294,B,0.8132209,0014,Centered,2025,mlp,Transfer20
OR021@12_3,OR,3,1718.0,0.004516749,0.0029411982,0.016400313,0.97614175,OR,0.97614175,0021,Opposite,2025,mlp,Transfer20
OR021@3_3,OR,3,1719.0,0.0023555157,0.007870649,0.018596824,0.97117704,OR,0.97117704,0021,Orthogonal,2025,mlp,Transfer20
OR021@6_3,OR,3,1719.0,0.001899897,0.0032156731,0.01070863,0.9841758,OR,0.9841758,0021,Centered,2025,mlp,Transfer20
B007_0,B,0,1796.0,0.0091968061847394,0.5542916475117773,0.0147679083163899,0.4217436379870933,B,0.5542916475117773,0007,,2026,logistic_regression,Transfer20
B014_0,B,0,1797.0,0.0023217948767157,0.9366851914752592,0.0266441817968172,0.0343488318512079,B,0.9366851914752592,0014,,2026,logistic_regression,Transfer20
B021_0,B,0,1797.0,0.0044612333052665,0.2319725916891065,0.7110401395610131,0.0525260354446138,IR,0.7110401395610131,0021,,2026,logistic_regression,Transfer20
IR007_0,IR,0,1796.0,0.012484920159878,0.0471593252828983,0.918197685799223,0.0221580687580007,IR,0.918197685799223,0007,,2026,logistic_regression,Transfer20
IR014_0,IR,0,1796.0,0.0025928858176634,0.1426883677086304,0.1787201293176012,0.6759986171561049,OR,0.6759986171561049,0014,,2026,logistic_regression,Transfer20
IR021_0,IR,0,1796.0,0.0009894445546983,0.0215469641829941,0.9494904423306904,0.0279731489316172,IR,0.9494904423306904,0021,,2026,logistic_regression,Transfer20
OR007@6_0,OR,0,1796.0,0.0001872904808149,0.0001138621728423,0.0151954211367209,0.9845034262096216,OR,0.9845034262096216,0007,Centered,2026,logistic_regression,Transfer20
OR014@6_0,OR,0,1796.0,0.0047381159722752,0.6537202589534978,0.0055646227740321,0.3359770023001947,B,0.6537202589534978,0014,Centered,2026,logistic_regression,Transfer20
OR021@6_0,OR,0,1796.0,0.0018175773114875,0.0114891106283878,0.0876679414073055,0.899025370652819,OR,0.899025370652819,0021,Centered,2026,logistic_regression,Transfer20
OR007@12_0,OR,0,1796.0,0.0010556780297213,0.0161690068531795,0.0052199523472331,0.977555362769866,OR,0.977555362769866,0007,Opposite,2026,logistic_regression,Transfer20
OR021@12_0,OR,0,1796.0,0.0007675152881794,0.0010647446875278,0.2309233037203863,0.7672444363039063,OR,0.7672444363039063,0021,Opposite,2026,logistic_regression,Transfer20
OR007@3_0,OR,0,1797.0,0.0006621677809704,0.00335032896557,0.0083494999891735,0.987638003264286,OR,0.987638003264286,0007,Orthogonal,2026,logistic_regression,Transfer20
OR021@3_0,OR,0,1796.0,0.0047280070193741,0.0289418506466992,0.0171096018218636,0.949220540512063,OR,0.949220540512063,0021,Orthogonal,2026,logistic_regression,Transfer20
N_0,N,0,1796.0,0.9841030884427868,0.0002251655247099,0.0143799940856794,0.0012917519468236,N,0.9841030884427868,,,2026,logistic_regression,Transfer20
B007_0,B,0,1796.0,0.003456739,0.84878147,0.003025739,0.14473604,B,0.84878147,0007,,2026,mlp,Transfer20
B014_0,B,0,1797.0,0.00089835655,0.98768157,0.008581326,0.0028386884,B,0.98768157,0014,,2026,mlp,Transfer20
B021_0,B,0,1797.0,0.0030210472,0.8549805,0.13311866,0.008879731,B,0.8549805,0021,,2026,mlp,Transfer20
IR007_0,IR,0,1796.0,0.0044110385,0.026503174,0.9660758,0.0030100665,IR,0.9660758,0007,,2026,mlp,Transfer20
IR014_0,IR,0,1796.0,0.0052502314,0.2922914,0.01260796,0.6898504,OR,0.6898504,0014,,2026,mlp,Transfer20
IR021_0,IR,0,1796.0,0.002711286,0.75515026,0.23809986,0.004038631,B,0.75515026,0021,,2026,mlp,Transfer20
N_0,N,0,1796.0,0.8556186,0.009397525,0.12758164,0.0074022436,N,0.8556186,,,2026,mlp,Transfer20
OR007@12_0,OR,0,1796.0,0.0019675652,0.0056181718,0.0016547113,0.99075955,OR,0.99075955,0007,Opposite,2026,mlp,Transfer20
OR007@3_0,OR,0,1797.0,0.0025389537,0.0025388459,0.0021585382,0.99276364,OR,0.99276364,0007,Orthogonal,2026,mlp,Transfer20
OR007@6_0,OR,0,1796.0,0.0059139165,0.003149756,0.007386784,0.98354954,OR,0.98354954,0007,Centered,2026,mlp,Transfer20
OR014@6_0,OR,0,1796.0,0.002637085,0.9259444,0.0030239478,0.068394594,B,0.9259444,0014,Centered,2026,mlp,Transfer20
OR021@12_0,OR,0,1796.0,0.012008328,0.0065483702,0.047245637,0.93419766,OR,0.93419766,0021,Opposite,2026,mlp,Transfer20
OR021@3_0,OR,0,1796.0,0.0069826925,0.0135477055,0.0036523144,0.97581726,OR,0.97581726,0021,Orthogonal,2026,mlp,Transfer20
OR021@6_0,OR,0,1796.0,0.004656416,0.0035538082,0.011760704,0.98002905,OR,0.98002905,0021,Centered,2026,mlp,Transfer20
B007_1,B,1,1772.0,0.0002731080157044,0.9932606243623776,0.0008701640433604,0.0055961035785575,B,0.9932606243623776,0007,,2026,logistic_regression,Transfer20
B014_1,B,1,1772.0,0.0002413457506648,0.972915212492643,4.722316647695999e-06,0.0268387194400444,B,0.972915212492643,0014,,2026,logistic_regression,Transfer20
B021_1,B,1,1774.0,4.271467758003194e-05,0.3701961549782009,0.0002482230260434,0.6295129073181756,OR,0.6295129073181756,0021,,2026,logistic_regression,Transfer20
IR007_1,IR,1,1772.0,0.00023676709128,0.000713292804535,0.998922901932141,0.0001270381720439,IR,0.998922901932141,0007,,2026,logistic_regression,Transfer20
IR014_1,IR,1,1772.0,5.900489571105128e-05,0.001112284482823,0.988297411716882,0.010531298904584,IR,0.988297411716882,0014,,2026,logistic_regression,Transfer20
IR021_1,IR,1,1774.0,0.0002004801447417,0.0034177616291595,0.9756446696041567,0.0207370886219417,IR,0.9756446696041567,0021,,2026,logistic_regression,Transfer20
OR007@6_1,OR,1,1774.0,1.2004878426242851e-05,1.82798546416391e-07,0.0079189476019037,0.9920688647211237,OR,0.9920688647211237,0007,Centered,2026,logistic_regression,Transfer20
OR014@6_1,OR,1,1772.0,0.0018433703285767,0.8284769677800218,0.003016313238212,0.1666633486531893,B,0.8284769677800218,0014,Centered,2026,logistic_regression,Transfer20
OR021@6_1,OR,1,1771.0,0.0001189826392286,5.009571704962976e-05,0.0115965539189825,0.9882343677247392,OR,0.9882343677247392,0021,Centered,2026,logistic_regression,Transfer20
OR007@12_1,OR,1,1772.0,0.0001566989642868,0.0003631583581632,0.0333421611418243,0.9661379815357256,OR,0.9661379815357256,0007,Opposite,2026,logistic_regression,Transfer20
OR021@12_1,OR,1,1771.0,3.549448114857306e-05,2.3959137318466185e-06,0.0197313001309145,0.980230809474205,OR,0.980230809474205,0021,Opposite,2026,logistic_regression,Transfer20
OR007@3_1,OR,1,1773.0,5.149415538549824e-05,1.52804323579632e-05,0.0039255130787298,0.9960077123335266,OR,0.9960077123335266,0007,Orthogonal,2026,logistic_regression,Transfer20
OR021@3_1,OR,1,1770.0,0.000726335856869,0.0047320907176109,0.0211501086977295,0.9733914647277906,OR,0.9733914647277906,0021,Orthogonal,2026,logistic_regression,Transfer20
N_1_(1772rpm),N,1,1772.0,0.9995276440532698,2.500008504085277e-05,4.151311886867669e-06,0.0004432045498025,N,0.9995276440532698,,,2026,logistic_regression,Transfer20
B007_1,B,1,1772.0,0.0021072067,0.88627523,0.0012827506,0.11033481,B,0.88627523,0007,,2026,mlp,Transfer20
B014_1,B,1,1772.0,0.0014816986,0.9847223,0.004249983,0.009545976,B,0.9847223,0014,,2026,mlp,Transfer20
B021_1,B,1,1774.0,0.0014561889,0.9560674,0.03379803,0.008678409,B,0.9560674,0021,,2026,mlp,Transfer20
IR007_1,IR,1,1772.0,0.00053251034,0.0013109053,0.9975545,0.00060211093,IR,0.9975545,0007,,2026,mlp,Transfer20
IR014_1,IR,1,1772.0,0.00074353395,0.042780794,0.9541102,0.0023654166,IR,0.9541102,0014,,2026,mlp,Transfer20
IR021_1,IR,1,1774.0,0.00076581305,0.116740696,0.88011885,0.0023746789,IR,0.88011885,0021,,2026,mlp,Transfer20
N_1_(1772rpm),N,1,1772.0,0.9979477,0.00076879683,0.00037603316,0.00090744754,N,0.9979477,,,2026,mlp,Transfer20
OR007@12_1,OR,1,1772.0,0.00078154786,0.0005860217,0.024523824,0.97410864,OR,0.97410864,0007,Opposite,2026,mlp,Transfer20
OR007@3_1,OR,1,1773.0,0.00048887415,0.00022502585,0.002173046,0.99711305,OR,0.99711305,0007,Orthogonal,2026,mlp,Transfer20
OR007@6_1,OR,1,1774.0,0.00069012726,0.0002554464,0.003098615,0.9959558,OR,0.9959558,0007,Centered,2026,mlp,Transfer20
OR014@6_1,OR,1,1772.0,0.0029984228,0.78322953,0.0017118155,0.21206018,B,0.78322953,0014,Centered,2026,mlp,Transfer20
OR021@12_1,OR,1,1771.0,0.0010524455,0.0003767629,0.008256784,0.990314,OR,0.990314,0021,Opposite,2026,mlp,Transfer20
OR021@3_1,OR,1,1770.0,0.00038047743,0.00052792515,0.0025924833,0.9964991,OR,0.9964991,0021,Orthogonal,2026,mlp,Transfer20
OR021@6_1,OR,1,1771.0,0.0015640637,0.0005670166,0.00733574,0.9905332,OR,0.9905332,0021,Centered,2026,mlp,Transfer20
B007_2,B,2,1747.0,0.0384633338895782,0.5844409823307247,0.1465123280602911,0.2305833557194058,B,0.5844409823307247,0007,,2026,logistic_regression,Transfer20
B014_2,B,2,1748.0,0.0075445845108732,0.9337003774359848,0.0097657587616292,0.048989279291513,B,0.9337003774359848,0014,,2026,logistic_regression,Transfer20
B021_2,B,2,1754.0,0.0026167883440589,0.8810307791856342,0.0608789005719035,0.0554735318984031,B,0.8810307791856342,0021,,2026,logistic_regression,Transfer20
IR007_2,IR,2,1748.0,0.0410653372111317,0.0526148420418962,0.7413358302165871,0.1649839905303848,IR,0.7413358302165871,0007,,2026,logistic_regression,Transfer20
IR014_2,IR,2,1751.0,0.0062903630023926,0.0436401427939098,0.5202642861441865,0.4298052080595111,IR,0.5202642861441865,0014,,2026,logistic_regression,Transfer20
IR021_2,IR,2,1752.0,0.0152480185883006,0.0541156175932,0.7092014345467307,0.2214349292717683,IR,0.7092014345467307,0021,,2026,logistic_regression,Transfer20
OR007@6_2,OR,2,1750.0,0.0071184189035898,0.0134258284646928,0.1370491547774484,0.842406597854269,OR,0.842406597854269,0007,Centered,2026,logistic_regression,Transfer20
OR014@6_2,OR,2,1749.0,0.0025094187423778,0.9778170879160892,0.0046756830291038,0.0149978103124288,B,0.9778170879160892,0014,Centered,2026,logistic_regression,Transfer20
OR021@6_2,OR,2,1747.0,0.0089540795283114,0.0388663618491115,0.0973468450401501,0.8548327135824269,OR,0.8548327135824269,0021,Centered,2026,logistic_regression,Transfer20
OR007@12_2,OR,2,1749.0,0.0103110825039987,0.0541371220443147,0.2572607790441891,0.6782910164074973,OR,0.6782910164074973,0007,Opposite,2026,logistic_regression,Transfer20
OR021@12_2,OR,2,1746.0,0.0059905885341954,0.0132623470670189,0.1626050330102929,0.8181420313884926,OR,0.8181420313884926,0021,Opposite,2026,logistic_regression,Transfer20
OR007@3_2,OR,2,1750.0,0.0111896640453535,0.0293124289829289,0.1658046460288938,0.7936932609428237,OR,0.7936932609428237,0007,Orthogonal,2026,logistic_regression,Transfer20
OR021@3_2,OR,2,1746.0,0.0203101264346951,0.0926236689946423,0.2723876430469275,0.6146785615237349,OR,0.6146785615237349,0021,Orthogonal,2026,logistic_regression,Transfer20
N_2_(1750rpm),N,2,1750.0,0.945046363941202,0.0153196854710636,0.0114223550141448,0.0282115955735895,N,0.945046363941202,,,2026,logistic_regression,Transfer20
B007_2,B,2,1747.0,0.014999536,0.77191955,0.016020935,0.19706,B,0.77191955,0007,,2026,mlp,Transfer20
B014_2,B,2,1748.0,0.029149935,0.8422236,0.044499595,0.08412682,B,0.8422236,0014,,2026,mlp,Transfer20
B021_2,B,2,1754.0,0.024783459,0.5152367,0.3511428,0.10883706,B,0.5152367,0021,,2026,mlp,Transfer20
IR007_2,IR,2,1748.0,0.011547217,0.018371286,0.9265004,0.04358109,IR,0.9265004,0007,,2026,mlp,Transfer20
IR014_2,IR,2,1751.0,0.015688876,0.20524181,0.4733815,0.30568784,IR,0.4733815,0014,,2026,mlp,Transfer20
IR021_2,IR,2,1752.0,0.01705086,0.042580713,0.81581146,0.12455697,IR,0.81581146,0021,,2026,mlp,Transfer20
N_2_(1750rpm),N,2,1750.0,0.98378414,0.007119045,0.004372007,0.004724787,N,0.98378414,,,2026,mlp,Transfer20
OR007@12_2,OR,2,1749.0,0.008660252,0.09314527,0.18932568,0.7088688,OR,0.7088688,0007,Opposite,2026,mlp,Transfer20
OR007@3_2,OR,2,1750.0,0.008116244,0.058834516,0.09470159,0.8383476,OR,0.8383476,0007,Orthogonal,2026,mlp,Transfer20
OR007@6_2,OR,2,1750.0,0.0075661833,0.05547451,0.13188152,0.80507773,OR,0.80507773,0007,Centered,2026,mlp,Transfer20
OR014@6_2,OR,2,1749.0,0.014510276,0.61796045,0.070529066,0.29700017,B,0.61796045,0014,Centered,2026,mlp,Transfer20
OR021@12_2,OR,2,1746.0,0.009666589,0.08393972,0.2515758,0.65481794,OR,0.65481794,0021,Opposite,2026,mlp,Transfer20
OR021@3_2,OR,2,1746.0,0.011065089,0.14905736,0.06320497,0.77667254,OR,0.77667254,0021,Orthogonal,2026,mlp,Transfer20
OR021@6_2,OR,2,1747.0,0.009986116,0.079252526,0.14054771,0.77021366,OR,0.77021366,0021,Centered,2026,mlp,Transfer20
B007_3,B,3,1721.0,0.0015152287049999,0.9847874533580055,0.0022899019640985,0.0114074159728958,B,0.9847874533580055,0007,,2026,logistic_regression,Transfer20
B014_3,B,3,1725.0,0.0006685371218622,0.957492669592257,0.0001804880303913,0.0416583052554893,B,0.957492669592257,0014,,2026,logistic_regression,Transfer20
B021_3,B,3,1729.0,3.1997702806033577e-06,0.9997897223041048,3.1655008683951885e-06,0.0002039124247462,B,0.9997897223041048,0021,,2026,logistic_regression,Transfer20
IR007_3,IR,3,1721.0,0.0080667348788316,0.0277638706783874,0.9555051786203064,0.0086642158224745,IR,0.9555051786203064,0007,,2026,logistic_regression,Transfer20
IR014_3,IR,3,1726.0,0.9991843052932544,0.0008150502498803,6.444568652085817e-07,6.247308076672418e-24,N,0.9991843052932544,0014,,2026,logistic_regression,Transfer20
IR021_3,IR,3,1727.0,0.0020678681456398,0.0227747316995702,0.9171652439355268,0.057992156219263,IR,0.9171652439355268,0021,,2026,logistic_regression,Transfer20
OR007@6_3,OR,3,1725.0,0.0006070007328861,0.0013120524065388,0.0308912153128145,0.9671897315477604,OR,0.9671897315477604,0007,Centered,2026,logistic_regression,Transfer20
OR014@6_3,OR,3,1723.0,0.0106396463900459,0.7498661872974703,0.0732847735311913,0.1662093927812925,B,0.7498661872974703,0014,Centered,2026,logistic_regression,Transfer20
OR021@6_3,OR,3,1719.0,0.0012025410671201,0.0060087577129974,0.0225661792107382,0.9702225220091442,OR,0.9702225220091442,0021,Centered,2026,logistic_regression,Transfer20
OR007@12_3,OR,3,1723.0,0.0018237154360564,0.0269373840779746,0.1237841654744543,0.8474547350115146,OR,0.8474547350115146,0007,Opposite,2026,logistic_regression,Transfer20
OR021@12_3,OR,3,1718.0,0.0003752872235878,0.0004270802852927,0.0364679764878169,0.9627296560033026,OR,0.9627296560033026,0021,Opposite,2026,logistic_regression,Transfer20
OR007@3_3,OR,3,1724.0,0.0007348091907102,0.0029781119934497,0.010638722811544,0.9856483560042958,OR,0.9856483560042958,0007,Orthogonal,2026,logistic_regression,Transfer20
OR021@3_3,OR,3,1719.0,0.0053710040136088,0.0338669576149498,0.0899795739134052,0.8707824644580361,OR,0.8707824644580361,0021,Orthogonal,2026,logistic_regression,Transfer20
N_3,N,3,1725.0,0.9896195668183216,0.0031981348631365,0.0003616863999636,0.0068206119185781,N,0.9896195668183216,,,2026,logistic_regression,Transfer20
B007_3,B,3,1721.0,0.05761415,0.43854085,0.035037775,0.46880722,OR,0.46880722,0007,,2026,mlp,Transfer20
B014_3,B,3,1725.0,0.05834839,0.33177716,0.2244332,0.38544127,OR,0.38544127,0014,,2026,mlp,Transfer20
B021_3,B,3,1729.0,0.04138582,0.25891155,0.4485007,0.25120196,IR,0.4485007,0021,,2026,mlp,Transfer20
IR007_3,IR,3,1721.0,0.10503155,0.10343357,0.7134551,0.07807982,IR,0.7134551,0007,,2026,mlp,Transfer20
IR014_3,IR,3,1726.0,0.08008504,0.22608456,0.34083197,0.35299847,OR,0.35299847,0014,,2026,mlp,Transfer20
IR021_3,IR,3,1727.0,0.054865044,0.13997875,0.69213766,0.11301853,IR,0.69213766,0021,,2026,mlp,Transfer20
N_3,N,3,1725.0,0.87631404,0.03501592,0.063076034,0.025594002,N,0.87631404,,,2026,mlp,Transfer20
OR007@12_3,OR,3,1723.0,0.024986286,0.26120192,0.13532935,0.5784825,OR,0.5784825,0007,Opposite,2026,mlp,Transfer20
OR007@3_3,OR,3,1724.0,0.020443125,0.2350744,0.04607583,0.69840664,OR,0.69840664,0007,Orthogonal,2026,mlp,Transfer20
OR007@6_3,OR,3,1725.0,0.021369446,0.2224932,0.07609988,0.6800375,OR,0.6800375,0007,Centered,2026,mlp,Transfer20
OR014@6_3,OR,3,1723.0,0.058117114,0.49363643,0.043778665,0.4044678,B,0.49363643,0014,Centered,2026,mlp,Transfer20
OR021@12_3,OR,3,1718.0,0.031434868,0.22144373,0.2682732,0.4788482,OR,0.4788482,0021,Opposite,2026,mlp,Transfer20
OR021@3_3,OR,3,1719.0,0.03404776,0.25667366,0.14988044,0.5593981,OR,0.5593981,0021,Orthogonal,2026,mlp,Transfer20
OR021@6_3,OR,3,1719.0,0.030715764,0.24138393,0.18068583,0.5472145,OR,0.5472145,0021,Centered,2026,mlp,Transfer20
B007_0,B,0,1796.0,0.0430352423194107,0.4852573493193342,0.0931386965877659,0.3785687117734893,B,0.4852573493193342,0007,,2027,logistic_regression,Transfer20
B014_0,B,0,1797.0,0.0146922697200128,0.8125980788875946,0.0855792669109535,0.0871303844814389,B,0.8125980788875946,0014,,2027,logistic_regression,Transfer20
B021_0,B,0,1797.0,0.0221296634161684,0.2999577212222068,0.534762880175815,0.1431497351858097,IR,0.534762880175815,0021,,2027,logistic_regression,Transfer20
IR007_0,IR,0,1796.0,0.0547140374291932,0.0926982457828607,0.7199013105782266,0.1326864062097192,IR,0.7199013105782266,0007,,2027,logistic_regression,Transfer20
IR014_0,IR,0,1796.0,0.0131334069436778,0.1863508195836841,0.2559127424154087,0.5446030310572294,OR,0.5446030310572294,0014,,2027,logistic_regression,Transfer20
IR021_0,IR,0,1796.0,0.0114564961980234,0.0967375280859128,0.7354868925596525,0.1563190831564112,IR,0.7354868925596525,0021,,2027,logistic_regression,Transfer20
OR007@6_0,OR,0,1796.0,0.0057009394313079,0.0107335932250498,0.131996482140878,0.851568985202764,OR,0.851568985202764,0007,Centered,2027,logistic_regression,Transfer20
OR014@6_0,OR,0,1796.0,0.0245378581147688,0.716837015633886,0.0499818459176738,0.2086432803336713,B,0.716837015633886,0014,Centered,2027,logistic_regression,Transfer20
OR021@6_0,OR,0,1796.0,0.0130326616924495,0.0675752364615163,0.2036621887427516,0.7157299131032825,OR,0.7157299131032825,0021,Centered,2027,logistic_regression,Transfer20
OR007@12_0,OR,0,1796.0,0.0170745044420145,0.161059686371703,0.0837484974634039,0.7381173117228785,OR,0.7381173117228785,0007,Opposite,2027,logistic_regression,Transfer20
OR021@12_0,OR,0,1796.0,0.0066307379838597,0.0156456863067034,0.3321247434505232,0.6455988322589135,OR,0.6455988322589135,0021,Opposite,2027,logistic_regression,Transfer20
OR007@3_0,OR,0,1797.0,0.0124370934651986,0.0523214825409654,0.1068110444574084,0.8284303795364276,OR,0.8284303795364276,0007,Orthogonal,2027,logistic_regression,Transfer20
OR021@3_0,OR,0,1796.0,0.0346485940484078,0.1138814117157076,0.1420422539706662,0.7094277402652183,OR,0.7094277402652183,0021,Orthogonal,2027,logistic_regression,Transfer20
N_0,N,0,1796.0,0.9421778469013674,0.0132977340312742,0.038237171934375,0.0062872471329834,N,0.9421778469013674,,,2027,logistic_regression,Transfer20
B007_0,B,0,1796.0,0.0044674915,0.74267644,0.0018655601,0.25099048,B,0.74267644,0007,,2027,mlp,Transfer20
B014_0,B,0,1797.0,0.0033579858,0.98843,0.0033686035,0.0048433915,B,0.98843,0014,,2027,mlp,Transfer20
B021_0,B,0,1797.0,0.008600477,0.9175649,0.061018933,0.01281563,B,0.9175649,0021,,2027,mlp,Transfer20
IR007_0,IR,0,1796.0,0.002398293,0.007805196,0.98601496,0.0037814972,IR,0.98601496,0007,,2027,mlp,Transfer20
IR014_0,IR,0,1796.0,0.005853824,0.3211968,0.0041429466,0.66880643,OR,0.66880643,0014,,2027,mlp,Transfer20
IR021_0,IR,0,1796.0,0.008025107,0.854999,0.12550384,0.0114720715,B,0.854999,0021,,2027,mlp,Transfer20
N_0,N,0,1796.0,0.97047925,0.0075964085,0.018923772,0.003000595,N,0.97047925,,,2027,mlp,Transfer20
OR007@12_0,OR,0,1796.0,0.0009949555,0.004427291,0.001799121,0.99277866,OR,0.99277866,0007,Opposite,2027,mlp,Transfer20
OR007@3_0,OR,0,1797.0,0.00089624926,0.0021836488,0.0024763194,0.9944438,OR,0.9944438,0007,Orthogonal,2027,mlp,Transfer20
OR007@6_0,OR,0,1796.0,0.0017982301,0.001830632,0.009102796,0.9872684,OR,0.9872684,0007,Centered,2027,mlp,Transfer20
OR014@6_0,OR,0,1796.0,0.0042384677,0.86604244,0.0017348096,0.12798433,B,0.86604244,0014,Centered,2027,mlp,Transfer20
OR021@12_0,OR,0,1796.0,0.0041556363,0.002616396,0.10142574,0.89180225,OR,0.89180225,0021,Opposite,2027,mlp,Transfer20
OR021@3_0,OR,0,1796.0,0.0015325014,0.006084424,0.007071594,0.9853115,OR,0.9853115,0021,Orthogonal,2027,mlp,Transfer20
OR021@6_0,OR,0,1796.0,0.0015493546,0.002143027,0.005544646,0.990763,OR,0.990763,0021,Centered,2027,mlp,Transfer20
B007_1,B,1,1772.0,0.0034375301608233,0.9207536901859312,0.0169584923958757,0.0588502872573697,B,0.9207536901859312,0007,,2027,logistic_regression,Transfer20
B014_1,B,1,1772.0,0.0012858966311283,0.9585907476859746,0.0004287597531734,0.0396945959297235,B,0.9585907476859746,0014,,2027,logistic_regression,Transfer20
B021_1,B,1,1774.0,0.0004715976123734,0.7152037479840521,0.0082470736460443,0.2760775807575302,B,0.7152037479840521,0021,,2027,logistic_regression,Transfer20
IR007_1,IR,1,1772.0,0.0025546211871729,0.0092511929524881,0.9823121752526334,0.0058820106077055,IR,0.9823121752526334,0007,,2027,logistic_regression,Transfer20
IR014_1,IR,1,1772.0,0.0006526685109163,0.0188830468888842,0.9013772845190948,0.0790870000811047,IR,0.9013772845190948,0014,,2027,logistic_regression,Transfer20
IR021_1,IR,1,1774.0,0.0018851320492049,0.0503308243795676,0.8705386947125182,0.0772453488587093,IR,0.8705386947125182,0021,,2027,logistic_regression,Transfer20
OR007@6_1,OR,1,1774.0,0.0004641462535956,0.0004062090880583,0.0425453125310199,0.956584332127326,OR,0.956584332127326,0007,Centered,2027,logistic_regression,Transfer20
OR014@6_1,OR,1,1772.0,0.0071551742074629,0.7792870251700439,0.0257343512851646,0.1878234493373286,B,0.7792870251700439,0014,Centered,2027,logistic_regression,Transfer20
OR021@6_1,OR,1,1771.0,0.0009816722867578,0.0029545542968031,0.054513101208627,0.941550672207812,OR,0.941550672207812,0021,Centered,2027,logistic_regression,Transfer20
OR007@12_1,OR,1,1772.0,0.0017398506012038,0.0172923847086298,0.172072149756415,0.8088956149337513,OR,0.8088956149337513,0007,Opposite,2027,logistic_regression,Transfer20
OR021@12_1,OR,1,1771.0,0.0005853495715795,0.0010188390061381,0.1094183509612595,0.8889774604610229,OR,0.8889774604610229,0021,Opposite,2027,logistic_regression,Transfer20
OR007@3_1,OR,1,1773.0,0.0012801685602403,0.0040398951637234,0.0419192510743607,0.9527606852016756,OR,0.9527606852016756,0007,Orthogonal,2027,logistic_regression,Transfer20
OR021@3_1,OR,1,1770.0,0.0035489127801648,0.0385283346397388,0.0965451518429049,0.8613776007371914,OR,0.8613776007371914,0021,Orthogonal,2027,logistic_regression,Transfer20
N_1_(1772rpm),N,1,1772.0,0.9929921665756306,0.0026504741553908,0.0006376540919475,0.0037197051770309,N,0.9929921665756306,,,2027,logistic_regression,Transfer20
B007_1,B,1,1772.0,0.04752671,0.60052925,0.064176284,0.28776774,B,0.60052925,0007,,2027,mlp,Transfer20
B014_1,B,1,1772.0,0.044743728,0.85522985,0.0610913,0.038935155,B,0.85522985,0014,,2027,mlp,Transfer20
B021_1,B,1,1774.0,0.0154399425,0.5163113,0.43044516,0.03780363,B,0.5163113,0021,,2027,mlp,Transfer20
IR007_1,IR,1,1772.0,0.0027941272,0.04076376,0.9392651,0.017177058,IR,0.9392651,0007,,2027,mlp,Transfer20
IR014_1,IR,1,1772.0,0.0055512497,0.19592722,0.7501397,0.048381787,IR,0.7501397,0014,,2027,mlp,Transfer20
IR021_1,IR,1,1774.0,0.0074823434,0.21624866,0.7453965,0.03087249,IR,0.7453965,0021,,2027,mlp,Transfer20
N_1_(1772rpm),N,1,1772.0,0.9583656,0.024903208,0.0025182816,0.014212867,N,0.9583656,,,2027,mlp,Transfer20
OR007@12_1,OR,1,1772.0,0.006765635,0.019668147,0.18353511,0.7900311,OR,0.7900311,0007,Opposite,2027,mlp,Transfer20
OR007@3_1,OR,1,1773.0,0.0073586456,0.0044678715,0.018564282,0.9696092,OR,0.9696092,0007,Orthogonal,2027,mlp,Transfer20
OR007@6_1,OR,1,1774.0,0.007682474,0.004412197,0.03142666,0.95647866,OR,0.95647866,0007,Centered,2027,mlp,Transfer20
OR014@6_1,OR,1,1772.0,0.058520287,0.54470813,0.05657116,0.34020036,B,0.54470813,0014,Centered,2027,mlp,Transfer20
OR021@12_1,OR,1,1771.0,0.0070040463,0.025650937,0.30947012,0.65787494,OR,0.65787494,0021,Opposite,2027,mlp,Transfer20
OR021@3_1,OR,1,1770.0,0.012901051,0.03747923,0.11306065,0.836559,OR,0.836559,0021,Orthogonal,2027,mlp,Transfer20
OR021@6_1,OR,1,1771.0,0.008353266,0.008732067,0.07542288,0.90749174,OR,0.90749174,0021,Centered,2027,mlp,Transfer20
B007_2,B,2,1747.0,0.0384633338895782,0.5844409823307247,0.1465123280602911,0.2305833557194058,B,0.5844409823307247,0007,,2027,logistic_regression,Transfer20
B014_2,B,2,1748.0,0.0075445845108732,0.9337003774359848,0.0097657587616292,0.048989279291513,B,0.9337003774359848,0014,,2027,logistic_regression,Transfer20
B021_2,B,2,1754.0,0.0026167883440589,0.8810307791856342,0.0608789005719035,0.0554735318984031,B,0.8810307791856342,0021,,2027,logistic_regression,Transfer20
IR007_2,IR,2,1748.0,0.0410653372111317,0.0526148420418962,0.7413358302165871,0.1649839905303848,IR,0.7413358302165871,0007,,2027,logistic_regression,Transfer20
IR014_2,IR,2,1751.0,0.0062903630023926,0.0436401427939098,0.5202642861441865,0.4298052080595111,IR,0.5202642861441865,0014,,2027,logistic_regression,Transfer20
IR021_2,IR,2,1752.0,0.0152480185883006,0.0541156175932,0.7092014345467307,0.2214349292717683,IR,0.7092014345467307,0021,,2027,logistic_regression,Transfer20
OR007@6_2,OR,2,1750.0,0.0071184189035898,0.0134258284646928,0.1370491547774484,0.842406597854269,OR,0.842406597854269,0007,Centered,2027,logistic_regression,Transfer20
OR014@6_2,OR,2,1749.0,0.0025094187423778,0.9778170879160892,0.0046756830291038,0.0149978103124288,B,0.9778170879160892,0014,Centered,2027,logistic_regression,Transfer20
OR021@6_2,OR,2,1747.0,0.0089540795283114,0.0388663618491115,0.0973468450401501,0.8548327135824269,OR,0.8548327135824269,0021,Centered,2027,logistic_regression,Transfer20
OR007@12_2,OR,2,1749.0,0.0103110825039987,0.0541371220443147,0.2572607790441891,0.6782910164074973,OR,0.6782910164074973,0007,Opposite,2027,logistic_regression,Transfer20
OR021@12_2,OR,2,1746.0,0.0059905885341954,0.0132623470670189,0.1626050330102929,0.8181420313884926,OR,0.8181420313884926,0021,Opposite,2027,logistic_regression,Transfer20
OR007@3_2,OR,2,1750.0,0.0111896640453535,0.0293124289829289,0.1658046460288938,0.7936932609428237,OR,0.7936932609428237,0007,Orthogonal,2027,logistic_regression,Transfer20
OR021@3_2,OR,2,1746.0,0.0203101264346951,0.0926236689946423,0.2723876430469275,0.6146785615237349,OR,0.6146785615237349,0021,Orthogonal,2027,logistic_regression,Transfer20
N_2_(1750rpm),N,2,1750.0,0.945046363941202,0.0153196854710636,0.0114223550141448,0.0282115955735895,N,0.945046363941202,,,2027,logistic_regression,Transfer20
B007_2,B,2,1747.0,0.011032181,0.82235134,0.010983764,0.15563275,B,0.82235134,0007,,2027,mlp,Transfer20
B014_2,B,2,1748.0,0.022068596,0.9238453,0.026377838,0.027708253,B,0.9238453,0014,,2027,mlp,Transfer20
B021_2,B,2,1754.0,0.021158597,0.57331324,0.3816866,0.023841606,B,0.57331324,0021,,2027,mlp,Transfer20
IR007_2,IR,2,1748.0,0.005934986,0.005475272,0.9815718,0.007017948,IR,0.9815718,0007,,2027,mlp,Transfer20
IR014_2,IR,2,1751.0,0.012977773,0.07814951,0.8710734,0.037799273,IR,0.8710734,0014,,2027,mlp,Transfer20
IR021_2,IR,2,1752.0,0.016103256,0.05525967,0.896521,0.032116137,IR,0.896521,0021,,2027,mlp,Transfer20
N_2_(1750rpm),N,2,1750.0,0.97951055,0.0075410553,0.0061209374,0.0068274694,N,0.97951055,,,2027,mlp,Transfer20
OR007@12_2,OR,2,1749.0,0.006505621,0.005854943,0.03946754,0.9481719,OR,0.9481719,0007,Opposite,2027,mlp,Transfer20
OR007@3_2,OR,2,1750.0,0.005508716,0.0052699796,0.013465642,0.9757557,OR,0.9757557,0007,Orthogonal,2027,mlp,Transfer20
OR007@6_2,OR,2,1750.0,0.0063506393,0.006385044,0.013275258,0.97398907,OR,0.97398907,0007,Centered,2027,mlp,Transfer20
OR014@6_2,OR,2,1749.0,0.0143226925,0.5474977,0.07700723,0.36117238,B,0.5474977,0014,Centered,2027,mlp,Transfer20
OR021@12_2,OR,2,1746.0,0.009197491,0.00652748,0.027547749,0.9567273,OR,0.9567273,0021,Opposite,2027,mlp,Transfer20
OR021@3_2,OR,2,1746.0,0.007745299,0.01889165,0.014498851,0.9588642,OR,0.9588642,0021,Orthogonal,2027,mlp,Transfer20
OR021@6_2,OR,2,1747.0,0.007986415,0.0044246023,0.024802268,0.96278673,OR,0.96278673,0021,Centered,2027,mlp,Transfer20
B007_3,B,3,1721.0,0.0226919156135998,0.8155051846717887,0.055024757974034,0.1067781417405772,B,0.8155051846717887,0007,,2027,logistic_regression,Transfer20
B014_3,B,3,1725.0,0.0069433240289012,0.9040178660945004,0.0068290157975725,0.0822097940790257,B,0.9040178660945004,0014,,2027,logistic_regression,Transfer20
B021_3,B,3,1729.0,0.0005404608895165,0.9833838943787736,0.0016368811607979,0.0144387635709119,B,0.9833838943787736,0021,,2027,logistic_regression,Transfer20
IR007_3,IR,3,1721.0,0.0445426405838682,0.0901543162037233,0.79392353194717,0.0713795112652383,IR,0.79392353194717,0007,,2027,logistic_regression,Transfer20
IR014_3,IR,3,1726.0,0.9993971812169292,0.0006020991438566,7.196389835317986e-07,2.306685232190224e-13,N,0.9993971812169292,0014,,2027,logistic_regression,Transfer20
IR021_3,IR,3,1727.0,0.0139834665450696,0.0924711924762848,0.7009824003343725,0.1925629406442729,IR,0.7009824003343725,0021,,2027,logistic_regression,Transfer20
OR007@6_3,OR,3,1725.0,0.0088184961035868,0.0279093600033677,0.1602072426099044,0.803064901283141,OR,0.803064901283141,0007,Centered,2027,logistic_regression,Transfer20
OR014@6_3,OR,3,1723.0,0.0366963453051555,0.5441892626693662,0.198588138897905,0.2205262531275732,B,0.5441892626693662,0014,Centered,2027,logistic_regression,Transfer20
OR021@6_3,OR,3,1719.0,0.0118232735515564,0.0572757276809915,0.1239729106993927,0.8069280880680594,OR,0.8069280880680594,0021,Centered,2027,logistic_regression,Transfer20
OR007@12_3,OR,3,1723.0,0.0115279247461348,0.0898149836900135,0.2784290638854438,0.6202280276784079,OR,0.6202280276784079,0007,Opposite,2027,logistic_regression,Transfer20
OR021@12_3,OR,3,1718.0,0.0066944518417723,0.0194210780437157,0.1927227780807645,0.7811616920337473,OR,0.7811616920337473,0021,Opposite,2027,logistic_regression,Transfer20
OR007@3_3,OR,3,1724.0,0.0115784995056313,0.0436888762136189,0.1174643134791138,0.8272683108016359,OR,0.8272683108016359,0007,Orthogonal,2027,logistic_regression,Transfer20
OR021@3_3,OR,3,1719.0,0.0253584469434645,0.0954507402812036,0.2823751774426911,0.5968156353326407,OR,0.5968156353326407,0021,Orthogonal,2027,logistic_regression,Transfer20
N_3,N,3,1725.0,0.9465879549664068,0.0180295813626671,0.0106224226008062,0.0247600410701196,N,0.9465879549664068,,,2027,logistic_regression,Transfer20
B007_3,B,3,1721.0,0.009484896,0.84329236,0.0039587705,0.14326397,B,0.84329236,0007,,2027,mlp,Transfer20
B014_3,B,3,1725.0,0.008677442,0.9696153,0.0047786585,0.016928649,B,0.9696153,0014,,2027,mlp,Transfer20
B021_3,B,3,1729.0,0.00867216,0.76634973,0.20782797,0.017150145,B,0.76634973,0021,,2027,mlp,Transfer20
IR007_3,IR,3,1721.0,0.0019478735,0.014624755,0.9810468,0.0023805809,IR,0.9810468,0007,,2027,mlp,Transfer20
IR014_3,IR,3,1726.0,0.10973538,0.026662905,0.4496363,0.4139654,IR,0.4496363,0014,,2027,mlp,Transfer20
IR021_3,IR,3,1727.0,0.0023772866,0.0044047604,0.9888398,0.00437813,IR,0.9888398,0021,,2027,mlp,Transfer20
N_3,N,3,1725.0,0.99422926,0.0020824631,0.0011345315,0.0025537766,N,0.99422926,,,2027,mlp,Transfer20
OR007@12_3,OR,3,1723.0,0.0031226173,0.0038855262,0.0073207924,0.9856711,OR,0.9856711,0007,Opposite,2027,mlp,Transfer20
OR007@3_3,OR,3,1724.0,0.0028754699,0.0019044231,0.0028780047,0.9923421,OR,0.9923421,0007,Orthogonal,2027,mlp,Transfer20
OR007@6_3,OR,3,1725.0,0.0035761488,0.0018429224,0.0029434073,0.9916375,OR,0.9916375,0007,Centered,2027,mlp,Transfer20
OR014@6_3,OR,3,1723.0,0.014336369,0.720516,0.0038362413,0.26131135,B,0.720516,0014,Centered,2027,mlp,Transfer20
OR021@12_3,OR,3,1718.0,0.0043673115,0.0017263051,0.004846698,0.9890596,OR,0.9890596,0021,Opposite,2027,mlp,Transfer20
OR021@3_3,OR,3,1719.0,0.004042906,0.0036149472,0.0044675446,0.98787457,OR,0.98787457,0021,Orthogonal,2027,mlp,Transfer20
OR021@6_3,OR,3,1719.0,0.006149881,0.002135134,0.0035470675,0.9881679,OR,0.9881679,0021,Centered,2027,mlp,Transfer20
B007_0,B,0,1796.0,0.0430352423194107,0.4852573493193342,0.0931386965877659,0.3785687117734893,B,0.4852573493193342,0007,,2028,logistic_regression,Transfer20
B014_0,B,0,1797.0,0.0146922697200128,0.8125980788875946,0.0855792669109535,0.0871303844814389,B,0.8125980788875946,0014,,2028,logistic_regression,Transfer20
B021_0,B,0,1797.0,0.0221296634161684,0.2999577212222068,0.534762880175815,0.1431497351858097,IR,0.534762880175815,0021,,2028,logistic_regression,Transfer20
IR007_0,IR,0,1796.0,0.0547140374291932,0.0926982457828607,0.7199013105782266,0.1326864062097192,IR,0.7199013105782266,0007,,2028,logistic_regression,Transfer20
IR014_0,IR,0,1796.0,0.0131334069436778,0.1863508195836841,0.2559127424154087,0.5446030310572294,OR,0.5446030310572294,0014,,2028,logistic_regression,Transfer20
IR021_0,IR,0,1796.0,0.0114564961980234,0.0967375280859128,0.7354868925596525,0.1563190831564112,IR,0.7354868925596525,0021,,2028,logistic_regression,Transfer20
OR007@6_0,OR,0,1796.0,0.0057009394313079,0.0107335932250498,0.131996482140878,0.851568985202764,OR,0.851568985202764,0007,Centered,2028,logistic_regression,Transfer20
OR014@6_0,OR,0,1796.0,0.0245378581147688,0.716837015633886,0.0499818459176738,0.2086432803336713,B,0.716837015633886,0014,Centered,2028,logistic_regression,Transfer20
OR021@6_0,OR,0,1796.0,0.0130326616924495,0.0675752364615163,0.2036621887427516,0.7157299131032825,OR,0.7157299131032825,0021,Centered,2028,logistic_regression,Transfer20
OR007@12_0,OR,0,1796.0,0.0170745044420145,0.161059686371703,0.0837484974634039,0.7381173117228785,OR,0.7381173117228785,0007,Opposite,2028,logistic_regression,Transfer20
OR021@12_0,OR,0,1796.0,0.0066307379838597,0.0156456863067034,0.3321247434505232,0.6455988322589135,OR,0.6455988322589135,0021,Opposite,2028,logistic_regression,Transfer20
OR007@3_0,OR,0,1797.0,0.0124370934651986,0.0523214825409654,0.1068110444574084,0.8284303795364276,OR,0.8284303795364276,0007,Orthogonal,2028,logistic_regression,Transfer20
OR021@3_0,OR,0,1796.0,0.0346485940484078,0.1138814117157076,0.1420422539706662,0.7094277402652183,OR,0.7094277402652183,0021,Orthogonal,2028,logistic_regression,Transfer20
N_0,N,0,1796.0,0.9421778469013674,0.0132977340312742,0.038237171934375,0.0062872471329834,N,0.9421778469013674,,,2028,logistic_regression,Transfer20
B007_0,B,0,1796.0,0.0118426755,0.75050414,0.015750347,0.2219028,B,0.75050414,0007,,2028,mlp,Transfer20
B014_0,B,0,1797.0,0.02006613,0.92433995,0.037623186,0.017970692,B,0.92433995,0014,,2028,mlp,Transfer20
B021_0,B,0,1797.0,0.02614379,0.8120527,0.1252874,0.0365161,B,0.8120527,0021,,2028,mlp,Transfer20
IR007_0,IR,0,1796.0,0.008537638,0.015859967,0.9680143,0.007588085,IR,0.9680143,0007,,2028,mlp,Transfer20
IR014_0,IR,0,1796.0,0.009256138,0.13209032,0.018396508,0.84025705,OR,0.84025705,0014,,2028,mlp,Transfer20
IR021_0,IR,0,1796.0,0.020975275,0.43091896,0.5079886,0.04011717,IR,0.5079886,0021,,2028,mlp,Transfer20
N_0,N,0,1796.0,0.94843537,0.013461201,0.02992671,0.0081767775,N,0.94843537,,,2028,mlp,Transfer20
OR007@12_0,OR,0,1796.0,0.0019908876,0.011071867,0.004394835,0.98254246,OR,0.98254246,0007,Opposite,2028,mlp,Transfer20
OR007@3_0,OR,0,1797.0,0.0018975331,0.004820477,0.004558859,0.9887231,OR,0.9887231,0007,Orthogonal,2028,mlp,Transfer20
OR007@6_0,OR,0,1796.0,0.0027290992,0.0045654797,0.013320555,0.9793849,OR,0.9793849,0007,Centered,2028,mlp,Transfer20
OR014@6_0,OR,0,1796.0,0.013918187,0.8532749,0.015145766,0.11766116,B,0.8532749,0014,Centered,2028,mlp,Transfer20
OR021@12_0,OR,0,1796.0,0.007899549,0.0099920165,0.15122741,0.830881,OR,0.830881,0021,Opposite,2028,mlp,Transfer20
OR021@3_0,OR,0,1796.0,0.0028756608,0.013427849,0.009475796,0.9742207,OR,0.9742207,0021,Orthogonal,2028,mlp,Transfer20
OR021@6_0,OR,0,1796.0,0.0026183543,0.0047306204,0.010541178,0.98210984,OR,0.98210984,0021,Centered,2028,mlp,Transfer20
B007_1,B,1,1772.0,0.0257405068800413,0.6846160262095531,0.0981397360184864,0.1915037308919191,B,0.6846160262095531,0007,,2028,logistic_regression,Transfer20
B014_1,B,1,1772.0,0.0112305930654652,0.9061552686399088,0.0140551738418631,0.0685589644527629,B,0.9061552686399088,0014,,2028,logistic_regression,Transfer20
B021_1,B,1,1774.0,0.0043442970620228,0.795930964794139,0.0638113475283937,0.1359133906154442,B,0.795930964794139,0021,,2028,logistic_regression,Transfer20
IR007_1,IR,1,1772.0,0.0264278935617127,0.0617673423531005,0.8281668348434257,0.083637929241761,IR,0.8281668348434257,0007,,2028,logistic_regression,Transfer20
IR014_1,IR,1,1772.0,0.0066519115214376,0.0706469561704623,0.6178561409003688,0.3048449914077312,IR,0.6178561409003688,0014,,2028,logistic_regression,Transfer20
IR021_1,IR,1,1774.0,0.0131328399461412,0.1252194008905696,0.6587194395722682,0.202928319591021,IR,0.6587194395722682,0021,,2028,logistic_regression,Transfer20
OR007@6_1,OR,1,1774.0,0.0078611409262124,0.0164444218815018,0.1557696163573009,0.8199248208349847,OR,0.8199248208349847,0007,Centered,2028,logistic_regression,Transfer20
OR014@6_1,OR,1,1772.0,0.0348574196566848,0.5630285195914462,0.128262098634019,0.27385196211785,B,0.5630285195914462,0014,Centered,2028,logistic_regression,Transfer20
OR021@6_1,OR,1,1771.0,0.0103225785951713,0.0460472358988606,0.1443762228579526,0.7992539626480153,OR,0.7992539626480153,0021,Centered,2028,logistic_regression,Transfer20
OR007@12_1,OR,1,1772.0,0.0121209917791903,0.0823902267873119,0.303927232380837,0.6015615490526606,OR,0.6015615490526606,0007,Opposite,2028,logistic_regression,Transfer20
OR021@12_1,OR,1,1771.0,0.0065386492697356,0.0178912698737008,0.2606894789031089,0.7148806019534546,OR,0.7148806019534546,0021,Opposite,2028,logistic_regression,Transfer20
OR007@3_1,OR,1,1773.0,0.0147151771737476,0.0543187110515005,0.176204517051207,0.7547615947235448,OR,0.7547615947235448,0007,Orthogonal,2028,logistic_regression,Transfer20
OR021@3_1,OR,1,1770.0,0.0205770490555889,0.1271989973518641,0.2748449302104045,0.5773790233821423,OR,0.5773790233821423,0021,Orthogonal,2028,logistic_regression,Transfer20
N_1_(1772rpm),N,1,1772.0,0.9473610862492392,0.0210728947879387,0.0130512379007198,0.0185147810621023,N,0.9473610862492392,,,2028,logistic_regression,Transfer20
B007_1,B,1,1772.0,0.004508705,0.8445943,0.004367949,0.14652903,B,0.8445943,0007,,2028,mlp,Transfer20
B014_1,B,1,1772.0,0.0072025512,0.96518856,0.010373696,0.017235195,B,0.96518856,0014,,2028,mlp,Transfer20
B021_1,B,1,1774.0,0.003996324,0.81745577,0.13253579,0.04601213,B,0.81745577,0021,,2028,mlp,Transfer20
IR007_1,IR,1,1772.0,0.0017143722,0.0030713214,0.99334425,0.0018700944,IR,0.99334425,0007,,2028,mlp,Transfer20
IR014_1,IR,1,1772.0,0.0029961541,0.10831251,0.88409567,0.0045957053,IR,0.88409567,0014,,2028,mlp,Transfer20
IR021_1,IR,1,1774.0,0.0030917444,0.15180294,0.83988184,0.005223487,IR,0.83988184,0021,,2028,mlp,Transfer20
N_1_(1772rpm),N,1,1772.0,0.9914694,0.0033319178,0.0017301865,0.0034685372,N,0.9914694,,,2028,mlp,Transfer20
OR007@12_1,OR,1,1772.0,0.0040525785,0.009161147,0.15180278,0.83498347,OR,0.83498347,0007,Opposite,2028,mlp,Transfer20
OR007@3_1,OR,1,1773.0,0.0029383444,0.0043677487,0.009039425,0.9836545,OR,0.9836545,0007,Orthogonal,2028,mlp,Transfer20
OR007@6_1,OR,1,1774.0,0.0031474414,0.00399292,0.014565448,0.9782942,OR,0.9782942,0007,Centered,2028,mlp,Transfer20
OR014@6_1,OR,1,1772.0,0.0046984116,0.7916128,0.0058345343,0.19785424,B,0.7916128,0014,Centered,2028,mlp,Transfer20
OR021@12_1,OR,1,1771.0,0.0052586785,0.004582506,0.045835216,0.9443236,OR,0.9443236,0021,Opposite,2028,mlp,Transfer20
OR021@3_1,OR,1,1770.0,0.002836367,0.011740535,0.0103093665,0.97511375,OR,0.97511375,0021,Orthogonal,2028,mlp,Transfer20
OR021@6_1,OR,1,1771.0,0.008654507,0.00507051,0.05068319,0.93559176,OR,0.93559176,0021,Centered,2028,mlp,Transfer20
B007_2,B,2,1747.0,0.0094013516231196,0.7215451095058002,0.0353952786792138,0.2336582601918664,B,0.7215451095058002,0007,,2028,logistic_regression,Transfer20
B014_2,B,2,1748.0,0.0009336319457735,0.974122894256586,0.0004764971623946,0.0244669766352455,B,0.974122894256586,0014,,2028,logistic_regression,Transfer20
B021_2,B,2,1754.0,0.0002315792019297,0.9481442872409044,0.0215317624395008,0.030092371117665,B,0.9481442872409044,0021,,2028,logistic_regression,Transfer20
IR007_2,IR,2,1748.0,0.0090965920741274,0.0125547216772768,0.9245926760716798,0.0537560101769156,IR,0.9245926760716798,0007,,2028,logistic_regression,Transfer20
IR014_2,IR,2,1751.0,0.0007339031467665,0.0088444040801267,0.737346566217572,0.2530751265555347,IR,0.737346566217572,0014,,2028,logistic_regression,Transfer20
IR021_2,IR,2,1752.0,0.0018328791933723,0.0093073611371674,0.9212715677832508,0.0675881918862094,IR,0.9212715677832508,0021,,2028,logistic_regression,Transfer20
OR007@6_2,OR,2,1750.0,0.0003263141550514,0.0002253076240457,0.0282504719819568,0.971197906238946,OR,0.971197906238946,0007,Centered,2028,logistic_regression,Transfer20
OR014@6_2,OR,2,1749.0,9.622473076355518e-05,0.9972816409216598,0.0001097168640962,0.0025124174834802,B,0.9972816409216598,0014,Centered,2028,logistic_regression,Transfer20
OR021@6_2,OR,2,1747.0,0.0006893969531666,0.0022330757031744,0.0216297507357357,0.9754477766079231,OR,0.9754477766079231,0021,Centered,2028,logistic_regression,Transfer20
OR007@12_2,OR,2,1749.0,0.0011607179322888,0.0064112439521356,0.1461428372331677,0.8462852008824078,OR,0.8462852008824078,0007,Opposite,2028,logistic_regression,Transfer20
OR021@12_2,OR,2,1746.0,0.0003168464486151,0.0002620005723834,0.0376322327718891,0.9617889202071122,OR,0.9617889202071122,0021,Opposite,2028,logistic_regression,Transfer20
OR007@3_2,OR,2,1750.0,0.0007494184561718,0.0013987568698559,0.0328422113554842,0.965009613318488,OR,0.965009613318488,0007,Orthogonal,2028,logistic_regression,Transfer20
OR021@3_2,OR,2,1746.0,0.0029583507815985,0.0188962289203304,0.0855475387860774,0.8925978815119936,OR,0.8925978815119936,0021,Orthogonal,2028,logistic_regression,Transfer20
N_2_(1750rpm),N,2,1750.0,0.9902228343845596,0.0014864652734755,0.0003580012218643,0.0079326991201004,N,0.9902228343845596,,,2028,logistic_regression,Transfer20
B007_2,B,2,1747.0,0.005833333,0.70100176,0.0029046922,0.29026017,B,0.70100176,0007,,2028,mlp,Transfer20
B014_2,B,2,1748.0,0.006701249,0.91671985,0.01106567,0.065513246,B,0.91671985,0014,,2028,mlp,Transfer20
B021_2,B,2,1754.0,0.0058268765,0.7184995,0.23929009,0.036383603,B,0.7184995,0021,,2028,mlp,Transfer20
IR007_2,IR,2,1748.0,0.00201032,0.0044658193,0.9905671,0.002956763,IR,0.9905671,0007,,2028,mlp,Transfer20
IR014_2,IR,2,1751.0,0.004434315,0.16993257,0.80261767,0.023015406,IR,0.80261767,0014,,2028,mlp,Transfer20
IR021_2,IR,2,1752.0,0.0036217864,0.027299942,0.96110785,0.007970377,IR,0.96110785,0021,,2028,mlp,Transfer20
N_2_(1750rpm),N,2,1750.0,0.9930014,0.001255783,0.0011750027,0.0045677745,N,0.9930014,,,2028,mlp,Transfer20
OR007@12_2,OR,2,1749.0,0.013680128,0.014274624,0.093089364,0.87895584,OR,0.87895584,0007,Opposite,2028,mlp,Transfer20
OR007@3_2,OR,2,1750.0,0.008490977,0.010934584,0.011182496,0.96939194,OR,0.96939194,0007,Orthogonal,2028,mlp,Transfer20
OR007@6_2,OR,2,1750.0,0.007946245,0.012731227,0.010244402,0.9690781,OR,0.9690781,0007,Centered,2028,mlp,Transfer20
OR014@6_2,OR,2,1749.0,0.009954525,0.5221353,0.054607745,0.41330242,B,0.5221353,0014,Centered,2028,mlp,Transfer20
OR021@12_2,OR,2,1746.0,0.00871333,0.014854049,0.02896952,0.9474631,OR,0.9474631,0021,Opposite,2028,mlp,Transfer20
OR021@3_2,OR,2,1746.0,0.028022112,0.033484828,0.020891335,0.9176017,OR,0.9176017,0021,Orthogonal,2028,mlp,Transfer20
OR021@6_2,OR,2,1747.0,0.014896632,0.0109080495,0.02331582,0.9508795,OR,0.9508795,0021,Centered,2028,mlp,Transfer20
B007_3,B,3,1721.0,0.0226919156135998,0.8155051846717887,0.055024757974034,0.1067781417405772,B,0.8155051846717887,0007,,2028,logistic_regression,Transfer20
B014_3,B,3,1725.0,0.0069433240289012,0.9040178660945004,0.0068290157975725,0.0822097940790257,B,0.9040178660945004,0014,,2028,logistic_regression,Transfer20
B021_3,B,3,1729.0,0.0005404608895165,0.9833838943787736,0.0016368811607979,0.0144387635709119,B,0.9833838943787736,0021,,2028,logistic_regression,Transfer20
IR007_3,IR,3,1721.0,0.0445426405838682,0.0901543162037233,0.79392353194717,0.0713795112652383,IR,0.79392353194717,0007,,2028,logistic_regression,Transfer20
IR014_3,IR,3,1726.0,0.9993971812169292,0.0006020991438566,7.196389835317986e-07,2.306685232190224e-13,N,0.9993971812169292,0014,,2028,logistic_regression,Transfer20
IR021_3,IR,3,1727.0,0.0139834665450696,0.0924711924762848,0.7009824003343725,0.1925629406442729,IR,0.7009824003343725,0021,,2028,logistic_regression,Transfer20
OR007@6_3,OR,3,1725.0,0.0088184961035868,0.0279093600033677,0.1602072426099044,0.803064901283141,OR,0.803064901283141,0007,Centered,2028,logistic_regression,Transfer20
OR014@6_3,OR,3,1723.0,0.0366963453051555,0.5441892626693662,0.198588138897905,0.2205262531275732,B,0.5441892626693662,0014,Centered,2028,logistic_regression,Transfer20
OR021@6_3,OR,3,1719.0,0.0118232735515564,0.0572757276809915,0.1239729106993927,0.8069280880680594,OR,0.8069280880680594,0021,Centered,2028,logistic_regression,Transfer20
OR007@12_3,OR,3,1723.0,0.0115279247461348,0.0898149836900135,0.2784290638854438,0.6202280276784079,OR,0.6202280276784079,0007,Opposite,2028,logistic_regression,Transfer20
OR021@12_3,OR,3,1718.0,0.0066944518417723,0.0194210780437157,0.1927227780807645,0.7811616920337473,OR,0.7811616920337473,0021,Opposite,2028,logistic_regression,Transfer20
OR007@3_3,OR,3,1724.0,0.0115784995056313,0.0436888762136189,0.1174643134791138,0.8272683108016359,OR,0.8272683108016359,0007,Orthogonal,2028,logistic_regression,Transfer20
OR021@3_3,OR,3,1719.0,0.0253584469434645,0.0954507402812036,0.2823751774426911,0.5968156353326407,OR,0.5968156353326407,0021,Orthogonal,2028,logistic_regression,Transfer20
N_3,N,3,1725.0,0.9465879549664068,0.0180295813626671,0.0106224226008062,0.0247600410701196,N,0.9465879549664068,,,2028,logistic_regression,Transfer20
B007_3,B,3,1721.0,0.01168039,0.8248599,0.017206473,0.14625326,B,0.8248599,0007,,2028,mlp,Transfer20
B014_3,B,3,1725.0,0.021430084,0.8828061,0.031038476,0.064725354,B,0.8828061,0014,,2028,mlp,Transfer20
B021_3,B,3,1729.0,0.019965705,0.53411484,0.3870698,0.058849666,B,0.53411484,0021,,2028,mlp,Transfer20
IR007_3,IR,3,1721.0,0.026184702,0.03987513,0.9180514,0.015888745,IR,0.9180514,0007,,2028,mlp,Transfer20
IR014_3,IR,3,1726.0,0.15269327,0.033849575,0.33182213,0.48163503,OR,0.48163503,0014,,2028,mlp,Transfer20
IR021_3,IR,3,1727.0,0.03470373,0.05772295,0.8782338,0.029339558,IR,0.8782338,0021,,2028,mlp,Transfer20
N_3,N,3,1725.0,0.9700829,0.007922465,0.0076774997,0.014317168,N,0.9700829,,,2028,mlp,Transfer20
OR007@12_3,OR,3,1723.0,0.013007493,0.034252245,0.04540349,0.9073368,OR,0.9073368,0007,Opposite,2028,mlp,Transfer20
OR007@3_3,OR,3,1724.0,0.012678782,0.03127045,0.023514343,0.9325364,OR,0.9325364,0007,Orthogonal,2028,mlp,Transfer20
OR007@6_3,OR,3,1725.0,0.017304339,0.018553484,0.0282522,0.93589,OR,0.93589,0007,Centered,2028,mlp,Transfer20
OR014@6_3,OR,3,1723.0,0.012950746,0.83046454,0.01835783,0.13822684,B,0.83046454,0014,Centered,2028,mlp,Transfer20
OR021@12_3,OR,3,1718.0,0.026650343,0.018352345,0.15141961,0.8035777,OR,0.8035777,0021,Opposite,2028,mlp,Transfer20
OR021@3_3,OR,3,1719.0,0.010841553,0.019766772,0.034807347,0.9345843,OR,0.9345843,0021,Orthogonal,2028,mlp,Transfer20
OR021@6_3,OR,3,1719.0,0.017020816,0.018853331,0.07290242,0.89122343,OR,0.89122343,0021,Centered,2028,mlp,Transfer20
B007_0,B,0,1796.0,0.0091968061847394,0.5542916475117773,0.0147679083163899,0.4217436379870933,B,0.5542916475117773,0007,,2029,logistic_regression,Transfer20
B014_0,B,0,1797.0,0.0023217948767157,0.9366851914752592,0.0266441817968172,0.0343488318512079,B,0.9366851914752592,0014,,2029,logistic_regression,Transfer20
B021_0,B,0,1797.0,0.0044612333052665,0.2319725916891065,0.7110401395610131,0.0525260354446138,IR,0.7110401395610131,0021,,2029,logistic_regression,Transfer20
IR007_0,IR,0,1796.0,0.012484920159878,0.0471593252828983,0.918197685799223,0.0221580687580007,IR,0.918197685799223,0007,,2029,logistic_regression,Transfer20
IR014_0,IR,0,1796.0,0.0025928858176634,0.1426883677086304,0.1787201293176012,0.6759986171561049,OR,0.6759986171561049,0014,,2029,logistic_regression,Transfer20
IR021_0,IR,0,1796.0,0.0009894445546983,0.0215469641829941,0.9494904423306904,0.0279731489316172,IR,0.9494904423306904,0021,,2029,logistic_regression,Transfer20
OR007@6_0,OR,0,1796.0,0.0001872904808149,0.0001138621728423,0.0151954211367209,0.9845034262096216,OR,0.9845034262096216,0007,Centered,2029,logistic_regression,Transfer20
OR014@6_0,OR,0,1796.0,0.0047381159722752,0.6537202589534978,0.0055646227740321,0.3359770023001947,B,0.6537202589534978,0014,Centered,2029,logistic_regression,Transfer20
OR021@6_0,OR,0,1796.0,0.0018175773114875,0.0114891106283878,0.0876679414073055,0.899025370652819,OR,0.899025370652819,0021,Centered,2029,logistic_regression,Transfer20
OR007@12_0,OR,0,1796.0,0.0010556780297213,0.0161690068531795,0.0052199523472331,0.977555362769866,OR,0.977555362769866,0007,Opposite,2029,logistic_regression,Transfer20
OR021@12_0,OR,0,1796.0,0.0007675152881794,0.0010647446875278,0.2309233037203863,0.7672444363039063,OR,0.7672444363039063,0021,Opposite,2029,logistic_regression,Transfer20
OR007@3_0,OR,0,1797.0,0.0006621677809704,0.00335032896557,0.0083494999891735,0.987638003264286,OR,0.987638003264286,0007,Orthogonal,2029,logistic_regression,Transfer20
OR021@3_0,OR,0,1796.0,0.0047280070193741,0.0289418506466992,0.0171096018218636,0.949220540512063,OR,0.949220540512063,0021,Orthogonal,2029,logistic_regression,Transfer20
N_0,N,0,1796.0,0.9841030884427868,0.0002251655247099,0.0143799940856794,0.0012917519468236,N,0.9841030884427868,,,2029,logistic_regression,Transfer20
B007_0,B,0,1796.0,0.01770612,0.46345037,0.025050147,0.4937934,OR,0.4937934,0007,,2029,mlp,Transfer20
B014_0,B,0,1797.0,0.0053208517,0.9132929,0.063387856,0.017998403,B,0.9132929,0014,,2029,mlp,Transfer20
B021_0,B,0,1797.0,0.009020402,0.74249566,0.21363442,0.034849513,B,0.74249566,0021,,2029,mlp,Transfer20
IR007_0,IR,0,1796.0,0.0298814,0.072595134,0.8625668,0.03495666,IR,0.8625668,0007,,2029,mlp,Transfer20
IR014_0,IR,0,1796.0,0.017736549,0.39082804,0.06737025,0.52406514,OR,0.52406514,0014,,2029,mlp,Transfer20
IR021_0,IR,0,1796.0,0.009359387,0.6327692,0.3290191,0.028852263,B,0.6327692,0021,,2029,mlp,Transfer20
N_0,N,0,1796.0,0.8983593,0.009281227,0.07251929,0.019840231,N,0.8983593,,,2029,mlp,Transfer20
OR007@12_0,OR,0,1796.0,0.006754714,0.0091480035,0.0109346025,0.97316265,OR,0.97316265,0007,Opposite,2029,mlp,Transfer20
OR007@3_0,OR,0,1797.0,0.00860328,0.0064924075,0.009125966,0.97577834,OR,0.97577834,0007,Orthogonal,2029,mlp,Transfer20
OR007@6_0,OR,0,1796.0,0.012633107,0.0082551045,0.021920739,0.95719105,OR,0.95719105,0007,Centered,2029,mlp,Transfer20
OR014@6_0,OR,0,1796.0,0.014718327,0.71953326,0.024884298,0.24086413,B,0.71953326,0014,Centered,2029,mlp,Transfer20
OR021@12_0,OR,0,1796.0,0.020819224,0.030319814,0.38260543,0.56625545,OR,0.56625545,0021,Opposite,2029,mlp,Transfer20
OR021@3_0,OR,0,1796.0,0.014043707,0.013331462,0.022855105,0.94976974,OR,0.94976974,0021,Orthogonal,2029,mlp,Transfer20
OR021@6_0,OR,0,1796.0,0.015228261,0.012837586,0.043017726,0.92891645,OR,0.92891645,0021,Centered,2029,mlp,Transfer20
B007_1,B,1,1772.0,0.0002731080157044,0.9932606243623776,0.0008701640433604,0.0055961035785575,B,0.9932606243623776,0007,,2029,logistic_regression,Transfer20
B014_1,B,1,1772.0,0.0002413457506648,0.972915212492643,4.722316647695999e-06,0.0268387194400444,B,0.972915212492643,0014,,2029,logistic_regression,Transfer20
B021_1,B,1,1774.0,4.271467758003194e-05,0.3701961549782009,0.0002482230260434,0.6295129073181756,OR,0.6295129073181756,0021,,2029,logistic_regression,Transfer20
IR007_1,IR,1,1772.0,0.00023676709128,0.000713292804535,0.998922901932141,0.0001270381720439,IR,0.998922901932141,0007,,2029,logistic_regression,Transfer20
IR014_1,IR,1,1772.0,5.900489571105128e-05,0.001112284482823,0.988297411716882,0.010531298904584,IR,0.988297411716882,0014,,2029,logistic_regression,Transfer20
IR021_1,IR,1,1774.0,0.0002004801447417,0.0034177616291595,0.9756446696041567,0.0207370886219417,IR,0.9756446696041567,0021,,2029,logistic_regression,Transfer20
OR007@6_1,OR,1,1774.0,1.2004878426242851e-05,1.82798546416391e-07,0.0079189476019037,0.9920688647211237,OR,0.9920688647211237,0007,Centered,2029,logistic_regression,Transfer20
OR014@6_1,OR,1,1772.0,0.0018433703285767,0.8284769677800218,0.003016313238212,0.1666633486531893,B,0.8284769677800218,0014,Centered,2029,logistic_regression,Transfer20
OR021@6_1,OR,1,1771.0,0.0001189826392286,5.009571704962976e-05,0.0115965539189825,0.9882343677247392,OR,0.9882343677247392,0021,Centered,2029,logistic_regression,Transfer20
OR007@12_1,OR,1,1772.0,0.0001566989642868,0.0003631583581632,0.0333421611418243,0.9661379815357256,OR,0.9661379815357256,0007,Opposite,2029,logistic_regression,Transfer20
OR021@12_1,OR,1,1771.0,3.549448114857306e-05,2.3959137318466185e-06,0.0197313001309145,0.980230809474205,OR,0.980230809474205,0021,Opposite,2029,logistic_regression,Transfer20
OR007@3_1,OR,1,1773.0,5.149415538549824e-05,1.52804323579632e-05,0.0039255130787298,0.9960077123335266,OR,0.9960077123335266,0007,Orthogonal,2029,logistic_regression,Transfer20
OR021@3_1,OR,1,1770.0,0.000726335856869,0.0047320907176109,0.0211501086977295,0.9733914647277906,OR,0.9733914647277906,0021,Orthogonal,2029,logistic_regression,Transfer20
N_1_(1772rpm),N,1,1772.0,0.9995276440532698,2.500008504085277e-05,4.151311886867669e-06,0.0004432045498025,N,0.9995276440532698,,,2029,logistic_regression,Transfer20
B007_1,B,1,1772.0,0.05309317,0.55343074,0.08577485,0.30770126,B,0.55343074,0007,,2029,mlp,Transfer20
B014_1,B,1,1772.0,0.081352755,0.5211426,0.16466893,0.23283572,B,0.5211426,0014,,2029,mlp,Transfer20
B021_1,B,1,1774.0,0.0431116,0.3159185,0.43851772,0.20245217,IR,0.43851772,0021,,2029,mlp,Transfer20
IR007_1,IR,1,1772.0,0.04249045,0.11321663,0.7377348,0.106558144,IR,0.7377348,0007,,2029,mlp,Transfer20
IR014_1,IR,1,1772.0,0.024106443,0.21440117,0.40256047,0.35893187,IR,0.40256047,0014,,2029,mlp,Transfer20
IR021_1,IR,1,1774.0,0.043848187,0.20899034,0.6150457,0.1321157,IR,0.6150457,0021,,2029,mlp,Transfer20
N_1_(1772rpm),N,1,1772.0,0.8933145,0.054373838,0.028021954,0.024289703,N,0.8933145,,,2029,mlp,Transfer20
OR007@12_1,OR,1,1772.0,0.027336087,0.16981445,0.22659528,0.5762542,OR,0.5762542,0007,Opposite,2029,mlp,Transfer20
OR007@3_1,OR,1,1773.0,0.026678333,0.13630523,0.16101111,0.6760053,OR,0.6760053,0007,Orthogonal,2029,mlp,Transfer20
OR007@6_1,OR,1,1774.0,0.023684232,0.12201499,0.17433639,0.6799644,OR,0.6799644,0007,Centered,2029,mlp,Transfer20
OR014@6_1,OR,1,1772.0,0.05207782,0.5477951,0.08463574,0.31549138,B,0.5477951,0014,Centered,2029,mlp,Transfer20
OR021@12_1,OR,1,1771.0,0.026279876,0.14237401,0.32492214,0.506424,OR,0.506424,0021,Opposite,2029,mlp,Transfer20
OR021@3_1,OR,1,1770.0,0.036943115,0.22909829,0.28392854,0.45003006,OR,0.45003006,0021,Orthogonal,2029,mlp,Transfer20
OR021@6_1,OR,1,1771.0,0.03975942,0.17706454,0.27022737,0.5129487,OR,0.5129487,0021,Centered,2029,mlp,Transfer20
B007_2,B,2,1747.0,0.0029572838007537,0.722030717590691,0.0067287442956553,0.2682832543128999,B,0.722030717590691,0007,,2029,logistic_regression,Transfer20
B014_2,B,2,1748.0,0.0001892012481611,0.9964958566705192,1.3863059771190446e-05,0.0033010790215483,B,0.9964958566705192,0014,,2029,logistic_regression,Transfer20
B021_2,B,2,1754.0,2.451730915564317e-05,0.9919362391806912,0.0036800326032285,0.0043592109069249,B,0.9919362391806912,0021,,2029,logistic_regression,Transfer20
IR007_2,IR,2,1748.0,0.0021299847509211,0.002130100456403,0.9853251168234164,0.0104147979692594,IR,0.9853251168234164,0007,,2029,logistic_regression,Transfer20
IR014_2,IR,2,1751.0,0.0001194806800959,0.0006100965965312,0.8600618079966412,0.1392086147267315,IR,0.8600618079966412,0014,,2029,logistic_regression,Transfer20
IR021_2,IR,2,1752.0,0.0001477376962977,0.000215633351936,0.9890941741595408,0.0105424547922254,IR,0.9890941741595408,0021,,2029,logistic_regression,Transfer20
OR007@6_2,OR,2,1750.0,8.737120231734809e-06,2.2887465506271345e-07,0.0038166751287307,0.9961743588763824,OR,0.9961743588763824,0007,Centered,2029,logistic_regression,Transfer20
OR014@6_2,OR,2,1749.0,2.025309068001071e-06,0.9999509508440504,5.938183710003266e-07,4.643002851080116e-05,B,0.9999509508440504,0014,Centered,2029,logistic_regression,Transfer20
OR021@6_2,OR,2,1747.0,9.512322956412656e-05,8.453606055348019e-05,0.0038143952672014,0.996005945442681,OR,0.996005945442681,0021,Centered,2029,logistic_regression,Transfer20
OR007@12_2,OR,2,1749.0,0.0001565709713905,0.0002659211384235,0.0623836623026928,0.9371938455874932,OR,0.9371938455874932,0007,Opposite,2029,logistic_regression,Transfer20
OR021@12_2,OR,2,1746.0,1.3780418996620713e-05,4.553241902596455e-07,0.0039965653137927,0.9959891989430204,OR,0.9959891989430204,0021,Opposite,2029,logistic_regression,Transfer20
OR007@3_2,OR,2,1750.0,4.234841193303745e-05,1.5044212648238358e-05,0.0042746748907309,0.9956679324846875,OR,0.9956679324846875,0007,Orthogonal,2029,logistic_regression,Transfer20
OR021@3_2,OR,2,1746.0,0.0004387810937968,0.0015589999410367,0.0163033087686578,0.9816989101965086,OR,0.9816989101965086,0021,Orthogonal,2029,logistic_regression,Transfer20
N_2_(1750rpm),N,2,1750.0,0.9984194153992826,6.147691009443091e-05,3.1109332681848346e-06,0.0015159967573547,N,0.9984194153992826,,,2029,logistic_regression,Transfer20
B007_2,B,2,1747.0,0.0016016122,0.9624396,0.001417121,0.034541663,B,0.9624396,0007,,2029,mlp,Transfer20
B014_2,B,2,1748.0,0.0009735656,0.99649316,0.0020660185,0.00046731243,B,0.99649316,0014,,2029,mlp,Transfer20
B021_2,B,2,1754.0,0.00078710495,0.97917277,0.01950722,0.00053294125,B,0.97917277,0021,,2029,mlp,Transfer20
IR007_2,IR,2,1748.0,0.00066074874,0.0010038005,0.9978776,0.0004578543,IR,0.9978776,0007,,2029,mlp,Transfer20
IR014_2,IR,2,1751.0,0.0011411776,0.026753116,0.9511654,0.020940306,IR,0.9511654,0014,,2029,mlp,Transfer20
IR021_2,IR,2,1752.0,0.00091187906,0.00073570677,0.99765867,0.0006937608,IR,0.99765867,0021,,2029,mlp,Transfer20
N_2_(1750rpm),N,2,1750.0,0.9979834,0.00060492556,0.0002608056,0.0011508238,N,0.9979834,,,2029,mlp,Transfer20
OR007@12_2,OR,2,1749.0,0.00071392703,0.00014825397,0.004502273,0.9946355,OR,0.9946355,0007,Opposite,2029,mlp,Transfer20
OR007@3_2,OR,2,1750.0,0.00063985086,0.00012232158,0.0022340238,0.99700385,OR,0.99700385,0007,Orthogonal,2029,mlp,Transfer20
OR007@6_2,OR,2,1750.0,0.0007398804,0.00016403015,0.003168912,0.9959272,OR,0.9959272,0007,Centered,2029,mlp,Transfer20
OR014@6_2,OR,2,1749.0,0.004499771,0.17466012,0.06997418,0.75086594,OR,0.75086594,0014,Centered,2029,mlp,Transfer20
OR021@12_2,OR,2,1746.0,0.00081627344,0.00014149594,0.0028041143,0.9962382,OR,0.9962382,0021,Opposite,2029,mlp,Transfer20
OR021@3_2,OR,2,1746.0,0.00046614843,0.00017997749,0.0021650465,0.99718887,OR,0.99718887,0021,Orthogonal,2029,mlp,Transfer20
OR021@6_2,OR,2,1747.0,0.0011541274,0.0001535873,0.0018286547,0.99686366,OR,0.99686366,0021,Centered,2029,mlp,Transfer20
B007_3,B,3,1721.0,0.0226919156135998,0.8155051846717887,0.055024757974034,0.1067781417405772,B,0.8155051846717887,0007,,2029,logistic_regression,Transfer20
B014_3,B,3,1725.0,0.0069433240289012,0.9040178660945004,0.0068290157975725,0.0822097940790257,B,0.9040178660945004,0014,,2029,logistic_regression,Transfer20
B021_3,B,3,1729.0,0.0005404608895165,0.9833838943787736,0.0016368811607979,0.0144387635709119,B,0.9833838943787736,0021,,2029,logistic_regression,Transfer20
IR007_3,IR,3,1721.0,0.0445426405838682,0.0901543162037233,0.79392353194717,0.0713795112652383,IR,0.79392353194717,0007,,2029,logistic_regression,Transfer20
IR014_3,IR,3,1726.0,0.9993971812169292,0.0006020991438566,7.196389835317986e-07,2.306685232190224e-13,N,0.9993971812169292,0014,,2029,logistic_regression,Transfer20
IR021_3,IR,3,1727.0,0.0139834665450696,0.0924711924762848,0.7009824003343725,0.1925629406442729,IR,0.7009824003343725,0021,,2029,logistic_regression,Transfer20
OR007@6_3,OR,3,1725.0,0.0088184961035868,0.0279093600033677,0.1602072426099044,0.803064901283141,OR,0.803064901283141,0007,Centered,2029,logistic_regression,Transfer20
OR014@6_3,OR,3,1723.0,0.0366963453051555,0.5441892626693662,0.198588138897905,0.2205262531275732,B,0.5441892626693662,0014,Centered,2029,logistic_regression,Transfer20
OR021@6_3,OR,3,1719.0,0.0118232735515564,0.0572757276809915,0.1239729106993927,0.8069280880680594,OR,0.8069280880680594,0021,Centered,2029,logistic_regression,Transfer20
OR007@12_3,OR,3,1723.0,0.0115279247461348,0.0898149836900135,0.2784290638854438,0.6202280276784079,OR,0.6202280276784079,0007,Opposite,2029,logistic_regression,Transfer20
OR021@12_3,OR,3,1718.0,0.0066944518417723,0.0194210780437157,0.1927227780807645,0.7811616920337473,OR,0.7811616920337473,0021,Opposite,2029,logistic_regression,Transfer20
OR007@3_3,OR,3,1724.0,0.0115784995056313,0.0436888762136189,0.1174643134791138,0.8272683108016359,OR,0.8272683108016359,0007,Orthogonal,2029,logistic_regression,Transfer20
OR021@3_3,OR,3,1719.0,0.0253584469434645,0.0954507402812036,0.2823751774426911,0.5968156353326407,OR,0.5968156353326407,0021,Orthogonal,2029,logistic_regression,Transfer20
N_3,N,3,1725.0,0.9465879549664068,0.0180295813626671,0.0106224226008062,0.0247600410701196,N,0.9465879549664068,,,2029,logistic_regression,Transfer20
B007_3,B,3,1721.0,0.033710092,0.81455237,0.013344169,0.13839337,B,0.81455237,0007,,2029,mlp,Transfer20
B014_3,B,3,1725.0,0.025651975,0.8810707,0.018987617,0.07428975,B,0.8810707,0014,,2029,mlp,Transfer20
B021_3,B,3,1729.0,0.033516653,0.42423245,0.4571335,0.08511738,IR,0.4571335,0021,,2029,mlp,Transfer20
IR007_3,IR,3,1721.0,0.018804217,0.021899357,0.9301273,0.029169055,IR,0.9301273,0007,,2029,mlp,Transfer20
IR014_3,IR,3,1726.0,0.1323011,0.09014984,0.33703613,0.4405129,OR,0.4405129,0014,,2029,mlp,Transfer20
IR021_3,IR,3,1727.0,0.024236774,0.0282689,0.91940206,0.028092297,IR,0.91940206,0021,,2029,mlp,Transfer20
N_3,N,3,1725.0,0.9831677,0.0060324958,0.005154309,0.005645497,N,0.9831677,,,2029,mlp,Transfer20
OR007@12_3,OR,3,1723.0,0.012835316,0.08031445,0.028230892,0.8786193,OR,0.8786193,0007,Opposite,2029,mlp,Transfer20
OR007@3_3,OR,3,1724.0,0.010300612,0.039163444,0.016401537,0.9341344,OR,0.9341344,0007,Orthogonal,2029,mlp,Transfer20
OR007@6_3,OR,3,1725.0,0.010267173,0.032067575,0.021185534,0.9364797,OR,0.9364797,0007,Centered,2029,mlp,Transfer20
OR014@6_3,OR,3,1723.0,0.03222133,0.82467616,0.013337166,0.12976532,B,0.82467616,0014,Centered,2029,mlp,Transfer20
OR021@12_3,OR,3,1718.0,0.013859073,0.04133433,0.074714564,0.87009203,OR,0.87009203,0021,Opposite,2029,mlp,Transfer20
OR021@3_3,OR,3,1719.0,0.018281091,0.0683946,0.07563413,0.8376902,OR,0.8376902,0021,Orthogonal,2029,mlp,Transfer20
OR021@6_3,OR,3,1719.0,0.009181326,0.044306602,0.06647056,0.8800415,OR,0.8800415,0021,Centered,2029,mlp,Transfer20
