validation_scheme,outer_fold,model,feature,importance
lolo,1,random_forest,amp_rms_mean,0.024022127177112575
lolo,1,random_forest,amp_rms_std,0.019535950905903543
lolo,1,random_forest,amp_peak_mean,0.028441786128549123
lolo,1,random_forest,amp_peak_std,0.012120654957842791
lolo,1,random_forest,shape_skew_mean,0.007692555766580792
lolo,1,random_forest,shape_skew_std,0.0044504422325959405
lolo,1,random_forest,shape_kurtosis_mean,0.014346525548853427
lolo,1,random_forest,shape_kurtosis_std,0.0154489217976512
lolo,1,random_forest,shape_crest_mean,0.009462688931273094
lolo,1,random_forest,shape_crest_std,0.009192240621822808
lolo,1,random_forest,zcr_mean,0.02643916582293243
lolo,1,random_forest,zcr_std,0.002468616687543019
lolo,1,random_forest,psd_centroid_mean,0.01827077885398372
lolo,1,random_forest,psd_centroid_std,0.009483484643195015
lolo,1,random_forest,psd_bandwidth_mean,0.025293596860951114
lolo,1,random_forest,psd_bandwidth_std,0.006835277147623977
lolo,1,random_forest,psd_entropy_mean,0.003992766776386381
lolo,1,random_forest,psd_entropy_std,0.006736323254951152
lolo,1,random_forest,psd_peak_ratio_mean,0.014454460294685683
lolo,1,random_forest,psd_peak_ratio_std,0.025985531615877435
lolo,1,random_forest,env_rms_mean,0.022288587656036172
lolo,1,random_forest,env_rms_std,0.006503690534659009
lolo,1,random_forest,env_kurtosis_mean,0.019663884639530355
lolo,1,random_forest,env_kurtosis_std,0.00686741952779024
lolo,1,random_forest,env_entropy_mean,0.02556971375323809
lolo,1,random_forest,env_entropy_std,0.00868640219748996
lolo,1,random_forest,env_peak_ratio_mean,0.04038767613196145
lolo,1,random_forest,env_peak_ratio_std,0.010059904811533968
lolo,1,random_forest,psd_0_500_mean,0.030045322016593722
lolo,1,random_forest,psd_0_500_std,0.019417600922380884
lolo,1,random_forest,env_0_500_mean,0.024951108330077864
lolo,1,random_forest,env_0_500_std,0.04767835137117196
lolo,1,random_forest,psd_500_1000_mean,0.024276449906257352
lolo,1,random_forest,psd_500_1000_std,0.007004229609478737
lolo,1,random_forest,env_500_1000_mean,0.021963361554063195
lolo,1,random_forest,env_500_1000_std,0.046971040674140034
lolo,1,random_forest,psd_1000_2000_mean,0.008205916601736404
lolo,1,random_forest,psd_1000_2000_std,0.013759622914287097
lolo,1,random_forest,env_1000_2000_mean,0.007757609096270022
lolo,1,random_forest,env_1000_2000_std,0.011552279247436424
lolo,1,random_forest,env_2000_4000_mean,0.028748156979929527
lolo,1,random_forest,env_2000_4000_std,0.03062873806750075
lolo,1,random_forest,psd_4000_8000_mean,0.026791985181869097
lolo,1,random_forest,psd_4000_8000_std,0.018235799165871452
lolo,1,random_forest,order_0.5_2_mean,0.008819941135829215
lolo,1,random_forest,order_0.5_2_std,0.013106760912512156
lolo,1,random_forest,order_2_4_mean,0.018468800367883738
lolo,1,random_forest,order_2_4_std,0.04385172000438165
lolo,1,random_forest,order_4_8_mean,0.038919344696792875
lolo,1,random_forest,order_4_8_std,0.017425244316902098
lolo,1,random_forest,order_8_16_mean,0.018048763754363976
lolo,1,random_forest,order_8_16_std,0.04867067789371552
lolo,2,random_forest,amp_rms_mean,0.02642439164319672
lolo,2,random_forest,amp_rms_std,0.008230789301962069
lolo,2,random_forest,amp_peak_mean,0.030749824627928246
lolo,2,random_forest,amp_peak_std,0.02172848276872046
lolo,2,random_forest,shape_skew_mean,0.007229233233453008
lolo,2,random_forest,shape_skew_std,0.004319703115536014
lolo,2,random_forest,shape_kurtosis_mean,0.023731584001870178
lolo,2,random_forest,shape_kurtosis_std,0.006578703667760369
lolo,2,random_forest,shape_crest_mean,0.013193008123213498
lolo,2,random_forest,shape_crest_std,0.013601703266229948
lolo,2,random_forest,zcr_mean,0.025092868747334008
lolo,2,random_forest,zcr_std,0.004575503605238756
lolo,2,random_forest,psd_centroid_mean,0.03422300620217437
lolo,2,random_forest,psd_centroid_std,0.00673109375836168
lolo,2,random_forest,psd_bandwidth_mean,0.026698999118331953
lolo,2,random_forest,psd_bandwidth_std,0.013181209495489423
lolo,2,random_forest,psd_entropy_mean,0.004638402813135292
lolo,2,random_forest,psd_entropy_std,0.013048960137456008
lolo,2,random_forest,psd_peak_ratio_mean,0.012372816086570313
lolo,2,random_forest,psd_peak_ratio_std,0.011636554959344342
lolo,2,random_forest,env_rms_mean,0.026151420094466152
lolo,2,random_forest,env_rms_std,0.007489786713143812
lolo,2,random_forest,env_kurtosis_mean,0.027182860633322713
lolo,2,random_forest,env_kurtosis_std,0.0030053337167182726
lolo,2,random_forest,env_entropy_mean,0.02613963555651532
lolo,2,random_forest,env_entropy_std,0.0083668958103785
lolo,2,random_forest,env_peak_ratio_mean,0.038472934051135645
lolo,2,random_forest,env_peak_ratio_std,0.0068260071483468255
lolo,2,random_forest,psd_0_500_mean,0.01824258245470307
lolo,2,random_forest,psd_0_500_std,0.02551707765545031
lolo,2,random_forest,env_0_500_mean,0.022808402118880796
lolo,2,random_forest,env_0_500_std,0.022246022926875927
lolo,2,random_forest,psd_500_1000_mean,0.02367954438030268
lolo,2,random_forest,psd_500_1000_std,0.012844946221550944
lolo,2,random_forest,env_500_1000_mean,0.019209192585241095
lolo,2,random_forest,env_500_1000_std,0.024444965380951967
lolo,2,random_forest,psd_1000_2000_mean,0.0156292117999647
lolo,2,random_forest,psd_1000_2000_std,0.023014307343631954
lolo,2,random_forest,env_1000_2000_mean,0.010372136747951092
lolo,2,random_forest,env_1000_2000_std,0.023281165655365095
lolo,2,random_forest,env_2000_4000_mean,0.023042627185107946
lolo,2,random_forest,env_2000_4000_std,0.04035766701154632
lolo,2,random_forest,psd_4000_8000_mean,0.02829830266749906
lolo,2,random_forest,psd_4000_8000_std,0.01462404716613063
lolo,2,random_forest,order_0.5_2_mean,0.01276628780950338
lolo,2,random_forest,order_0.5_2_std,0.014660058708535605
lolo,2,random_forest,order_2_4_mean,0.017922812690248025
lolo,2,random_forest,order_2_4_std,0.029308982815814708
lolo,2,random_forest,order_4_8_mean,0.026810097498170666
lolo,2,random_forest,order_4_8_std,0.015057089456814865
lolo,2,random_forest,order_8_16_mean,0.0332096567873942
lolo,2,random_forest,order_8_16_std,0.05103110253503113
lolo,3,random_forest,amp_rms_mean,0.016867884939008218
lolo,3,random_forest,amp_rms_std,0.007674248974862357
lolo,3,random_forest,amp_peak_mean,0.02902270280429952
lolo,3,random_forest,amp_peak_std,0.0066561985750057595
lolo,3,random_forest,shape_skew_mean,0.0030970524686058736
lolo,3,random_forest,shape_skew_std,0.00034833293695134103
lolo,3,random_forest,shape_kurtosis_mean,0.017707133761984437
lolo,3,random_forest,shape_kurtosis_std,0.0029636644825353944
lolo,3,random_forest,shape_crest_mean,0.01320222887856337
lolo,3,random_forest,shape_crest_std,0.005797916422572131
lolo,3,random_forest,zcr_mean,0.027985428925708798
lolo,3,random_forest,zcr_std,0.003960685756275518
lolo,3,random_forest,psd_centroid_mean,0.010260896469691189
lolo,3,random_forest,psd_centroid_std,0.00341344887203334
lolo,3,random_forest,psd_bandwidth_mean,0.028413528011237713
lolo,3,random_forest,psd_bandwidth_std,0.005229209377461487
lolo,3,random_forest,psd_entropy_mean,0.0017548376323397988
lolo,3,random_forest,psd_entropy_std,0.005025656686661032
lolo,3,random_forest,psd_peak_ratio_mean,0.015487232473008017
lolo,3,random_forest,psd_peak_ratio_std,0.006242417324248527
lolo,3,random_forest,env_rms_mean,0.012462704411670652
lolo,3,random_forest,env_rms_std,0.005977341400835364
lolo,3,random_forest,env_kurtosis_mean,0.01702815227659956
lolo,3,random_forest,env_kurtosis_std,0.00207380961195654
lolo,3,random_forest,env_entropy_mean,0.0272543130089765
lolo,3,random_forest,env_entropy_std,0.005966371165357257
lolo,3,random_forest,env_peak_ratio_mean,0.05738730783755241
lolo,3,random_forest,env_peak_ratio_std,0.005093990681314669
lolo,3,random_forest,psd_0_500_mean,0.014939278664701239
lolo,3,random_forest,psd_0_500_std,0.017689643129628
lolo,3,random_forest,env_0_500_mean,0.019305130325405925
lolo,3,random_forest,env_0_500_std,0.013641877740423528
lolo,3,random_forest,psd_500_1000_mean,0.029014177483302327
lolo,3,random_forest,psd_500_1000_std,0.0064676939420139
lolo,3,random_forest,env_500_1000_mean,0.032968732761809755
lolo,3,random_forest,env_500_1000_std,0.03941029444010442
lolo,3,random_forest,psd_1000_2000_mean,0.0035333910848061962
lolo,3,random_forest,psd_1000_2000_std,0.004422119959148052
lolo,3,random_forest,env_1000_2000_mean,0.004048481798127113
lolo,3,random_forest,env_1000_2000_std,0.0385754458000333
lolo,3,random_forest,env_2000_4000_mean,0.021181406856272983
lolo,3,random_forest,env_2000_4000_std,0.048556602309335346
lolo,3,random_forest,psd_4000_8000_mean,0.023006844613320237
lolo,3,random_forest,psd_4000_8000_std,0.022365204872987418
lolo,3,random_forest,order_0.5_2_mean,0.002639319476788952
lolo,3,random_forest,order_0.5_2_std,0.009353670572358407
lolo,3,random_forest,order_2_4_mean,0.013210170748381675
lolo,3,random_forest,order_2_4_std,0.03806555656274891
lolo,3,random_forest,order_4_8_mean,0.08590594848666043
lolo,3,random_forest,order_4_8_std,0.022146874627572533
lolo,3,random_forest,order_8_16_mean,0.04263155466395822
lolo,3,random_forest,order_8_16_std,0.10256588291279448
lolo,4,random_forest,amp_rms_mean,0.02323425345936346
lolo,4,random_forest,amp_rms_std,0.012155945246604908
lolo,4,random_forest,amp_peak_mean,0.030864411785806598
lolo,4,random_forest,amp_peak_std,0.011091564023247706
lolo,4,random_forest,shape_skew_mean,0.006145526053389812
lolo,4,random_forest,shape_skew_std,0.0034929198878718695
lolo,4,random_forest,shape_kurtosis_mean,0.020477306284382102
lolo,4,random_forest,shape_kurtosis_std,0.005235517605357487
lolo,4,random_forest,shape_crest_mean,0.029577141994866895
lolo,4,random_forest,shape_crest_std,0.01009525493662499
lolo,4,random_forest,zcr_mean,0.024031771787190175
lolo,4,random_forest,zcr_std,0.00753934201195918
lolo,4,random_forest,psd_centroid_mean,0.0219974526508089
lolo,4,random_forest,psd_centroid_std,0.007008121532073988
lolo,4,random_forest,psd_bandwidth_mean,0.018928631778574515
lolo,4,random_forest,psd_bandwidth_std,0.014917361253901284
lolo,4,random_forest,psd_entropy_mean,0.004298076254056239
lolo,4,random_forest,psd_entropy_std,0.0064119672213546605
lolo,4,random_forest,psd_peak_ratio_mean,0.010465488852677582
lolo,4,random_forest,psd_peak_ratio_std,0.012665112111973032
lolo,4,random_forest,env_rms_mean,0.02924440986194807
lolo,4,random_forest,env_rms_std,0.00756383620908663
lolo,4,random_forest,env_kurtosis_mean,0.02664975308845465
lolo,4,random_forest,env_kurtosis_std,0.005885228463218575
lolo,4,random_forest,env_entropy_mean,0.023322374221093192
lolo,4,random_forest,env_entropy_std,0.007698371158563679
lolo,4,random_forest,env_peak_ratio_mean,0.033218691887184564
lolo,4,random_forest,env_peak_ratio_std,0.005772997689820035
lolo,4,random_forest,psd_0_500_mean,0.01568692252213625
lolo,4,random_forest,psd_0_500_std,0.02176402435366944
lolo,4,random_forest,env_0_500_mean,0.021580836707197126
lolo,4,random_forest,env_0_500_std,0.028532937939124953
lolo,4,random_forest,psd_500_1000_mean,0.019721719746864968
lolo,4,random_forest,psd_500_1000_std,0.017565571187229692
lolo,4,random_forest,env_500_1000_mean,0.021047461199848867
lolo,4,random_forest,env_500_1000_std,0.035839341120013905
lolo,4,random_forest,psd_1000_2000_mean,0.009058699262543646
lolo,4,random_forest,psd_1000_2000_std,0.027387464686721735
lolo,4,random_forest,env_1000_2000_mean,0.006463892741648494
lolo,4,random_forest,env_1000_2000_std,0.024868614930675305
lolo,4,random_forest,env_2000_4000_mean,0.024038953727902677
lolo,4,random_forest,env_2000_4000_std,0.04726361951907777
lolo,4,random_forest,psd_4000_8000_mean,0.02216319186464071
lolo,4,random_forest,psd_4000_8000_std,0.019480831336360967
lolo,4,random_forest,order_0.5_2_mean,0.01068665587432292
lolo,4,random_forest,order_0.5_2_std,0.009833853895631437
lolo,4,random_forest,order_2_4_mean,0.019897137887267758
lolo,4,random_forest,order_2_4_std,0.03162252465066943
lolo,4,random_forest,order_4_8_mean,0.051538121896339904
lolo,4,random_forest,order_4_8_std,0.018657914528587005
lolo,4,random_forest,order_8_16_mean,0.03469467199483167
lolo,4,random_forest,order_8_16_std,0.04061620711523878
group_cv,1,random_forest,amp_rms_mean,0.02566399960605663
group_cv,1,random_forest,amp_rms_std,0.011923570302756457
group_cv,1,random_forest,amp_peak_mean,0.03747873158473779
group_cv,1,random_forest,amp_peak_std,0.010219646086868574
group_cv,1,random_forest,shape_skew_mean,0.008175198617617865
group_cv,1,random_forest,shape_skew_std,0.013158957961811315
group_cv,1,random_forest,shape_kurtosis_mean,0.013720869490084768
group_cv,1,random_forest,shape_kurtosis_std,0.004059913115367743
group_cv,1,random_forest,shape_crest_mean,0.006332353760309523
group_cv,1,random_forest,shape_crest_std,0.003567653040141249
group_cv,1,random_forest,zcr_mean,0.030852551566888382
group_cv,1,random_forest,zcr_std,0.002070128401554968
group_cv,1,random_forest,psd_centroid_mean,0.01335068781426789
group_cv,1,random_forest,psd_centroid_std,0.0031181476181997027
group_cv,1,random_forest,psd_bandwidth_mean,0.029401080518063002
group_cv,1,random_forest,psd_bandwidth_std,0.002524874653756367
group_cv,1,random_forest,psd_entropy_mean,0.0039017907482331586
group_cv,1,random_forest,psd_entropy_std,0.0032290553884175635
group_cv,1,random_forest,psd_peak_ratio_mean,0.015851836259034125
group_cv,1,random_forest,psd_peak_ratio_std,0.017900300591723088
group_cv,1,random_forest,env_rms_mean,0.01510868015012157
group_cv,1,random_forest,env_rms_std,0.004701683639637252
group_cv,1,random_forest,env_kurtosis_mean,0.012709279370367919
group_cv,1,random_forest,env_kurtosis_std,0.0008378963168349172
group_cv,1,random_forest,env_entropy_mean,0.032364326370474136
group_cv,1,random_forest,env_entropy_std,0.004482735402346435
group_cv,1,random_forest,env_peak_ratio_mean,0.09000904516008226
group_cv,1,random_forest,env_peak_ratio_std,0.008209545238833655
group_cv,1,random_forest,psd_0_500_mean,0.02618583545208444
group_cv,1,random_forest,psd_0_500_std,0.02270204182095673
group_cv,1,random_forest,env_0_500_mean,0.01676266262898231
group_cv,1,random_forest,env_0_500_std,0.016494609694106727
group_cv,1,random_forest,psd_500_1000_mean,0.02892350992514197
group_cv,1,random_forest,psd_500_1000_std,0.004874310275372307
group_cv,1,random_forest,env_500_1000_mean,0.03218270392557532
group_cv,1,random_forest,env_500_1000_std,0.028792928615615235
group_cv,1,random_forest,psd_1000_2000_mean,0.006613144699911289
group_cv,1,random_forest,psd_1000_2000_std,0.006075800795570417
group_cv,1,random_forest,env_1000_2000_mean,0.005129538502260957
group_cv,1,random_forest,env_1000_2000_std,0.008697237700825122
group_cv,1,random_forest,env_2000_4000_mean,0.02752178707659598
group_cv,1,random_forest,env_2000_4000_std,0.036298888118627554
group_cv,1,random_forest,psd_4000_8000_mean,0.02712373333988809
group_cv,1,random_forest,psd_4000_8000_std,0.020840535292935745
group_cv,1,random_forest,order_0.5_2_mean,0.003049655431645338
group_cv,1,random_forest,order_0.5_2_std,0.006764534628292547
group_cv,1,random_forest,order_2_4_mean,0.017957678535683114
group_cv,1,random_forest,order_2_4_std,0.04618413283088793
group_cv,1,random_forest,order_4_8_mean,0.05255480374212247
group_cv,1,random_forest,order_4_8_std,0.02408168118385943
group_cv,1,random_forest,order_8_16_mean,0.030737667428356586
group_cv,1,random_forest,order_8_16_std,0.07852603958011406
group_cv,2,random_forest,amp_rms_mean,0.01671204271224628
group_cv,2,random_forest,amp_rms_std,0.005643464656534356
group_cv,2,random_forest,amp_peak_mean,0.02412704968911005
group_cv,2,random_forest,amp_peak_std,0.010221962220160084
group_cv,2,random_forest,shape_skew_mean,0.005558733777010938
group_cv,2,random_forest,shape_skew_std,0.0025362788154427354
group_cv,2,random_forest,shape_kurtosis_mean,0.015859150169127808
group_cv,2,random_forest,shape_kurtosis_std,0.005469051888473477
group_cv,2,random_forest,shape_crest_mean,0.009784198816519572
group_cv,2,random_forest,shape_crest_std,0.0021010521467205237
group_cv,2,random_forest,zcr_mean,0.02335204519161021
group_cv,2,random_forest,zcr_std,0.0033410590831308954
group_cv,2,random_forest,psd_centroid_mean,0.029173501284719513
group_cv,2,random_forest,psd_centroid_std,0.0019818651713031897
group_cv,2,random_forest,psd_bandwidth_mean,0.02344769224092472
group_cv,2,random_forest,psd_bandwidth_std,0.002966504510977599
group_cv,2,random_forest,psd_entropy_mean,0.0011487415266647379
group_cv,2,random_forest,psd_entropy_std,0.007116898124166906
group_cv,2,random_forest,psd_peak_ratio_mean,0.011796832873258096
group_cv,2,random_forest,psd_peak_ratio_std,0.011936727338554345
group_cv,2,random_forest,env_rms_mean,0.014356758450553111
group_cv,2,random_forest,env_rms_std,0.0049486381622236165
group_cv,2,random_forest,env_kurtosis_mean,0.016330276646863904
group_cv,2,random_forest,env_kurtosis_std,0.0015556519481795094
group_cv,2,random_forest,env_entropy_mean,0.03507644994551771
group_cv,2,random_forest,env_entropy_std,0.004842469736432776
group_cv,2,random_forest,env_peak_ratio_mean,0.0518801492457984
group_cv,2,random_forest,env_peak_ratio_std,0.005684516371581192
group_cv,2,random_forest,psd_0_500_mean,0.010319862488530295
group_cv,2,random_forest,psd_0_500_std,0.014866266402692556
group_cv,2,random_forest,env_0_500_mean,0.018962792243552382
group_cv,2,random_forest,env_0_500_std,0.02475404778171028
group_cv,2,random_forest,psd_500_1000_mean,0.03884747655978643
group_cv,2,random_forest,psd_500_1000_std,0.00926905145041887
group_cv,2,random_forest,env_500_1000_mean,0.03718177543773742
group_cv,2,random_forest,env_500_1000_std,0.07869313092754383
group_cv,2,random_forest,psd_1000_2000_mean,0.01045947194076653
group_cv,2,random_forest,psd_1000_2000_std,0.006214872100980666
group_cv,2,random_forest,env_1000_2000_mean,0.0033079651193055762
group_cv,2,random_forest,env_1000_2000_std,0.017374143141984547
group_cv,2,random_forest,env_2000_4000_mean,0.03483203381274176
group_cv,2,random_forest,env_2000_4000_std,0.022340697962837167
group_cv,2,random_forest,psd_4000_8000_mean,0.027497027035152687
group_cv,2,random_forest,psd_4000_8000_std,0.024357292275904784
group_cv,2,random_forest,order_0.5_2_mean,0.00489282333481103
group_cv,2,random_forest,order_0.5_2_std,0.007973669694191604
group_cv,2,random_forest,order_2_4_mean,0.007858296041748949
group_cv,2,random_forest,order_2_4_std,0.04906394112297189
group_cv,2,random_forest,order_4_8_mean,0.04184544568317287
group_cv,2,random_forest,order_4_8_std,0.014630356388956283
group_cv,2,random_forest,order_8_16_mean,0.028075646182569178
group_cv,2,random_forest,order_8_16_std,0.11743215212612625
group_cv,3,random_forest,amp_rms_mean,0.013245986170305523
group_cv,3,random_forest,amp_rms_std,0.009707525780280293
group_cv,3,random_forest,amp_peak_mean,0.022955023882783008
group_cv,3,random_forest,amp_peak_std,0.00643990827312179
group_cv,3,random_forest,shape_skew_mean,0.0036826290210830747
group_cv,3,random_forest,shape_skew_std,0.003933895724541143
group_cv,3,random_forest,shape_kurtosis_mean,0.012424712094178895
group_cv,3,random_forest,shape_kurtosis_std,0.004717003412981756
group_cv,3,random_forest,shape_crest_mean,0.013690957166797824
group_cv,3,random_forest,shape_crest_std,0.0031768924485867365
group_cv,3,random_forest,zcr_mean,0.026801680155664212
group_cv,3,random_forest,zcr_std,0.004424224269381722
group_cv,3,random_forest,psd_centroid_mean,0.012281606980499711
group_cv,3,random_forest,psd_centroid_std,0.004219558846391048
group_cv,3,random_forest,psd_bandwidth_mean,0.022411373184979662
group_cv,3,random_forest,psd_bandwidth_std,0.007775825753116821
group_cv,3,random_forest,psd_entropy_mean,0.003473144046170834
group_cv,3,random_forest,psd_entropy_std,0.009002237722163246
group_cv,3,random_forest,psd_peak_ratio_mean,0.020016413724226148
group_cv,3,random_forest,psd_peak_ratio_std,0.004375468113788457
group_cv,3,random_forest,env_rms_mean,0.013747022924770884
group_cv,3,random_forest,env_rms_std,0.0027758274343033084
group_cv,3,random_forest,env_kurtosis_mean,0.016771154181209273
group_cv,3,random_forest,env_kurtosis_std,0.005729111730378647
group_cv,3,random_forest,env_entropy_mean,0.02671812135967204
group_cv,3,random_forest,env_entropy_std,0.0037647159267028747
group_cv,3,random_forest,env_peak_ratio_mean,0.027635752721899085
group_cv,3,random_forest,env_peak_ratio_std,0.004805692096740004
group_cv,3,random_forest,psd_0_500_mean,0.01297987623837443
group_cv,3,random_forest,psd_0_500_std,0.03165520294082929
group_cv,3,random_forest,env_0_500_mean,0.013211644757027897
group_cv,3,random_forest,env_0_500_std,0.04345301079155603
group_cv,3,random_forest,psd_500_1000_mean,0.03155842676669141
group_cv,3,random_forest,psd_500_1000_std,0.008028524276775612
group_cv,3,random_forest,env_500_1000_mean,0.02011009876585915
group_cv,3,random_forest,env_500_1000_std,0.058472771744410616
group_cv,3,random_forest,psd_1000_2000_mean,0.006107606946995351
group_cv,3,random_forest,psd_1000_2000_std,0.005481646746828201
group_cv,3,random_forest,env_1000_2000_mean,0.004471674013242106
group_cv,3,random_forest,env_1000_2000_std,0.018659273717309917
group_cv,3,random_forest,env_2000_4000_mean,0.02092528645816865
group_cv,3,random_forest,env_2000_4000_std,0.08015799192050922
group_cv,3,random_forest,psd_4000_8000_mean,0.022651812138350717
group_cv,3,random_forest,psd_4000_8000_std,0.03012357555188198
group_cv,3,random_forest,order_0.5_2_mean,0.0018595706907547787
group_cv,3,random_forest,order_0.5_2_std,0.005252019023749411
group_cv,3,random_forest,order_2_4_mean,0.00903682021541917
group_cv,3,random_forest,order_2_4_std,0.036863127677954105
group_cv,3,random_forest,order_4_8_mean,0.11303588413068605
group_cv,3,random_forest,order_4_8_std,0.020573167414838105
group_cv,3,random_forest,order_8_16_mean,0.025812160310575864
group_cv,3,random_forest,order_8_16_std,0.0688153616144941
group_cv,4,random_forest,amp_rms_mean,0.027755705692775978
group_cv,4,random_forest,amp_rms_std,0.009915664532504894
group_cv,4,random_forest,amp_peak_mean,0.03552046761250273
group_cv,4,random_forest,amp_peak_std,0.010211856665688452
group_cv,4,random_forest,shape_skew_mean,0.0072258752794551835
group_cv,4,random_forest,shape_skew_std,0.002006315421348624
group_cv,4,random_forest,shape_kurtosis_mean,0.022194147370778624
group_cv,4,random_forest,shape_kurtosis_std,0.0047958912090853905
group_cv,4,random_forest,shape_crest_mean,0.015487731285929698
group_cv,4,random_forest,shape_crest_std,0.01026367768984008
group_cv,4,random_forest,zcr_mean,0.027149598992545997
group_cv,4,random_forest,zcr_std,0.005061966167097403
group_cv,4,random_forest,psd_centroid_mean,0.018865680358319585
group_cv,4,random_forest,psd_centroid_std,0.013826326236012612
group_cv,4,random_forest,psd_bandwidth_mean,0.02078455319776141
group_cv,4,random_forest,psd_bandwidth_std,0.01816867482808944
group_cv,4,random_forest,psd_entropy_mean,0.004012112141925327
group_cv,4,random_forest,psd_entropy_std,0.007275284963372186
group_cv,4,random_forest,psd_peak_ratio_mean,0.015569571865016556
group_cv,4,random_forest,psd_peak_ratio_std,0.01384143278154616
group_cv,4,random_forest,env_rms_mean,0.026299087505472864
group_cv,4,random_forest,env_rms_std,0.007336194761986624
group_cv,4,random_forest,env_kurtosis_mean,0.027393883722123966
group_cv,4,random_forest,env_kurtosis_std,0.0028117175786877145
group_cv,4,random_forest,env_entropy_mean,0.023770779407173873
group_cv,4,random_forest,env_entropy_std,0.007721104878454555
group_cv,4,random_forest,env_peak_ratio_mean,0.04079355881772763
group_cv,4,random_forest,env_peak_ratio_std,0.004114658581812585
group_cv,4,random_forest,psd_0_500_mean,0.019626448098982244
group_cv,4,random_forest,psd_0_500_std,0.025943397213595218
group_cv,4,random_forest,env_0_500_mean,0.02078566206879878
group_cv,4,random_forest,env_0_500_std,0.022680883386837325
group_cv,4,random_forest,psd_500_1000_mean,0.018522985210751172
group_cv,4,random_forest,psd_500_1000_std,0.011962681808187273
group_cv,4,random_forest,env_500_1000_mean,0.01992613006176335
group_cv,4,random_forest,env_500_1000_std,0.015243647049415377
group_cv,4,random_forest,psd_1000_2000_mean,0.010677766991170696
group_cv,4,random_forest,psd_1000_2000_std,0.03595142388028946
group_cv,4,random_forest,env_1000_2000_mean,0.0074727155935770005
group_cv,4,random_forest,env_1000_2000_std,0.03192230327633749
group_cv,4,random_forest,env_2000_4000_mean,0.02243975206769815
group_cv,4,random_forest,env_2000_4000_std,0.04319376626545463
group_cv,4,random_forest,psd_4000_8000_mean,0.0292014690291001
group_cv,4,random_forest,psd_4000_8000_std,0.02081084112411441
group_cv,4,random_forest,order_0.5_2_mean,0.012409461213726146
group_cv,4,random_forest,order_0.5_2_std,0.013061343700357055
group_cv,4,random_forest,order_2_4_mean,0.024860676906197633
group_cv,4,random_forest,order_2_4_std,0.030587861161307288
group_cv,4,random_forest,order_4_8_mean,0.03609930569700987
group_cv,4,random_forest,order_4_8_std,0.013688349284975457
group_cv,4,random_forest,order_8_16_mean,0.03205971158866427
group_cv,4,random_forest,order_8_16_std,0.0506978977766534
