file_id,file_path,domain,branch,label,sampling_rate,rpm,signal_length,finite_fraction,zero_fraction,mean,std,rms,max_abs,peak_tie_fraction,sha256,exact_duplicate_count,robust_z_log_rms,robust_z_log_peak,robust_z_length,quality_status
B007_0,数据集/数据集/源域数据集/12kHz_DE_data/B/0007/B007_0.mat,source,12k_DE,B,12000,1796.0,96000,1.0,0.0,0.0001438011957519599,0.13779018685383246,0.13779026189102755,0.6196271283792647,1.0416666666666666e-05,10a16235e27ad62790e4ec8ca00febeafe5f16cb5fa541e6a8e376d5d4c5a0e8,1,-0.5489004790597779,-0.7053521857902082,0.0,ok
B007_1,数据集/数据集/源域数据集/12kHz_DE_data/B/0007/B007_1.mat,source,12k_DE,B,12000,1772.0,96000,1.0,0.0,-7.31172759162077e-05,0.13885010042682341,0.1388501196782883,0.6635408970738204,1.0416666666666666e-05,a1ce5331e77e8a27bf36f9f5a98bc0fc1a937652943a985151916bbb36741d7e,1,-0.460694119698214,-0.6639026204203566,0.0,ok
B007_2,数据集/数据集/源域数据集/12kHz_DE_data/B/0007/B007_2.mat,source,12k_DE,B,12000,1748.0,96000,1.0,0.0,-5.491240066071373e-05,0.14750608298769208,0.14750609320886934,0.6000194379078888,1.0416666666666666e-05,bd308ede20e5a2b174c76f63cb809e3828c5e82dd53ee7d8ce05fcbc27e39f64,1,0.2566388732394364,-0.7242238452656502,0.0,ok
B007_3,数据集/数据集/源域数据集/12kHz_DE_data/B/0007/B007_3.mat,source,12k_DE,B,12000,1722.0,96000,1.0,0.0,-4.247563542849625e-05,0.15410751479769783,0.15410752065133698,0.7247619405123412,1.0416666666666666e-05,f6d41f3c0c5058eff5108bcd4c050684244eabf3a8ab7a1b88649f9b311844a2,1,0.8000810398934125,-0.6079072328353734,0.0,ok
B014_0,数据集/数据集/源域数据集/12kHz_DE_data/B/0014/B014_0.mat,source,12k_DE,B,12000,1796.0,96000,1.0,0.0,-5.6534574718572616e-05,0.14751519995635212,0.14751521078966973,2.2734648468416156,1.0416666666666666e-05,babb1c455e9197152262a62339b31d4c408efb75468af3408bf9b29592a33b1a,1,0.25739160389792504,0.384870115883033,0.0,ok
B014_1,数据集/数据集/源域数据集/12kHz_DE_data/B/0014/B014_1.mat,source,12k_DE,B,12000,1772.0,96000,1.0,0.0,-2.0499069393389362e-05,0.1413057623275622,0.14130576381445076,1.335240041973105,1.0416666666666666e-05,d6c8e3c9b77f77d047295073019308e662922cd17a3269d48429733d1f37dcca,1,-0.2566388732394364,-0.13840692795509252,0.0,ok
B014_2,数据集/数据集/源域数据集/12kHz_DE_data/B/0014/B014_2.mat,source,12k_DE,B,12000,1749.0,96000,1.0,0.0,-4.450871810110668e-05,0.14755633563395226,0.14755634234673057,1.8345112187049695,1.0416666666666666e-05,4d0d102e123e13406285f3c0792bea2bd9086685486a4e8c1bee34d8f0db1226,1,0.2607872750568579,0.16179191282061944,0.0,ok
B014_3,数据集/数据集/源域数据集/12kHz_DE_data/B/0014/B014_3.mat,source,12k_DE,B,12000,1724.0,96000,1.0,0.0,1.2020254461359561e-05,0.13886220809922117,0.13886220861947257,1.9846451308495212,1.0416666666666666e-05,a2e94b4cbbd72e62e1e56b80ca742400edd732bc77279a855c1d69b2b1ba197f,1,-0.45968849461394506,0.2417572262687591,0.0,ok
B021_0,数据集/数据集/源域数据集/12kHz_DE_data/B/0021/B021_0.mat,source,12k_DE,B,12000,1796.0,96000,1.0,0.0,0.0007516507848186015,0.1384696592376684,0.13847169930458111,1.6392407790679757,1.0416666666666666e-05,b13de536c1921770ffe4855227bd821c9590891c73e95d12d3d157483fb555e3,1,-0.4921786205712554,0.051200297581948356,0.0,ok
B021_1,数据集/数据集/源域数据集/12kHz_DE_data/B/0021/B021_1.mat,source,12k_DE,B,12000,1774.0,96000,1.0,0.0,6.023228024714816e-05,0.12340460927235733,0.12340462397167605,1.4704485493111852,1.0416666666666666e-05,b9907e6e91e4fad5d827bd7d71858d9f59ee8a2641a97ed8313d2d7ce180db12,1,-1.7543351972358967,-0.051200297581948356,0.0,ok
B021_2,数据集/数据集/源域数据集/12kHz_DE_data/B/0021/B021_2.mat,source,12k_DE,B,12000,1754.0,96000,1.0,0.0,7.586666886883512e-06,0.10739659548788877,0.10739659575585589,0.6409589116539961,1.0416666666666666e-05,e457b2c7e435dffbb38766a81469e3b438bbf8784e878d6638c8d62dc6d631e8,1,-3.113997723606854,-0.6850788985328338,0.0,ok
B021_3,数据集/数据集/源域数据集/12kHz_DE_data/B/0021/B021_3.mat,source,12k_DE,B,12000,1729.0,96000,1.0,0.0,-3.83960566413788e-06,0.11792775052058671,0.11792775058309352,0.5096462868060957,1.0416666666666666e-05,1f5395e8173b45e5f75fbd570c94f9c3de7b354f2db006a31b7cfb6d8b131530,1,-2.2173277517051866,-0.8143051176000814,0.0,ok
B028_0_(1797rpm),数据集/数据集/源域数据集/12kHz_DE_data/B/0028/B028_0_(1797rpm).mat,source,12k_DE,B,12000,1797.0,96000,1.0,0.0,0.0038460027474984185,2.074486078384732,2.0744896435386697,10.735533897191248,1.0416666666666666e-05,1244f96c3a9ed66a0593edb13bdd692b575210ad6cb205e7ceb20bbd311f1f93,1,93.62386720854884,2.3630689472396127,0.0,distribution_review
B028_1_(1772rpm),数据集/数据集/源域数据集/12kHz_DE_data/B/0028/B028_1_(1772rpm).mat,source,12k_DE,B,12000,1772.0,96000,1.0,0.0,0.0027797833466872736,2.0242890751181575,2.0242909837368193,11.66475407731127,1.0416666666666666e-05,aea9d1ed1293ed8edb82ac694c27d492963e9497d2209fecdee6bbc60f5242a7,1,92.06429450991514,2.481133694077323,0.0,distribution_review
B028_2_(1750rpm),数据集/数据集/源域数据集/12kHz_DE_data/B/0028/B028_2_(1750rpm).mat,source,12k_DE,B,12000,1750.0,96000,1.0,0.0,-0.0011089797048423366,2.1437914486669634,2.1437917355036107,10.441634477572242,1.0416666666666666e-05,9db52b2ce2ade172f08f84b27f1bc5d2f719a5c2831901a761a4aaaba9c99fb6,1,95.73560825774743,2.323772968352468,0.0,distribution_review
B028_3_(1730rpm),数据集/数据集/源域数据集/12kHz_DE_data/B/0028/B028_3_(1730rpm).mat,source,12k_DE,B,12000,1730.0,96000,1.0,0.0,0.001276372460312533,2.1435114989293096,2.143511878942786,11.344945952858229,1.0416666666666666e-05,ba0e66c94e6ffcb752324eb8d00efdcc69b5c23082da86d0b89c062d0f2248b1,1,95.72717456517908,2.441506697022249,0.0,distribution_review
IR007_0,数据集/数据集/源域数据集/12kHz_DE_data/IR/0007/IR007_0.mat,source,12k_DE,IR,12000,1797.0,96000,1.0,0.0,-0.00011440172994735735,0.29137344675685484,0.29137346921558516,1.7255869395587253,1.0416666666666666e-05,1ff41fc13fbafc1e991fa00813fdb607c1655b6c565d3150f1b5de6fd6e92b39,1,-0.34683160248533573,-0.8288038112359624,0.0,ok
IR007_1,数据集/数据集/源域数据集/12kHz_DE_data/IR/0007/IR007_1.mat,source,12k_DE,IR,12000,1772.0,96000,1.0,0.0,0.00010538706167513466,0.2922843042876915,0.2922843232870566,1.5730684733216551,1.0416666666666666e-05,03a7c96340b366b83b4d786165d91db668082bd08d6aad7af5ffd06a429a6fdb,1,-0.34297178544266854,-0.9752307890645344,0.0,ok
IR007_2,数据集/数据集/源域数据集/12kHz_DE_data/IR/0007/IR007_2.mat,source,12k_DE,IR,12000,1748.0,96000,1.0,0.0,4.5837695487301026e-05,0.2998520267303229,0.2998520302338749,1.635068278800361,1.0416666666666666e-05,c682d3372a00027b5dca5c81c695e0f020524e7977e709ae78453b55603c0e4d,1,-0.3110078249682334,-0.9146865501108937,0.0,ok
IR007_3,数据集/数据集/源域数据集/12kHz_DE_data/IR/0007/IR007_3.mat,source,12k_DE,IR,12000,1721.0,96000,1.0,0.0,-6.996563824931103e-05,0.3130759825252487,0.313075990343144,1.5127505849094052,1.0416666666666666e-05,13782c472086acd5c10b435bfa6ad3a68f83ccbac7022a78ba79fb89e3f28e78,1,-0.2555975021699896,-1.0355492078895472,0.0,ok
IR014_0,数据集/数据集/源域数据集/12kHz_DE_data/IR/0014/IR014_0.mat,source,12k_DE,IR,12000,1796.0,96000,1.0,0.0,-0.0006124835980359998,0.1934060971934425,0.1934070670057255,2.0452177083818017,1.0416666666666666e-05,9e011693b0dbc2efbd37f44465931daad9b151a6c262d8756f2f8836c0532357,1,-0.7787156796297009,-0.5468348756313415,0.0,ok
IR014_1,数据集/数据集/源域数据集/12kHz_DE_data/IR/0014/IR014_1.mat,source,12k_DE,IR,12000,1774.0,96000,1.0,0.0,5.5483820640026694e-05,0.1668291869115425,0.16682919613790848,1.8959186115722202,1.0416666666666666e-05,f9f653ddfeda4d8068e80e1b5af00efd6de4a708b6dbd28577cca25ba5b34155,1,-0.9020079794980513,-0.6746621320069563,0.0,ok
IR014_2,数据集/数据集/源域数据集/12kHz_DE_data/IR/0014/IR014_2.mat,source,12k_DE,IR,12000,1752.0,96000,1.0,0.0,8.43837871039101e-05,0.16245845913992585,0.16245848105513755,1.8841918113077063,1.0416666666666666e-05,5d015191c306f64a63da0da417eea3d7ec6532c0a958ef76f4beacc16cf4ae84,1,-0.9225518734825696,-0.6849799615513376,0.0,ok
IR014_3,数据集/数据集/源域数据集/12kHz_DE_data/IR/0014/IR014_3.mat,source,12k_DE,IR,12000,1728.0,96000,1.0,0.0,6.846920022605804e-05,0.18186932894461866,0.18186934183307885,2.1239129411047504,1.0416666666666666e-05,16550d0d3bcd9cf866e5c7aa38d81e78f33b24464b96bee28ddce426c143b2f1,1,-0.8318973946098253,-0.48195763434146505,0.0,ok
IR021_0,数据集/数据集/源域数据集/12kHz_DE_data/IR/0021/IR021_0.mat,source,12k_DE,IR,12000,1797.0,96000,1.0,0.0,-1.3947936931977859e-05,0.5268951459147111,0.5268951460993255,3.77384143401479,1.0416666666666666e-05,fe721924a019e32f817f62e2a305664f91e8a79ff3e708417171ba4f19dacc32,1,0.5702658393234895,0.596360085265352,0.0,ok
IR021_1,数据集/数据集/源域数据集/12kHz_DE_data/IR/0021/IR021_1.mat,source,12k_DE,IR,12000,1774.0,96000,1.0,0.0,5.312036895478193e-05,0.4416014048538852,0.4416014080488179,3.683016927175134,1.0416666666666666e-05,86c559201ce8e4a292b89d255138fd56960bfb4b6106dbb7577de793f65a74f8,1,0.2555975021699896,0.5475157866829478,0.0,ok
IR021_2,数据集/数据集/源域数据集/12kHz_DE_data/IR/0021/IR021_2.mat,source,12k_DE,IR,12000,1752.0,96000,1.0,0.0,6.303926762145506e-05,0.48747620689684473,0.487476210972889,3.619687081936451,1.0416666666666666e-05,aaefa086a493c970496e771b4840155fb9b85237352b385acf78e31220b61ede,1,0.4270847114171171,0.5128939348797881,0.0,ok
IR021_3,数据集/数据集/源域数据集/12kHz_DE_data/IR/0021/IR021_3.mat,source,12k_DE,IR,12000,1728.0,96000,1.0,0.0,4.456129776007993e-06,0.4459992764055922,0.4459992764278536,3.563823677321767,1.0416666666666666e-05,13665cf2f17239de731a1f30df592d01a05e76c4d7d2cd5b7be17d42a7d69355,1,0.2722722131514347,0.4819576343414656,0.0,ok
IR028_0_(1797rpm),数据集/数据集/源域数据集/12kHz_DE_data/IR/0028/IR028_0_(1797rpm).mat,source,12k_DE,IR,12000,1797.0,96000,1.0,0.0,-1.6708159148380198e-05,0.8363804265287987,0.836380426695686,4.424253772625226,1.0416666666666666e-05,7b12ea71b0941c001e62dd0f27b9dd19650aac484033199f16231130f5812250,1,1.5805900270467232,0.9211510632249725,0.0,ok
IR028_1_(1772rpm),数据集/数据集/源域数据集/12kHz_DE_data/IR/0028/IR028_1_(1772rpm).mat,source,12k_DE,IR,12000,1772.0,96000,1.0,0.0,8.707862613545267e-05,0.8393320157409848,0.8393320202580811,3.9224678564313438,1.0416666666666666e-05,4d3598660bdee02b513e06b8ee30e3ad6d5d75304c8d73faa96ee73f926f3f21,1,1.589381628796533,0.6743193869462341,0.0,ok
IR028_2_(1750rpm),数据集/数据集/源域数据集/12kHz_DE_data/IR/0028/IR028_2_(1750rpm).mat,source,12k_DE,IR,12000,1750.0,96000,1.0,0.0,0.0001274578662959487,0.8388110114655533,0.838811021149205,4.198644544545163,1.0416666666666666e-05,0897810817cb99a99779598facf20f4c8cc63fc4dd28f9f29bc9374cea221bf5,1,1.587830809284511,0.8131262548383544,0.0,ok
IR028_3_(1730rpm),数据集/数据集/源域数据集/12kHz_DE_data/IR/0028/IR028_3_(1730rpm).mat,source,12k_DE,IR,12000,1730.0,96000,1.0,0.0,1.0286240682368701e-05,0.8237575346837169,0.823757534747939,3.8284720774311927,1.0416666666666666e-05,b6e7fe8081fcccf2427549429ca7a308f16579018d42c8ce947b00785200e7d5,1,1.5428314152613245,0.6252941520810114,0.0,ok
OR007@6_0,数据集/数据集/源域数据集/12kHz_DE_data/OR/Centered/0007/OR007@6_0.mat,source,12k_DE,OR,12000,1796.0,96000,1.0,0.0,0.0011247921226715076,0.6718321789217123,0.671833120493486,3.6072536734516802,1.0416666666666666e-05,45b5f159832c74b92b654c4e51d4c103dcf252c015159a6bcedb3337ba866fde,1,0.961994426380913,0.26684474745013714,0.0,ok
OR007@6_1,数据集/数据集/源域数据集/12kHz_DE_data/OR/Centered/0007/OR007@6_1.mat,source,12k_DE,OR,12000,1773.0,96000,1.0,0.0,2.1258021640350585e-05,0.591807641911066,0.5918076422928653,3.1081960317834914,1.0416666666666666e-05,8820dc15d3140bb53d76f9222a15290ff4de28652bb204da69314f98768982e5,1,0.7429698110257523,-0.039541765679578816,0.0,ok
OR007@6_2,数据集/数据集/源域数据集/12kHz_DE_data/OR/Centered/0007/OR007@6_2.mat,source,12k_DE,OR,12000,1750.0,96000,1.0,0.0,-6.290485740949287e-05,0.5708502239640548,0.5708502274299562,3.097380460925608,1.0416666666666666e-05,0a12a31aab4f941f8f1150e2eab263381da045f0d6f3d4ed63853fb702d33d64,1,0.6837902431914586,-0.04658665212159497,0.0,ok
OR007@6_3,数据集/数据集/源域数据集/12kHz_DE_data/OR/Centered/0007/OR007@6_3.mat,source,12k_DE,OR,12000,1725.0,96000,1.0,0.0,2.6768803490117195e-05,0.5813199027490883,0.5813199033654175,3.2315847925185603,1.0416666666666666e-05,8f83e13f156bcf0304d1aabac07c919eb7fc230a89bb199ece9f862c0c0ff4d7,1,0.7134525636235693,0.039541765679578816,0.0,ok
OR014@6_0,数据集/数据集/源域数据集/12kHz_DE_data/OR/Centered/0014/OR014@6_0.mat,source,12k_DE,OR,12000,1796.0,96000,1.0,0.0,0.0001819870235729244,0.09959375552847803,0.0995939218001932,0.47468469551385223,1.0416666666666666e-05,8ee9c997062047f89eb6f4c69a61d95f921b763e9766a90ee14e3f25f4ed4b4b,1,-0.9088728323344785,-2.7775341711504873,0.0,ok
OR014@6_1,数据集/数据集/源域数据集/12kHz_DE_data/OR/Centered/0014/OR014@6_1.mat,source,12k_DE,OR,12000,1772.0,96000,1.0,0.0,-6.555733940426238e-05,0.09378749139290705,0.09378751430515346,0.40474331711111083,1.0416666666666666e-05,670f5b33192de9b96c81fcce6ae7e3a825b4c45f56aecba3d233bacdf6114f87,1,-0.9325142925765663,-2.9073856178445423,0.0,ok
OR014@6_2,数据集/数据集/源域数据集/12kHz_DE_data/OR/Centered/0014/OR014@6_2.mat,source,12k_DE,OR,12000,1749.0,96000,1.0,0.0,4.101563590589568e-05,0.0965646740551323,0.0965646827657831,0.4741969907631514,1.0416666666666666e-05,196cd6543882db8197e670a3de34ddba250b72abcc9dead21d1b4a66bdf242e6,1,-0.921191111832092,-2.7784181320162946,0.0,ok
OR014@6_3,数据集/数据集/源域数据集/12kHz_DE_data/OR/Centered/0014/OR014@6_3.mat,source,12k_DE,OR,12000,1723.0,96000,1.0,0.0,-6.884442733658336e-05,0.09486613229770362,0.09486615727792803,0.6677062242551808,3.125e-05,e82c3ac8dc0ba11668442eaf63cc6cde80d95fa47fa5efbca40e4fc703e868d7,1,-0.9281129959009733,-2.448814241834519,0.0,ok
OR021@6_0,数据集/数据集/源域数据集/12kHz_DE_data/OR/Centered/0021/OR021@6_0.mat,source,12k_DE,OR,12000,1796.0,96000,1.0,0.0,6.814887086873995e-05,0.5858758218012471,0.5858758257647735,6.648205816619745,1.0416666666666666e-05,2f9496ba9e4b5794214b0dbdd69d4f1695751f15fad5b7f3ce0c07a67570cb1e,1,0.7262989698139503,1.621327708699997,0.0,ok
OR021@6_1,数据集/数据集/源域数据集/12kHz_DE_data/OR/Centered/0021/OR021@6_1.mat,source,12k_DE,OR,12000,1771.0,96000,1.0,0.0,9.151649240861742e-05,0.5698742043891287,0.569874211737477,6.203644784052081,1.0416666666666666e-05,bc5db436e12005cecac8d5e7ad6cfdd5b99133983a15d0762281dd78a689ab79,1,0.6810149624905912,1.4612930767711643,0.0,ok
OR021@6_2,数据集/数据集/源域数据集/12kHz_DE_data/OR/Centered/0021/OR021@6_2.mat,source,12k_DE,OR,12000,1748.0,96000,1.0,0.0,4.523413290269229e-06,0.5652934469726307,0.5652934469907286,6.656715869724393,2.0833333333333333e-05,f7f6b92877e0bc2238a4fd69604eb674cec81362b4cc643715c251b354bdee83,1,0.6679665564625993,1.6242996114933776,0.0,ok
OR021@6_3,数据集/数据集/源域数据集/12kHz_DE_data/OR/Centered/0021/OR021@6_3.mat,source,12k_DE,OR,12000,1721.0,96000,1.0,0.0,-8.781084111170194e-05,0.5445676120601235,0.5445676191398172,6.656892902900743,2.0833333333333333e-05,1bc039781336e9409fe6dedc16996d117a999c69b44243e7ae44e974a406a316,1,0.6084473318754111,1.6243614004000828,0.0,ok
OR007@12_0,数据集/数据集/源域数据集/12kHz_DE_data/OR/Opposite/0007/OR007@12_0.mat,source,12k_DE,OR,12000,1797.0,96000,1.0,0.0,-0.0006501753322089162,0.23793204934973686,0.23793293768566012,1.7738020870250732,1.0416666666666666e-05,3f5d5215c052ae9f02af44768b898332c1d0eeebcd6693b8acf772ae2b734666,1,-0.37972646992334724,-1.0891717343494023,0.0,ok
OR007@12_1,数据集/数据集/源域数据集/12kHz_DE_data/OR/Opposite/0007/OR007@12_1.mat,source,12k_DE,OR,12000,1773.0,96000,1.0,0.0,-1.3519893613126305e-05,0.23450181947580437,0.2345018198655402,2.0440201052350133,1.0416666666666666e-05,fca1ac7d7cbac403d6448ea553ff63ddd4b193e079088d6e2661a97e1c69eb0c,1,-0.39211988528442987,-0.8407441313703025,0.0,ok
OR007@12_2,数据集/数据集/源域数据集/12kHz_DE_data/OR/Opposite/0007/OR007@12_2.mat,source,12k_DE,OR,12000,1750.0,96000,1.0,0.0,-6.680378320696531e-05,0.2708283287034643,0.27082833694253106,2.309110012057076,1.0416666666666666e-05,65ccea4fe7589954b88bf20c0ebb193f3643236c5269a9818246b0db01a21c13,1,-0.2626200643409952,-0.6175971212486403,0.0,ok
OR007@12_3,数据集/数据集/源域数据集/12kHz_DE_data/OR/Opposite/0007/OR007@12_3.mat,source,12k_DE,OR,12000,1724.0,96000,1.0,0.0,8.553089677182642e-05,0.25568657641435166,0.2556865907200188,1.9109413916772469,1.0416666666666666e-05,9cb2fb214bcd4ce8fd9543152b371e9f091e26a3745266011044bbb2001d1857,1,-0.3161429141735062,-0.9602076620980556,0.0,ok
OR021@12_0,数据集/数据集/源域数据集/12kHz_DE_data/OR/Opposite/0021/OR021@12_0.mat,source,12k_DE,OR,12000,1796.0,96000,1.0,0.0,0.0034013899704348274,0.3836949417415234,0.38371001781522723,4.6667771682149874,1.0416666666666666e-05,d893051527db873ccfc42d937f5393f16f0f4e688ac63624b71c92f391acc7f2,1,0.11737362204236902,0.8200035732524765,0.0,ok
OR021@12_1,数据集/数据集/源域数据集/12kHz_DE_data/OR/Opposite/0021/OR021@12_1.mat,source,12k_DE,OR,12000,1771.0,96000,1.0,0.0,5.310107076904602e-07,0.35151005972054306,0.3515100597209441,4.277487779746569,1.0416666666666666e-05,7c4fc700694e7f6e828cade73491769f6f11a0b478bf223bc23b25798a0600e3,1,0.012234818640968573,0.6298070269222866,0.0,ok
OR021@12_2,数据集/数据集/源域数据集/12kHz_DE_data/OR/Opposite/0021/OR021@12_2.mat,source,12k_DE,OR,12000,1746.0,96000,1.0,0.0,0.00015303086615010278,0.3441240570524668,0.3441240910786332,4.1047674237512135,1.0416666666666666e-05,85b70ee448f7d6a76cc169b4ca8b149afbc071a0e1a4be254adaf0949d69e740,1,-0.012234818640968821,0.5408817366724857,0.0,ok
OR021@12_3,数据集/数据集/源域数据集/12kHz_DE_data/OR/Opposite/0021/OR021@12_3.mat,source,12k_DE,OR,12000,1718.0,96000,1.0,0.0,-5.690335575774408e-05,0.3124935043853832,0.3124935095662779,3.679056336399108,1.0416666666666666e-05,0297b5fa7616f115a3eba61c50fbfbe28b3daa57ca09248d0a80a68d1399a56f,1,-0.11857039494569324,0.3081722751219858,0.0,ok
OR007@3_0,数据集/数据集/源域数据集/12kHz_DE_data/OR/Orthogonal/0007/OR007@3_0.mat,source,12k_DE,OR,12000,1797.0,96000,1.0,0.0,-1.0175912998783659e-06,0.7696560523606036,0.7696560523612762,3.341814643117491,1.0416666666666666e-05,850ec55171cb1a8bb0fef77134a62925cd35b3d7bef50aaa85237e8203a68d37,1,1.2159110926337335,0.10826498411444758,0.0,ok
OR007@3_1,数据集/数据集/源域数据集/12kHz_DE_data/OR/Orthogonal/0007/OR007@3_1.mat,source,12k_DE,OR,12000,1774.0,96000,1.0,0.0,-6.015784709715862e-05,0.8489717355162196,0.8489717376476019,3.467330632997256,1.0416666666666666e-05,6fd247afcdb388e8ae382f781d8c8d951b633e1240ee114a63653f9f06c9235e,1,1.411689443485242,0.18442518350715123,0.0,ok
OR007@3_2,数据集/数据集/源域数据集/12kHz_DE_data/OR/Orthogonal/0007/OR007@3_2.mat,source,12k_DE,OR,12000,1751.0,96000,1.0,0.0,-0.00017225416797749638,0.8530029512998132,0.8530029686921903,3.631213589342917,1.0416666666666666e-05,5f471145f251eb8cb90c1197097dbe2f8d499fab3b86d41b0582f9f53991ee42,1,1.42141432569299,0.2807065508699397,0.0,ok
OR007@3_3,数据集/数据集/源域数据集/12kHz_DE_data/OR/Orthogonal/0007/OR007@3_3.mat,source,12k_DE,OR,12000,1725.0,96000,1.0,0.0,0.00011924026305178263,0.7961874477124665,0.7961874566414193,3.612380847225169,1.0416666666666666e-05,64e343d23d17be81380798cb5a7d82dcafe002f7d8c31deede22d68e5ab60883,1,1.2823597036413203,0.2698170825732799,0.0,ok
OR021@3_0,数据集/数据集/源域数据集/12kHz_DE_data/OR/Orthogonal/0021/OR021@3_0.mat,source,12k_DE,OR,12000,1796.0,96000,1.0,0.0,0.00014085857158854836,0.3156628886541602,0.31566292008189045,2.653353858298801,1.0416666666666666e-05,3c32f8d84b8f081a7e86f4a39d8a886e05498ca172e4edecb41c82070b5fc814,1,-0.10780060013353185,-0.35311830384508236,0.0,ok
OR021@3_1,数据集/数据集/源域数据集/12kHz_DE_data/OR/Orthogonal/0021/OR021@3_1.mat,source,12k_DE,OR,12000,1771.0,96000,1.0,0.0,-3.9321867538611483e-05,0.284035970134771,0.2840359728566257,2.1860542223452857,1.0416666666666666e-05,3faa3153a67f6378505a5997ba46c16960cc2bd823cac702c414d55d49ab6a19,1,-0.21645206520790972,-0.7188709623203342,0.0,ok
OR021@3_2,数据集/数据集/源域数据集/12kHz_DE_data/OR/Orthogonal/0021/OR021@3_2.mat,source,12k_DE,OR,12000,1747.0,96000,1.0,0.0,3.183295486845734e-05,0.2794513166690849,0.2794513184821682,2.113762660521402,1.0416666666666666e-05,fadaf7b1fca28d83c5d8a9da35c177db69937740aeda50c66f8ba768ad20eb21,1,-0.2324239375518564,-0.7802064951259652,0.0,ok
OR021@3_3,数据集/数据集/源域数据集/12kHz_DE_data/OR/Orthogonal/0021/OR021@3_3.mat,source,12k_DE,OR,12000,1719.0,96000,1.0,0.0,2.9346529652757007e-05,0.27943078222626994,0.27943078376729347,2.2936514898080955,1.0416666666666666e-05,2eb787c3af27ab4eec189d000d95972bb2237e95382525e17d19fa7f8c240526,1,-0.2324956044050599,-0.6301105566328562,0.0,ok
B007_0,数据集/数据集/源域数据集/12kHz_FE_data/B/0007/B007_0.mat,source,12k_FE,B,12000,1798.0,96000,1.0,0.0,-0.00011950610134160234,0.14161176443037776,0.1416118148559401,2.185836216046927,1.0416666666666666e-05,782e39ffbb74acf2b506f2ddae936c5ae5538009295bfdd18bb72fe23d4e7ecf,1,-0.5134586921742316,-0.7903084753677403,0.0,ok
B007_1,数据集/数据集/源域数据集/12kHz_FE_data/B/0007/B007_1.mat,source,12k_FE,B,12000,1777.0,96000,1.0,0.0,-0.001551117141587144,0.11410752465905666,0.11411806670376147,1.9921297881425037,1.0416666666666666e-05,43fc50f47b6e03063e66d4edca9e5d7616136fe01c215fb7943464f12241b35e,1,-1.0583134596693504,-1.1512742951891142,0.0,ok
B007_2,数据集/数据集/源域数据集/12kHz_FE_data/B/0007/B007_2.mat,source,12k_FE,B,12000,1755.0,96000,1.0,0.0,3.1459636090439264e-05,0.12527929392371456,0.1252792978737236,1.2795221581750515,1.0416666666666666e-05,cee1c71ae497fb2d7b108b402d3fdea2231f8066dcf28cb8f7c209ec77d0c664,1,-0.835522826778959,-2.7165663439140446,0.0,ok
B007_3,数据集/数据集/源域数据集/12kHz_FE_data/B/0007/B007_3.mat,source,12k_FE,B,12000,1732.0,96000,1.0,0.0,3.3781676941834647e-05,0.11477348236776215,0.11477348733930108,2.670773918063318,1.0416666666666666e-05,ccc6d096096fe116f5fb076c400f1070bc6820113c20ca95b131e3f07777b09a,1,-1.045168974662531,0.02501018184666058,0.0,ok
B014_0,数据集/数据集/源域数据集/12kHz_FE_data/B/0014/B014_0.mat,source,12k_FE,B,12000,1796.0,96000,1.0,0.0,3.966676597193032e-05,0.22881528892415529,0.228815292362414,3.0873146125224484,1.0416666666666666e-05,d9622a41eb65e250d56f0ddb66487fae2d98fc25a32504f3c7b92db7d29e5938,1,1.131729652988782,0.6435187640693841,0.0,ok
B014_1,数据集/数据集/源域数据集/12kHz_FE_data/B/0014/B014_1.mat,source,12k_FE,B,12000,1775.0,96000,1.0,0.0,-2.529120810868446e-05,0.18100717374769798,0.18100717551460366,3.2661303735781475,1.0416666666666666e-05,97609f3675e6978132c14add1f884ed720b71bf26bfe10e78076e9147c84fd18,1,0.24480655565861922,0.8899136615848792,0.0,ok
B014_2,数据集/数据集/源域数据集/12kHz_FE_data/B/0014/B014_2.mat,source,12k_FE,B,12000,1755.0,96000,1.0,0.0,-1.9010817358426692e-05,0.29589033052850877,0.29589033113922686,2.6624082910121643,1.0416666666666666e-05,5cce92ec42142b8d568f8e25bd9bbc4cb66c5edb612c3925cb29ed8831558e82,1,2.3195883625297458,0.011881189515066138,0.0,ok
B014_3,数据集/数据集/源域数据集/12kHz_FE_data/B/0014/B014_3.mat,source,12k_FE,B,12000,1732.0,96000,1.0,0.0,9.08360019654052e-06,0.21399727338846902,0.213997273581256,2.6473156551234647,1.0416666666666666e-05,922c50b877d2b6ee8168fd887962ca15fe4c97a848661241a8fbc89f765f3cf6,1,0.8605745930953145,-0.011881189515067416,0.0,ok
B021_0,数据集/数据集/源域数据集/12kHz_FE_data/B/0021/B021_0.mat,source,12k_FE,B,12000,1796.0,96000,1.0,0.0,-5.469631036424551e-06,0.15111922252108786,0.15111922262007219,2.4654059620653923,1.0416666666666666e-05,30446f66145b747dbbc487eb89ed61f80f064143190982eee597708aa4514194,1,-0.3280953332619916,-0.3062826291856417,0.0,ok
B021_1,数据集/数据集/源域数据集/12kHz_FE_data/B/0021/B021_1.mat,source,12k_FE,B,12000,1775.0,96000,1.0,0.0,2.477828062727329e-05,0.16840902564409227,0.16840902746692565,3.1315512079748915,1.0416666666666666e-05,ed2eeca2fddd015c1044c171dda66e08d0c196121a274d0fed1e3a2020440c86,1,0.005109167783254569,0.7054627548838064,0.0,ok
B021_2,数据集/数据集/源域数据集/12kHz_FE_data/B/0021/B021_2.mat,source,12k_FE,B,12000,1756.0,96000,1.0,0.0,-2.1076515469304068e-05,0.16787496203157973,0.16787496335464633,3.043818530208016,1.0416666666666666e-05,fdd6922fa31364b5c2342bfdc559a499e16081828e16c97aa461e6d4b26cb614,1,-0.005109167783254569,0.581954542148414,0.0,ok
B021_3,数据集/数据集/源域数据集/12kHz_FE_data/B/0021/B021_3.mat,source,12k_FE,B,12000,1734.0,96000,1.0,0.0,-4.471505440291401e-06,0.1731177510074893,0.17311775106523716,1.9193954653230811,1.0416666666666666e-05,9f8c7cd426825ed38486359f8ac6ff658d5902f4fc9b0ef02c9c4e22b5ce0b4f,1,0.09500034030314561,-1.2928820216390093,0.0,ok
IR007_0,数据集/数据集/源域数据集/12kHz_FE_data/IR/0007/IR007_0.mat,source,12k_FE,IR,12000,1796.0,96000,1.0,0.0,-0.0005369476764380574,0.2731166433958693,0.2731171712152746,1.987013685775943,1.0416666666666666e-05,1f55792f5acaf8a7643f1bed532aa5f550133292233679ea1d7b5775e37d40a0,1,0.41594153463255595,0.6586461626190198,0.0,ok
IR007_1,数据集/数据集/源域数据集/12kHz_FE_data/IR/0007/IR007_1.mat,source,12k_FE,IR,12000,1772.0,96000,1.0,0.0,-6.966390428046794e-05,0.23763147000559717,0.2376314802169119,1.5649661261552434,1.0416666666666666e-05,902dcf5c6f061b4dba1674c6a927f7819b7aaf893a10739ea9ebe42a7fe07dc7,1,-0.021547775990115876,0.01667119590861446,0.0,ok
IR007_2,数据集/数据集/源域数据集/12kHz_FE_data/IR/0007/IR007_2.mat,source,12k_FE,IR,12000,1755.0,96000,1.0,0.0,-1.7749987691330604e-05,0.23039754327089243,0.23039754395462816,1.535564975499322,1.0416666666666666e-05,d6b5b4ee6e411eee839403ef7588f9010be0c70f8a29229c6a64986429b5bbe0,1,-0.11227009782731785,-0.0319157574106761,0.0,ok
IR007_3,数据集/数据集/源域数据集/12kHz_FE_data/IR/0007/IR007_3.mat,source,12k_FE,IR,12000,1732.0,96000,1.0,0.0,9.298511785665874e-07,0.24108268013120165,0.24108268013299483,1.5447533663446853,1.0416666666666666e-05,bc4d83aac6a4f43ac0fe95db2847deffe948e13d49c9556eb1c2012647aa322b,1,0.021547775990115446,-0.01667119590861446,0.0,ok
IR014_0,数据集/数据集/源域数据集/12kHz_FE_data/IR/0014/IR014_0.mat,source,12k_FE,IR,12000,1796.0,96000,1.0,0.0,3.212178983340802e-05,0.17893977940318198,0.17893978228630103,1.1688251705993575,1.0416666666666666e-05,52b93d14de6d5c6eed85c66ed28caee9316f4c0ac0874afe91b62a229941d57f,1,-0.7734320102948936,-0.6903353563341708,0.0,ok
IR014_1,数据集/数据集/源域数据集/12kHz_FE_data/IR/0014/IR014_1.mat,source,12k_FE,IR,12000,1775.0,96000,1.0,0.0,2.361166089085348e-06,0.14150988249074425,0.1415098825104429,0.9031501809658726,1.0416666666666666e-05,9576fa7e9992d7743c50f4e944a45c79b1847a4533f48c751b8c8f63ae709c46,1,-1.2727447885531562,-1.2410528182606444,0.0,ok
IR014_2,数据集/数据集/源域数据集/12kHz_FE_data/IR/0014/IR014_2.mat,source,12k_FE,IR,12000,1755.0,96000,1.0,0.0,3.6415996582316524e-05,0.13275493396843357,0.1327549389630682,0.8394589717902142,1.0416666666666666e-05,52b5a6a4344ca80e9e212891ba92e340c6ecbe48e780d9634917c248d9ae0deb,1,-1.3918972337783024,-1.3845068896431467,0.0,ok
IR014_3,数据集/数据集/源域数据集/12kHz_FE_data/IR/0014/IR014_3.mat,source,12k_FE,IR,12000,1733.0,96000,1.0,0.0,-2.4220490375640873e-05,0.13747442512017624,0.1374744272537809,0.8719565785788885,1.0416666666666666e-05,4711ebf495f9e1ffb4a9233229bb9ac26e8d20e1fba5b07257e48fc2fe246683,1,-1.3275523087729655,-1.310701372861768,0.0,ok
IR021_0,数据集/数据集/源域数据集/12kHz_FE_data/IR/0021/IR021_0.mat,source,12k_FE,IR,12000,1796.0,96000,1.0,0.0,1.9556474224114107e-05,0.3216216225407922,0.3216216231353661,2.225066638311345,1.0416666666666666e-05,25b6868ed4e627dca1871d2d64cc42dababf60679dd085103364c61342b2c1f5,1,0.9946063128370713,0.9818043484063568,0.0,ok
IR021_1,数据集/数据集/源域数据集/12kHz_FE_data/IR/0021/IR021_1.mat,source,12k_FE,IR,12000,1776.0,96000,1.0,0.0,-0.00019703355962319823,0.29535095286048013,0.29535101858266405,1.7360618496032554,1.0416666666666666e-05,abb1a0953e564e2a2f9d33e7951de04e0e147ff79e2d69ac4a3b3532b6393a03,1,0.6838829051072219,0.28881337806277013,0.0,ok
IR021_2,数据集/数据集/源域数据集/12kHz_FE_data/IR/0021/IR021_2.mat,source,12k_FE,IR,12000,1758.0,96000,1.0,0.0,-0.00034207578406687074,0.2937795153312149,0.293779714487038,2.2794443255757333,1.0416666666666666e-05,9968fd37bfac119d7af425d0c20f068e7d3e19018096889a5d64a96890cff221,1,0.6650986138459685,1.0522707557526854,0.0,ok
IR021_3,数据集/数据集/源域数据集/12kHz_FE_data/IR/0021/IR021_3.mat,source,12k_FE,IR,12000,1737.0,96000,1.0,0.0,-0.00010098701331285081,0.2852012090465224,0.28520122692578836,1.6797681197405856,1.0416666666666666e-05,0b78163e501627000a67768c0bbc65ab2b42e145fcf16d5c3713fbe9835a8ed5,1,0.5621423693617351,0.20119875952327929,0.0,ok
OR007@6_0,数据集/数据集/源域数据集/12kHz_FE_data/OR/Centered/0007/OR007@6_0.mat,source,12k_FE,OR,12000,1797.0,96000,1.0,0.0,7.429693049340873e-05,0.4262435882088215,0.4262435946840319,3.431954540031143,1.0416666666666666e-05,d3058501b4be8a0d0c04caac7f3330bfb58f5dfd125f791bdbad22218e46d8bb,1,2.0165685506204087,0.4707251249854689,0.0,ok
OR007@6_1,数据集/数据集/源域数据集/12kHz_FE_data/OR/Centered/0007/OR007@6_1.mat,source,12k_FE,OR,12000,1776.0,96000,1.0,0.0,-6.116155403488068e-05,0.3537279166751135,0.3537279219627025,2.902463501284169,1.0416666666666666e-05,4bb6186798cec6967b9e9b62bd71fc0adedaf914161b9b18b97ae2a077229423,1,1.4819890749187612,0.3062628265067235,0.0,ok
OR007@6_2,数据集/数据集/源域数据集/12kHz_FE_data/OR/Centered/0007/OR007@6_2.mat,source,12k_FE,OR,12000,1756.0,96000,1.0,0.0,-3.95949784828901e-06,0.35128176056013055,0.3512817605824454,3.1226535779345115,1.0416666666666666e-05,61644df0506f28446bbb46b428606fafb2d784b0b54f64b63dbfc858e04918a1,1,1.463460645175899,0.3772129390297084,0.0,ok
OR007@6_3,数据集/数据集/源域数据集/12kHz_FE_data/OR/Centered/0007/OR007@6_3.mat,source,12k_FE,OR,12000,1733.0,96000,1.0,0.0,3.057637402460396e-05,0.3549297230411392,0.35492972435818104,3.2506203505604994,1.0416666666666666e-05,bab4db03f1ac4e2aeefc4c3fc1980af28867da0df3772a4e139c57f92d60013e,1,1.4910798558481877,0.416725341610467,0.0,ok
OR014@6_0,数据集/数据集/源域数据集/12kHz_FE_data/OR/Centered/0014/OR014@6_0.mat,source,12k_FE,OR,12000,1797.0,96000,1.0,0.0,-0.008100260191368527,0.9181212485978462,0.9181569807729156,4.959993971640342,1.0416666666666666e-05,c27ca12461155ff36b87c02f3c72cb9ea1303c82574e2673f1572ea4b716e3e4,1,5.052235994866505,0.8536335796320892,0.0,distribution_review
OR021@6_0,数据集/数据集/源域数据集/12kHz_FE_data/OR/Centered/0021/OR021@6_0.mat,source,12k_FE,OR,12000,1797.0,96000,1.0,0.0,2.96404215458555e-05,0.8242760023297802,0.8242760028627052,5.401136485821979,1.0416666666666666e-05,9bae24e104bf0d973732791bf44d3b803707d206b73b446b78df851fa8bdb41f,1,4.538148652266522,0.9459338359696748,0.0,ok
OR007@12_0,数据集/数据集/源域数据集/12kHz_FE_data/OR/Opposite/0007/OR007@12_0.mat,source,12k_FE,OR,12000,1797.0,96000,1.0,0.0,-1.3679757735173922e-05,0.12670393269983518,0.12670393343831174,0.6730818473913516,9.375e-05,a6cc133f6145da671e3269af5a748990faeef9bfe54bebce2b11acea360cf3f2,1,-0.39855616432820434,-0.7885016618309948,0.0,ok
OR007@12_1,数据集/数据集/源域数据集/12kHz_FE_data/OR/Opposite/0007/OR007@12_1.mat,source,12k_FE,OR,12000,1775.0,96000,1.0,0.0,-8.051849005901682e-06,0.1683666711461471,0.16836667133868005,2.138263305685586,1.0416666666666666e-05,66b7d4698a39d7f870e064461b94104f6bc325c9ad66fe20acc74537358829eb,1,-0.026574371302176904,0.024553263725278388,0.0,ok
OR007@12_2,数据集/数据集/源域数据集/12kHz_FE_data/OR/Opposite/0007/OR007@12_2.mat,source,12k_FE,OR,12000,1755.0,96000,1.0,0.0,-1.3110996637403746e-05,0.17047269024874243,0.1704726907529236,1.6705184940574753,1.0416666666666666e-05,d09ea5b9a593e8221a630d3901ee6f00372bfe0a45079d0f72660e7169bf4ee0,1,-0.008124883706143754,-0.18407009574080668,0.0,ok
OR007@12_3,数据集/数据集/源域数据集/12kHz_FE_data/OR/Opposite/0007/OR007@12_3.mat,source,12k_FE,OR,12000,1733.0,96000,1.0,0.0,5.021292269673646e-06,0.17140135433391118,0.17140135440746188,0.8247749153906309,1.0416666666666666e-05,eb3e7c69c679d781c139d4b4b34706627915f60b630cdcc3e8e8a55153ddc8b3,1,0.0,-0.6763168909265111,0.0,ok
OR007@3_0,数据集/数据集/源域数据集/12kHz_FE_data/OR/Orthogonal/0007/OR007@3_0.mat,source,12k_FE,OR,12000,1797.0,96000,1.0,0.0,-1.2119254316404926e-05,0.09753708828651046,0.09753708903943598,0.5055882047916376,1.0416666666666666e-05,f1b4076f6d807cb6b16d1567f46e553234d44167fa23adaa70262ec373b53aeb,1,-0.6672481474383942,-0.924850993637873,0.0,ok
OR007@3_1,数据集/数据集/源域数据集/12kHz_FE_data/OR/Orthogonal/0007/OR007@3_1.mat,source,12k_FE,OR,12000,1776.0,96000,1.0,0.0,5.925695206796444e-05,0.09676141571076406,0.09676143385532103,0.6265585541106194,1.0416666666666666e-05,b888f116cee86efc321f10efc0aec3b5a9d0c96cd3644a05455b4e7d86c20a3a,1,-0.6744907594765952,-0.8249544140589298,0.0,ok
OR007@3_2,数据集/数据集/源域数据集/12kHz_FE_data/OR/Orthogonal/0007/OR007@3_2.mat,source,12k_FE,OR,12000,1755.0,96000,1.0,0.0,2.4533840553483696e-05,0.10540022361028575,0.10540022646563701,0.47341041908527076,1.0416666666666666e-05,0faca67d606f902b4fda08b0598ab711fb2a5ef78b0e0fa62c910388599f7cdc,1,-0.5941144069614338,-0.9527764609043108,0.0,ok
OR007@3_3,数据集/数据集/源域数据集/12kHz_FE_data/OR/Orthogonal/0007/OR007@3_3.mat,source,12k_FE,OR,12000,1733.0,96000,1.0,0.0,1.176771718705409e-05,0.14722344048748717,0.14722344095778991,0.5779187714836121,1.0416666666666666e-05,24933cc54212254aa777c22b3f1ea84058e1526a9253044934a54cf48260a5ee,1,-0.2136615133196059,-0.8641977107461633,0.0,ok
OR014@3_0,数据集/数据集/源域数据集/12kHz_FE_data/OR/Orthogonal/0014/OR014@3_0.mat,source,12k_FE,OR,12000,1796.0,96000,1.0,0.0,1.787699882796347e-05,0.4200458414110663,0.42004584179148563,3.1412079191660363,1.0416666666666666e-05,0094d92b51b25c77cd20fee6e24d167278628c262e978a8ed2ffbe7c425587b3,1,1.9719538382447321,0.3830173872936381,0.0,ok
OR014@3_1,数据集/数据集/源域数据集/12kHz_FE_data/OR/Orthogonal/0014/OR014@3_1.mat,source,12k_FE,OR,12000,1774.0,121168,1.0,0.0008665654298164532,0.0061647567678920845,0.2877499361636363,0.2878159654852108,2.079214285714286,8.25300409349003e-06,991b6264225e2188a8070756c2b289e6078ac5c832d4a508bdbf775c4a04fbfe,1,0.9706385059322444,0.0,0.0,ok
OR014@3_2,数据集/数据集/源域数据集/12kHz_FE_data/OR/Orthogonal/0014/OR014@3_2.mat,source,12k_FE,OR,12000,1752.0,96000,1.0,0.0,-7.044002124945715e-05,0.42511717833430046,0.4251171841700992,2.7312622225564227,1.0416666666666666e-05,2234e7b358995178e601a683fcef5bac0c467f0252d84faabc337a4185ecf6b7,1,2.008474484235467,0.2482744452651005,0.0,ok
OR014@3_3,数据集/数据集/源域数据集/12kHz_FE_data/OR/Orthogonal/0014/OR014@3_3.mat,source,12k_FE,OR,12000,1728.0,96000,1.0,0.0,2.956250434747519e-06,0.7345413204258425,0.7345413204317913,4.381076422051301,1.0416666666666666e-05,19e6c3ab0bd4f819c987d1b5daa4df468dddf909f7e84177b7019f0c31543030,1,4.021412420189773,0.7215532891522752,0.0,ok
OR021@3_1,数据集/数据集/源域数据集/12kHz_FE_data/OR/Orthogonal/0021/OR021@3_1.mat,source,12k_FE,OR,12000,1773.0,96000,1.0,0.0,-1.4817203272721113e-05,0.16472344302667966,0.1647234436930982,0.8273546821284373,1.0416666666666666e-05,6a14df479b5cd2b6b67a8fd08711ebab648b779f011cde0d4b9c86973784c967,1,-0.05856902129505248,-0.6744907594765952,0.0,ok
OR021@3_2,数据集/数据集/源域数据集/12kHz_FE_data/OR/Orthogonal/0021/OR021@3_2.mat,source,12k_FE,OR,12000,1751.0,96000,1.0,0.0,6.147655918267642e-05,0.12982520310336115,0.12982521765895988,0.6847274400250918,1.0416666666666666e-05,34fb618605d1b9dfa6713856194e788051c2893ac9ef4b71c4ba115e73972194,1,-0.3702151845078958,-0.7795355321742687,0.0,ok
OR021@3_3,数据集/数据集/源域数据集/12kHz_FE_data/OR/Orthogonal/0021/OR021@3_3.mat,source,12k_FE,OR,12000,1728.0,96000,1.0,0.0,3.992630965368198e-05,0.14803357819510785,0.1480335835793936,0.8412303992828789,1.0416666666666666e-05,1b20a83a8bf00049063ed9b491cae77be0de8e729b33eb7575fbd4268274b6cc,1,-0.20642961370316001,-0.664712611190962,0.0,ok
B007_0,数据集/数据集/源域数据集/48kHz_DE_data/B/0007/B007_0.mat,source,48k_DE,B,48000,1796.0,192000,1.0,0.0,-6.318309743452671e-05,0.1454775342025059,0.1454775479231935,0.7000297348352578,5.208333333333333e-06,15da42c719eb89ee0ac7bd0dc29365a9615cc072b401eb43a2f36b5d04769cc8,1,-0.37259196045143533,-1.3562292198471755,0.0,ok
B007_1,数据集/数据集/源域数据集/48kHz_DE_data/B/0007/B007_1.mat,source,48k_DE,B,48000,1772.0,192000,1.0,0.0,-0.0006389657037412607,0.14053519286537994,0.14053664543769392,0.6564659446135664,5.208333333333333e-06,80b292a02ad4e6489a44b368f1efa35c6ba5abb820ddf9e6dd2d18d5225c3cb2,1,-0.5999292803206894,-1.4113312984031692,0.0,ok
B007_2,数据集/数据集/源域数据集/48kHz_DE_data/B/0007/B007_2.mat,source,48k_DE,B,48000,1747.0,192000,1.0,0.0,0.00016175767018427172,0.13936020944897284,0.13936030332632549,0.7563229595028927,5.208333333333333e-06,a301ac253469451cc5de209d75beb2d336e36da3b4152d7ad1974f48dfe3ce9b,1,-0.6541994481809157,-1.2870810789895595,0.0,ok
B007_3,数据集/数据集/源域数据集/48kHz_DE_data/B/0007/B007_3.mat,source,48k_DE,B,48000,1721.0,192000,1.0,0.0,0.0006314689537659688,0.14076668551420776,0.14076810186862448,0.6499848845883813,5.208333333333333e-06,dfbe3c812514deb906347099dbeb4e023968487bc4a91cbafa2e9b6d0ff59c8a,1,-0.5892577021859919,-1.4196525482020703,0.0,ok
B014_0,数据集/数据集/源域数据集/48kHz_DE_data/B/0014/B014_0.mat,source,48k_DE,B,48000,1797.0,192000,1.0,0.0,-0.0009308215735805818,0.13847831246589498,0.1384814408222412,1.2870354553110348,5.208333333333333e-06,ede9802c35556fe5db57734c426380db54a451a9696dfbba3c7393e690207c95,1,-0.6947820707722746,-0.7266348857730627,0.0,ok
B014_1,数据集/数据集/源域数据集/48kHz_DE_data/B/0014/B014_1.mat,source,48k_DE,B,48000,1772.0,192000,1.0,0.0,0.0007273740129952764,0.1497289913364316,0.14973075809458786,2.304677642907226,5.208333333333333e-06,9520bc44cb49d297e011e36ad5e0cc3a24eebbe091aa650778821406a6b1145f,1,-0.17768024971449506,0.054667624214355226,0.0,ok
B014_2,数据集/数据集/源域数据集/48kHz_DE_data/B/0014/B014_2.mat,source,48k_DE,B,48000,1748.0,192000,1.0,0.0,-0.0007266894991581421,0.15752416407590705,0.15752584024674007,2.9103422052123804,5.208333333333333e-06,70041694a09a77d777a230b844f67cd247827a026554da839ac584f91c5f7992,1,0.17768024971449506,0.41187622952873937,0.0,ok
B014_3,数据集/数据集/源域数据集/48kHz_DE_data/B/0014/B014_3.mat,source,48k_DE,B,48000,1725.0,192000,1.0,0.0,-0.00030818661016177734,0.1703378110044869,0.17033808980021753,2.314439369187915,5.208333333333333e-06,158c5f21b23a2a34eb2e65a2c1daaff3c9cc57a9b571c89c11026eeda473089d,1,0.7565953566415481,0.06092843977964154,0.0,ok
B021_0,数据集/数据集/源域数据集/48kHz_DE_data/B/0021/B021_0.mat,source,48k_DE,B,48000,1797.0,192000,1.0,0.0,-0.00849119347903196,0.3540286144404038,0.3541304282454283,2.1387655045626346,5.208333333333333e-06,34b434323b999442ffe4d16252d45d10a88f51953247d9bb20c133effeaf8461,1,8.427900079850932,-0.054667624214355226,0.0,distribution_review
B021_1,数据集/数据集/源域数据集/48kHz_DE_data/B/0021/B021_1.mat,source,48k_DE,B,48000,1774.0,192000,1.0,0.0,0.0011083577375455315,0.2293400185965369,0.22934269682449945,2.5038089243625454,5.208333333333333e-06,8a0b74e3d451b0222b181a2d72dcb6247fc949f812d027feb3ea25c38791d741,1,3.3433944160258005,0.17886625610902074,0.0,ok
B021_2,数据集/数据集/源域数据集/48kHz_DE_data/B/0021/B021_2.mat,source,48k_DE,B,48000,1754.0,192000,1.0,0.0,0.0001048512144690212,0.3351877940001316,0.33518781039956064,3.421039832843223,5.208333333333333e-06,5e7b736702800d05e6307ddaeaf31e7e867194b4f00f171e61eb82ff65bf7f68,1,7.687020402262009,0.6724289749781494,0.0,distribution_review
B021_3,数据集/数据集/源域数据集/48kHz_DE_data/B/0021/B021_3.mat,source,48k_DE,B,48000,1729.0,192000,1.0,0.0,-0.0015218843545103942,0.37530337494037025,0.37530646060735573,3.4296368060852793,0.000140625,6266f3aa1e8313f35ae6cc132c7710f50ef746dac665a4f42628326775804637,1,9.24396169102679,0.676552543975041,0.0,distribution_review
IR007_0,数据集/数据集/源域数据集/48kHz_DE_data/IR/0007/IR007_0.mat,source,48k_DE,IR,48000,1796.0,192000,1.0,0.0,-0.0018212906854926058,0.5827530993414792,0.5827559453938338,3.492756679495063,5.208333333333333e-06,860aa0a9b6e3c9f74c03bacd83971c93a138ad6ed648e2fd168cfb7c6c634622,1,2.3002742845223714,0.6986167391067449,0.0,ok
IR007_1,数据集/数据集/源域数据集/48kHz_DE_data/IR/0007/IR007_1.mat,source,48k_DE,IR,48000,1772.0,192000,1.0,0.0,-0.0002780309509988466,0.2776720796814034,0.27767221887651156,1.6308770885682322,5.208333333333333e-06,cd19f31b9d78f7741924e74437efed1d8524568e95ad866b32156cdb80222267,1,-0.05760185502475359,-1.0969945295599346,0.0,ok
IR007_2,数据集/数据集/源域数据集/48kHz_DE_data/IR/0007/IR007_2.mat,source,48k_DE,IR,48000,1748.0,192000,1.0,0.0,-0.0007638172105531105,0.2807154509495936,0.28071649010801775,1.6793359891240147,5.208333333333333e-06,2f210b731cbc77a4594cc47f9242008551c2a867ed2234cdb32736597cd18b40,1,-0.03139619867898072,-1.0357536935038232,0.0,ok
IR007_3,数据集/数据集/源域数据集/48kHz_DE_data/IR/0007/IR007_3.mat,source,48k_DE,IR,48000,1721.0,192000,1.0,0.0,0.00025643195098387346,0.2793791055454154,0.2793792232301855,1.5351486341163236,5.208333333333333e-06,937bf19572559f642468991b49f974cc5b06375508744bbc6b2b63ec9b76cb36,1,-0.04289996225650153,-1.2213605235919327,0.0,ok
IR014_0,数据集/数据集/源域数据集/48kHz_DE_data/IR/0014/IR014_0.mat,source,48k_DE,IR,48000,1796.0,63788,1.0,0.0,-2.427216124069195e-16,0.17816900319092183,0.1781690031909218,1.41223495930269,1.567692983006208e-05,ac7467ed6804edc624bc7eb09f9d9ca2e22e7bd9c03ff2d5f3800561d9c5e208,1,-0.9503987530336585,-1.3881165134458784,0.0,ok
IR014_1,数据集/数据集/源域数据集/48kHz_DE_data/IR/0014/IR014_1.mat,source,48k_DE,IR,48000,1772.0,192000,1.0,0.0,0.0006468523011058283,0.26170048048228056,0.2617012799024031,2.9056314696483274,5.208333333333333e-06,2bad75d35794633167bee0416c81024d2f3b51ace735e4b76130485a27b05204,1,-0.19611392395414887,0.22871046333626102,0.0,ok
IR014_2,数据集/数据集/源域数据集/48kHz_DE_data/IR/0014/IR014_2.mat,source,48k_DE,IR,48000,1751.0,192000,1.0,0.0,-0.0001797117314189974,0.238714325651314,0.238714393297656,2.651053651567192,5.208333333333333e-06,cddd4a390db34875f25ce26ec42d7ba08bbd72bd32b883ed10274fdefe5b8d24,1,-0.398582765919532,0.002547720389057509,0.0,ok
IR014_3,数据集/数据集/源域数据集/48kHz_DE_data/IR/0014/IR014_3.mat,source,48k_DE,IR,48000,1726.0,192000,1.0,0.0,0.0033413889273588874,0.28802115181407667,0.2880405332106426,2.6455133576669425,5.208333333333333e-06,9c226508e79c9fa6f226b26fb91a8ab0feba9103cb188610e9c7841c681146ce,1,0.031396198678980414,-0.0025477203890582538,0.0,ok
IR021_0,数据集/数据集/源域数据集/48kHz_DE_data/IR/0021/IR021_0.mat,source,48k_DE,IR,48000,1796.0,192000,1.0,0.0,0.0001113449707848041,0.5838846870108274,0.5838846976273949,3.0638240894419386,5.208333333333333e-06,28f9ae36a5dec151e22620b2a648032fe79b6d5cada21c1cd05b668a5f1f585f,1,2.3081244332015354,0.36193433822752424,0.0,ok
IR021_1,数据集/数据集/源域数据集/48kHz_DE_data/IR/0021/IR021_1.mat,source,48k_DE,IR,48000,1774.0,192000,1.0,0.0,0.00047911319912127,0.6042855190892061,0.604285709023777,3.1757090510260446,5.208333333333333e-06,ff860ed9b020ec2d6a2361ecbe5110921fa7e875060a5b192e6dd04dedca3afd,1,2.4490514058448825,0.4530647335067297,0.0,ok
IR021_2,数据集/数据集/源域数据集/48kHz_DE_data/IR/0021/IR021_2.mat,source,48k_DE,IR,48000,1752.0,192000,1.0,0.0,0.0007087914499104464,0.7683997671305216,0.7684000940340645,3.428610406050089,2.604166666666667e-05,fff32d45c38a13e71cccb3ba61e0dcc287a104d12b2d5a068d53352631ec0514,1,3.5215380965286105,0.6503647798464455,0.0,ok
IR021_3,数据集/数据集/源域数据集/48kHz_DE_data/IR/0021/IR021_3.mat,source,48k_DE,IR,48000,1727.0,192000,1.0,0.0,7.443300881184512e-05,0.4045954029920473,0.4045954098387301,1.8312379124719573,5.208333333333333e-06,2b13583206979b2f92b56e6b4c43688969f7df894837fa5a3ab1943f89a20369,1,0.9852949993363068,-0.8507229366378616,0.0,ok
OR007@6_0,数据集/数据集/源域数据集/48kHz_DE_data/OR/Centered/0007/OR007@6_0.mat,source,48k_DE,OR,48000,1796.0,192000,1.0,0.0,-0.0001962044942114393,1.2500080874593886,1.2500081028577703,6.52853247341551,5.208333333333333e-06,a90f1762208155523d21e5d62618488d77fbfd27b2c6ba9ed686a69f92b94f7f,1,2.068727925236927,0.5837457301199989,0.0,ok
OR007@6_1,数据集/数据集/源域数据集/48kHz_DE_data/OR/Centered/0007/OR007@6_1.mat,source,48k_DE,OR,48000,1774.0,192000,1.0,0.0,-0.0010189641126048686,1.0589117926433202,1.0589122829049404,5.264650830401284,5.208333333333333e-06,581e9fc65916a87684db9a8a5528da21a711ff586ae8ead92367d3c59718bd59,1,1.640005224144166,0.24734310115197117,0.0,ok
OR007@6_2,数据集/数据集/源域数据集/48kHz_DE_data/OR/Centered/0007/OR007@6_2.mat,source,48k_DE,OR,48000,1750.0,192000,1.0,0.0,-0.0002831252504740162,1.0214575776072001,1.0214576168452005,5.45691319727036,5.208333333333333e-06,d8c0422d69bfdcec62ea8f2bcae893648e9565996225acf173b69871f57a4bd1,1,1.551324876877263,0.3026761251062004,0.0,ok
OR007@6_3,数据集/数据集/源域数据集/48kHz_DE_data/OR/Centered/0007/OR007@6_3.mat,source,48k_DE,OR,48000,1725.0,192000,1.0,0.0,0.0001046884691849966,0.9984312538354625,0.9984312593239103,5.262557636850259,5.208333333333333e-06,bca659606090bf2d7c7459739da074756fb313edfe56ada8bea7ba96326bac33,1,1.4959867138395577,0.24673138119722562,0.0,ok
OR014@6_0,数据集/数据集/源域数据集/48kHz_DE_data/OR/Centered/0014/OR014@6_0.mat,source,48k_DE,OR,48000,1796.0,192000,1.0,0.0,0.01737435963255689,0.14947172348350976,0.15047811965123775,1.115782069536403,5.208333333333333e-06,1740e7fa6a4e6172a7bd573d29296a0344f007a87584b21d280682f945788cab,1,-1.1712607807013988,-1.7396516818910857,0.0,ok
OR014@6_1,数据集/数据集/源域数据集/48kHz_DE_data/OR/Centered/0014/OR014@6_1.mat,source,48k_DE,OR,48000,1772.0,192000,1.0,0.0,0.000297257102751543,0.13504829617864153,0.13504862332707884,0.623511974516213,5.208333333333333e-06,aa26c48b2f88ff9eee101d0c15dde57787e436ea5e6494b83c16feaa414287b8,1,-1.2364807864457275,-2.224425754176179,0.0,ok
OR014@6_2,数据集/数据集/源域数据集/48kHz_DE_data/OR/Centered/0014/OR014@6_2.mat,source,48k_DE,OR,48000,1749.0,192000,1.0,0.0,0.00039719386120634436,0.15349213912848117,0.15349265303981294,1.8891098277265908,5.208333333333333e-06,ea786e2a0a19cc0c82b6d3e0bf4818d7e8f78cbb32d2ce59d6a1e9e5da67915a,1,-1.1586206322753327,-1.1694099944758576,0.0,ok
OR014@6_3,数据集/数据集/源域数据集/48kHz_DE_data/OR/Centered/0014/OR014@6_3.mat,source,48k_DE,OR,48000,1723.0,192000,1.0,0.0,-0.0009412005570532441,0.15216973936403225,0.15217265009391834,0.6858107407121775,5.208333333333333e-06,93e94b7aecf3a13fcdf1cf5f571b8ad5408ac5bd8810509fc0417514cba75ca3,1,-1.1641514261940833,-2.15549878272383,0.0,ok
OR021@6_0,数据集/数据集/源域数据集/48kHz_DE_data/OR/Centered/0021/OR021@6_0.mat,source,48k_DE,OR,48000,1796.0,192000,1.0,0.0,-8.312093210555979e-05,0.6685652865686845,0.6685652917357859,7.676813282304005,5.208333333333333e-06,d053322326c1deac0b1655cf25d889ab42f005fbe67188aa1f26dd0c2d50a77f,1,0.6245991389657853,0.843591587873506,0.0,ok
OR021@6_1,数据集/数据集/源域数据集/48kHz_DE_data/OR/Centered/0021/OR021@6_1.mat,source,48k_DE,OR,48000,1771.0,192000,1.0,0.0,-0.0003288009462652911,0.6140719999032739,0.6140720879304551,6.653575043456511,5.208333333333333e-06,43f8660b8ff2229bc26e6c3c453a0bc70034fb8a0066539ae6c0828d04aaaf81,1,0.46421252358417464,0.6138989163003266,0.0,ok
OR021@6_2,数据集/数据集/源域数据集/48kHz_DE_data/OR/Centered/0021/OR021@6_2.mat,source,48k_DE,OR,48000,1747.0,192000,1.0,0.0,0.0004947513861973191,0.6126758836929432,0.6126760834550856,7.177411849316753,5.208333333333333e-06,b4e06cf1709f0beb4316916069aa326cccfac1e383b6aa563b5709da194b4b51,1,0.4600329636439508,0.735082602652864,0.0,ok
OR021@6_3,数据集/数据集/源域数据集/48kHz_DE_data/OR/Centered/0021/OR021@6_3.mat,source,48k_DE,OR,48000,1719.0,192000,1.0,0.0,0.0003396454292777641,0.5908969429706408,0.5908970405841159,6.630612146332055,5.208333333333333e-06,cd8789a9b58aac09eae8b4937d5ae7bd76d87d88d9b377d9d0b83bb9f525f44a,1,0.3943550071049299,0.6083986689660272,0.0,ok
OR007@12_0,数据集/数据集/源域数据集/48kHz_DE_data/OR/Opposite/0007/OR007@12_0.mat,source,48k_DE,OR,48000,1796.0,129969,1.0,0.0,1.0059311326536208e-17,0.21087566058012194,0.21087566058012194,1.392106129080485,7.694142449353307e-06,06a236f5d15de833f7ab0ed8011bd727ae230ecd607c1547d569ba2e17917d9b,1,-0.9241101491241545,-1.5149595027813734,0.0,ok
OR007@12_1,数据集/数据集/源域数据集/48kHz_DE_data/OR/Opposite/0007/OR007@12_1.mat,source,48k_DE,OR,48000,1772.0,192000,1.0,0.0,-0.0006451102869514145,0.26633895226501897,0.26633973353765744,2.241903988963048,5.208333333333333e-06,c15360dabe1a61bc4a4aa1b76d5115f5ddce33a4baeff9b69a9061bd616c759d,1,-0.7077738642800682,-0.9585148014685025,0.0,ok
OR007@12_2,数据集/数据集/源域数据集/48kHz_DE_data/OR/Opposite/0007/OR007@12_2.mat,source,48k_DE,OR,48000,1749.0,192000,1.0,0.0,0.0015150069914979226,0.26135187433933127,0.2613562654057979,2.1454822412799595,5.208333333333333e-06,309067b4fb13e9050395580c2f6fee2f8e1c28e3ba63d96fdbca8c17cddd6d59,1,-0.7268204089669628,-1.0137838990532655,0.0,ok
OR007@12_3,数据集/数据集/源域数据集/48kHz_DE_data/OR/Opposite/0007/OR007@12_3.mat,source,48k_DE,OR,48000,1723.0,192000,1.0,0.0,-0.0002580547748482347,0.24174729780722376,0.24174743553833483,2.060541426157844,5.208333333333333e-06,4d3b9473698e98a5d5ed98d5eff04ab9dd9191651b0e8b0aaa9b31bb7c1e812b,1,-0.802502045257473,-1.0638942769663902,0.0,ok
OR021@12_0,数据集/数据集/源域数据集/48kHz_DE_data/OR/Opposite/0021/OR021@12_0.mat,source,48k_DE,OR,48000,1796.0,130549,1.0,0.0,-2.351258622037421e-17,0.5936276560000826,0.5936276560000826,5.6768949002954185,7.659959095818428e-06,549709fd94857c3795dcc2e16a78e67584701e0653cf19e2c5ab1e4c57db2580,1,0.40263871575659094,0.3640006328505548,0.0,ok
OR021@12_1,数据集/数据集/源域数据集/48kHz_DE_data/OR/Opposite/0021/OR021@12_1.mat,source,48k_DE,OR,48000,1771.0,192000,1.0,0.0,-0.0009650066451804505,0.5425489897392484,0.5425498479447803,5.145881984632598,5.208333333333333e-06,0f139c6912d5adb1e146999eb89095e4c024e4437bc5540edad35c41a15dd36b,1,0.24528434400261745,0.21230642267610406,0.0,ok
OR021@12_2,数据集/数据集/源域数据集/48kHz_DE_data/OR/Opposite/0021/OR021@12_2.mat,source,48k_DE,OR,48000,1746.0,192000,1.0,0.0,0.0005199337528909759,0.47671582094292686,0.47671610447770285,5.1822476537251125,5.208333333333333e-06,67898c5a54bf7c23c6ace088d85793c7f12a63ca869998f05207336e6a5ac644,1,0.034603613712958954,0.2231056630976053,0.0,ok
OR021@12_3,数据集/数据集/源域数据集/48kHz_DE_data/OR/Opposite/0021/OR021@12_3.mat,source,48k_DE,OR,48000,1718.0,192000,1.0,0.0,-7.391115192767947e-05,0.41815415305066206,0.4181541595827727,4.103376315832484,5.208333333333333e-06,5fb9db332f06e4b51c563af76dfaec70c6a894c4d722f422f3ab03763e318d09,1,-0.16085482824645328,-0.1279450684796871,0.0,ok
OR007@3_0,数据集/数据集/源域数据集/48kHz_DE_data/OR/Orthogonal/0007/OR007@3_0.mat,source,48k_DE,OR,48000,1797.0,124602,1.0,0.0,1.5966996196917228e-17,0.39897198525458,0.39897198525458,1.9518746248745236,8.025553361904303e-06,ea15b933fae1ee6071fb6ce269464bb740a4cc04b401f7991c85b8cd7b9d73be,1,-0.22663682383909303,-1.1300690885835125,0.0,ok
OR007@3_1,数据集/数据集/源域数据集/48kHz_DE_data/OR/Orthogonal/0007/OR007@3_1.mat,source,48k_DE,OR,48000,1773.0,192000,1.0,0.0,-0.0005032378850960709,0.4557089160558584,0.45570919391775977,2.169287179066827,5.208333333333333e-06,90ea6ed6bdc70a06a717acc31ea0ae983d13c10d12b99d446ea645eb8653b1ce,1,-0.034603613712959225,-0.9999829430575871,0.0,ok
OR007@3_2,数据集/数据集/源域数据集/48kHz_DE_data/OR/Orthogonal/0007/OR007@3_2.mat,source,48k_DE,OR,48000,1750.0,192000,1.0,0.0,0.000503115074871242,0.44435541157797287,0.44435569640031425,2.050125052151794,5.208333333333333e-06,9d1b17441458a85d31721d0c8436d2283649d42c00d5179846d02da214e501b8,1,-0.07242461004464877,-1.0701348714889944,0.0,ok
OR007@3_3,数据集/数据集/源域数据集/48kHz_DE_data/OR/Orthogonal/0007/OR007@3_3.mat,source,48k_DE,OR,48000,1724.0,192000,1.0,0.0,8.777241011930248e-05,0.44444394374757,0.4444439524145752,2.1552474285255037,5.208333333333333e-06,b090bee4321d42c43533bd4db0a29200045089af5ce838c072eaa5aa8adc6a10,1,-0.07212946487445719,-1.008109921198337,0.0,ok
OR021@3_0,数据集/数据集/源域数据集/48kHz_DE_data/OR/Orthogonal/0021/OR021@3_0.mat,source,48k_DE,OR,48000,1796.0,128663,1.0,0.0,3.948594825773312e-18,0.4130805742400648,0.4130805742400648,3.255715248362,7.772242214156361e-06,b2ec2328b9e0ce13156314d0264c2d594b934f2be93cb345213097acacf7a334,1,-0.17816687236453935,-0.46043451212696745,0.0,ok
OR021@3_1,数据集/数据集/源域数据集/48kHz_DE_data/OR/Orthogonal/0021/OR021@3_1.mat,source,48k_DE,OR,48000,1770.0,192000,1.0,0.0,-0.0003409369251326626,0.7620064339842585,0.7620065102552556,5.821195998619577,5.208333333333333e-06,5ab9ec1aac4e3213613c7cc6a0277690ae2bf0bd2a52f4a98fea76cf0eb47fa7,1,0.8878005467012373,0.4031397832383672,0.0,ok
OR021@3_2,数据集/数据集/源域数据集/48kHz_DE_data/OR/Orthogonal/0021/OR021@3_2.mat,source,48k_DE,OR,48000,1746.0,192000,1.0,0.0,0.0003759355255226678,0.7154152886902228,0.7154153874632794,5.060689119391144,5.208333333333333e-06,2c6e51f0e60be6193684c630d9da4914600d1eab68acd8b0da6858bdd037fb09,1,0.7583569493691271,0.1867550549893859,0.0,ok
OR021@3_3,数据集/数据集/源域数据集/48kHz_DE_data/OR/Orthogonal/0021/OR021@3_3.mat,source,48k_DE,OR,48000,1719.0,192000,1.0,0.0,-0.00024112895381935768,0.67431226024338,0.6743123033563219,4.8690660919399305,5.208333333333333e-06,2cdfcf37495bbf746fdd8724b409b9898afb8a3d611b4a2373873737f342b871,1,0.6412076546731221,0.1279450684796871,0.0,ok
N_0,数据集/数据集/源域数据集/48kHz_Normal_data/N_0.mat,source,48k_normal,N,48000,1796.0,243938,1.0,0.0,-8.738401590897279e-20,0.0726870986839877,0.0726870986839877,0.29919574966148393,4.099402307143619e-06,534f49fb20ac60765b24354fefb19b2cf366c0f4685433c456697bdcfcbee18f,1,4.780138005342924,-1.2997315574614257,0.0,ok
N_1_(1772rpm),数据集/数据集/源域数据集/48kHz_Normal_data/N_1_(1772rpm).mat,source,48k_normal,N,48000,1772.0,384000,1.0,0.0,-0.00018027381884835487,0.06525039273722678,0.06525064176705161,0.32048041014577144,2.6041666666666666e-06,211ecbedcc9f285cc3e2887cfdab41b0b3283d9235183d825bf1971d469d17b7,1,0.1660871496697584,0.04924996149176478,0.0,ok
N_2_(1750rpm),数据集/数据集/源域数据集/48kHz_Normal_data/N_2_(1750rpm).mat,source,48k_normal,N,48000,1750.0,384000,1.0,0.0,-8.675588695550858e-05,0.06308618667878708,0.06308624633194383,0.34697509112265984,2.6041666666666666e-06,86b13cbabafb09bed141dbb95e6d3a259797e0073682d7b6be68129eb15e927c,1,-1.1828943692834228,1.6983732232060451,0.0,ok
N_3,数据集/数据集/源域数据集/48kHz_Normal_data/N_3.mat,source,48k_normal,N,48000,1725.0,384000,1.0,0.0,-0.0003880470835127681,0.06471610730161997,0.06471727068421392,0.3189145142229359,2.6041666666666666e-06,8a461359976b7c548a2d8dedf001716d027b4c7fb2d560b70121fffaba74a72c,1,-0.16608714966976762,-0.04924996149176478,0.0,ok
A,数据集/数据集/目标域数据集/A.mat,target,target_32k,,32000,600.0,256000,1.0,0.0,0.0002967651999559102,3.4342837582174717,3.4342837710395897,16.01107032136012,3.90625e-06,d3f207c865c3a388c5a3a173266b8e18dfd31c583494f93c5ca8828fe68875f9,1,-0.8130924178087532,-0.5410863266823965,0.0,ok
B,数据集/数据集/目标域数据集/B.mat,target,target_32k,,32000,600.0,256000,1.0,0.0,0.00032952429015330377,1.468095159264754,1.4680951962467763,13.436784593724255,3.90625e-06,0e39ae268dc8ac24996d321e5c758486979291a3de84ad879856407511f94e2b,1,-1.4100915698749834,-0.6296943098633616,0.0,ok
C,数据集/数据集/目标域数据集/C.mat,target,target_32k,,32000,600.0,256000,1.0,0.0,-0.0036744042409393883,31.52284544583319,31.52284565998338,349.50128995367083,3.90625e-06,b39bf64af90116968b361f118fb5f673538914d1f8a3e2853035b70e5c1e5567,1,1.2171638343420088,1.0927231877897712,0.0,ok
D,数据集/数据集/目标域数据集/D.mat,target,target_32k,,32000,600.0,256000,1.0,0.0,-0.0017758880720991836,8.286112019435183,8.286112209740264,37.8458216274123,3.90625e-06,bfe90d19a07f1cacc763001ace583afa5e7e97467001c2b987471778be84b70b,1,-0.0599611717242429,-0.09517800717041779,0.0,ok
E,数据集/数据集/目标域数据集/E.mat,target,target_32k,,32000,600.0,256000,1.0,0.0,-0.011236112952930805,15.665014883485698,15.665018913172837,179.9677218986726,3.90625e-06,fb2c880375c77ee07bb6e4e661471407bf52e7612116c7df735893cf526e0861,1,0.5358891011444372,0.7357498813344854,0.0,ok
F,数据集/数据集/目标域数据集/F.mat,target,target_32k,,32000,600.0,256000,1.0,0.0,0.007290896963408494,5.77618397554991,5.7761885769578285,26.654893634368676,3.90625e-06,53cbd76630d2641e2763ab752f8c424668bc5e31ce9f3be0006e13e6993b99fa,1,-0.38102498898487136,-0.2786732655565606,0.0,ok
G,数据集/数据集/目标域数据集/G.mat,target,target_32k,,32000,600.0,256000,1.0,0.0,0.0013029888115971347,1.604024242716441,1.6040247719414733,10.563148137576647,3.90625e-06,d62810974788f72e9f5ebd4bb76cf1d235331f2aa97bb4bc6215f7474fa00cf6,1,-1.3554662168264857,-0.7495535968643963,0.0,ok
H,数据集/数据集/目标域数据集/H.mat,target,target_32k,,32000,600.0,256000,1.0,0.0,0.001822049909939655,10.848931846206288,10.848931999210562,69.89483931400075,3.90625e-06,6fddeb1d4ac49719279ba6774d016296cbc2bf3b543140779c7a8c05082e55fd,1,0.18836528859188845,0.22969229004932873,0.0,ok
I,数据集/数据集/目标域数据集/I.mat,target,target_32k,,32000,600.0,256000,1.0,0.0,-0.019944719107369033,29.66483316415047,29.664839868920613,299.755418628683,3.90625e-06,ea46bc1507c001aba905d5a83227695accb8643de155660465b44f48ca4a4996,1,1.157225366220706,1.010065002156401,0.0,ok
J,数据集/数据集/目标域数据集/J.mat,target,target_32k,,32000,600.0,256000,1.0,0.0,0.007104060348336486,30.096130981590758,30.096131820031964,432.438309436089,3.90625e-06,eb94e52f46b17a2ebc76219df90b5c2eda291b1701c7cdc1c3a6f2afe0ced4ad,1,1.171456192014965,1.2074139086381508,0.0,ok
K,数据集/数据集/目标域数据集/K.mat,target,target_32k,,32000,600.0,256000,1.0,0.0,-0.00450567506578429,10.298818395878097,10.298819381481788,64.05570496516499,3.90625e-06,16de64be37e233675651e0a25ceddb5c7be36fb008e3cec44adefcbe3f57cda8,1,0.139926821801088,0.18327614859666602,0.0,ok
L,数据集/数据集/目标域数据集/L.mat,target,target_32k,,32000,600.0,256000,1.0,0.0,-0.00012226525398076248,1.8350544091121281,1.835054413185248,10.299729282085003,3.90625e-06,e9799788353ae96fbe6d8d97c8f4ca17ed979d86f6ca4412d386c18b559cc612,1,-1.2688559212531636,-0.7619978672816035,0.0,ok
M,数据集/数据集/目标域数据集/M.mat,target,target_32k,,32000,600.0,256000,1.0,0.0,-0.0013473962639145177,9.982526858726617,9.98252694965934,54.262974120250874,3.90625e-06,cbe1887f880ff31eb381742739a4a898bf7dfbf973a09a566242b03e695655fa,1,0.11099722674627566,0.09517800717041802,0.0,ok
N,数据集/数据集/目标域数据集/N.mat,target,target_32k,,32000,600.0,256000,1.0,0.0,-0.0006263496720755486,9.266464912988617,9.266464934157096,174.53404100897544,3.90625e-06,d960a85ab19b955e22971331cbec1857933627c879a5b58191ad7b53673262ab,1,0.042299464440610904,0.7192872090898288,0.0,ok
O,数据集/数据集/目标域数据集/O.mat,target,target_32k,,32000,600.0,256000,1.0,0.0,0.0025634125808712146,1.4620268849979468,1.4620291322476646,10.340078957650373,3.90625e-06,3e68971606d0d7fece3824dea0385c71db2fb3cfaaf3e9025841c606e891c96e,1,-1.412598920936578,-0.7600729945791418,0.0,ok
P,数据集/数据集/目标域数据集/P.mat,target,target_32k,,32000,600.0,256000,1.0,0.0,0.004416910751424512,8.4484789824705,8.4484801370629,36.92925792520026,3.90625e-06,fcb0cb8055d7e5e7fd64ca030bd5b18e84c3e3bf6066f80c640c9a144b05ad35,1,-0.04229946444061045,-0.10807229212222887,0.0,ok
